####
#
# OBJ File Generated by Meshlab
#
####
# Object bunny.obj
#
# Vertices: 2503
# Faces: 4968
#
####
vn -0.0917145 0.9771409 0.1917918
v -0.1023054 3.9095869 0.6526310
vn -0.3696671 0.8617058 0.3475763
v -2.4515748 4.5750437 0.8896827
vn 0.1765398 0.9618460 -0.2090119
v -0.9163044 3.7433655 0.0329502
vn -0.2596322 0.5699247 0.7796006
v -0.7470477 3.3633416 1.1268072
vn -0.6057872 -0.0605544 -0.7933190
v -0.5521704 5.3529167 -0.7265874
vn 0.2463519 0.7170603 0.6520239
v 0.5720382 3.6434774 0.9590532
vn 0.0686852 0.7470096 0.6612557
v 0.1812360 3.7483077 0.9795867
vn 0.8364334 -0.1422397 0.5292891
v -0.4040709 4.8898067 -0.3600006
vn 0.5100378 0.1427328 0.8482268
v -1.0317972 5.1710067 -0.0294639
vn -0.8613253 -0.0988994 -0.4983349
v -2.5294249 3.2871788 0.1112919
vn -0.5833701 0.8104487 0.0534063
v -1.2670063 5.1634722 -0.1253994
vn 0.8547369 0.4292966 0.2917694
v -1.8992517 4.6981845 -0.4151637
vn -0.7370321 0.6030045 0.3052367
v -2.3071184 5.0124097 -0.8079408
vn 0.0463933 -0.5776820 0.8149424
v -2.1676176 3.4618649 1.5501090
vn 0.1307967 0.3971941 0.9083662
v 0.3894399 3.4099123 1.1490885
vn 0.2816130 0.4839964 0.8285177
v -1.1357183 5.1030307 0.0427080
vn 0.1787794 -0.0155917 0.9837657
v 0.1460682 1.1388711 1.3760289
vn -0.2408821 0.3463193 0.9066636
v -1.7154166 1.2275649 1.3890401
vn 0.3076027 0.1695112 0.9362941
v -1.3562721 1.1651731 1.3351132
vn 0.3463027 0.9246876 -0.1582008
v -1.0128447 3.7853627 0.0513969
vn 0.1907059 0.5189412 0.8332655
v -1.5072682 4.7321239 0.2818335
vn 0.6065770 -0.4688314 0.6420759
v -0.6365085 4.7663817 -0.1407711
vn -0.3807675 0.8252177 0.4171714
v -1.6941885 4.7335219 0.2453595
vn 0.1323096 0.3335100 0.9334159
v -1.5840617 1.2395958 1.3850939
vn 0.2535228 0.4778135 0.8410829
v -1.4988103 1.2930585 1.3338795
vn -0.4777011 -0.4735536 0.7399654
v -0.8924626 1.0961958 1.5747993
vn 0.2632091 0.2018400 0.9433884
v -0.1063167 1.2797931 1.4262459
vn 0.1702469 0.0163202 0.9852663
v 0.1479147 1.2594798 1.3717017
vn -0.5848597 0.2398776 -0.7748535
v -1.1726453 5.0616059 -0.3577404
vn -0.2072984 0.7159664 0.6666480
v -1.7070301 1.3631101 1.2971088
vn 0.2641143 0.3189571 0.9102252
v -1.2373464 1.2929667 1.2638868
vn -0.3738432 0.5249736 0.7646201
v -0.7941594 1.3510360 1.5365838
vn 0.1034260 0.3476928 0.9318867
v -0.6560091 1.3206879 1.5973140
vn 0.6232556 0.0356995 0.7812030
v -1.1098875 5.0697904 0.0397689
vn 0.5890749 0.7106764 0.3846165
v -2.0164976 4.8514023 -0.4120113
vn -0.0445863 0.7919545 0.6089501
v 1.4928018 2.1070566 0.7119606
vn 0.0898675 0.7279503 0.6797149
v -1.4755992 1.3923370 1.2351011
vn 0.1910120 0.4753650 0.8588030
v -1.3377115 1.3139397 1.2805638
vn 0.0028171 0.4402088 0.8978910
v -1.3105941 1.4146351 1.2085893
vn -0.0240886 0.6196856 0.7844804
v -0.6747585 1.3954086 1.5565593
vn 0.2124905 0.2323181 0.9491449
v -0.1955226 1.3510860 1.4250834
vn 0.0573186 -0.4457248 0.8933331
v 0.0113097 1.3480737 1.3955979
vn 0.7744558 0.5656180 0.2833629
v 1.0207175 3.4061637 0.7378584
vn 0.3189195 0.4791140 0.8177653
v -0.7940370 5.4312754 -0.2424351
vn 0.1573015 0.7101830 0.6862189
v -0.5260041 1.4389274 1.4648889
vn -0.0062868 -0.3591782 0.9332478
v -0.2100378 1.3924956 1.4245663
vn 0.1407004 -0.7071338 0.6929395
v 0.1795869 1.4006742 1.4722086
vn 0.3982651 -0.5745302 0.7150525
v 0.2730216 1.4542347 1.4805957
vn -0.0119674 0.5672213 0.8234785
v -1.0636110 3.3734305 1.0516623
vn 0.0355740 0.5161597 0.8557533
v -2.2794960 4.1462402 1.4764974
vn 0.0844745 -0.5735945 0.8147721
v 1.0451533 1.2946023 0.8686293
vn -0.0601522 0.9024232 0.4266310
v -1.5796665 1.4548266 1.1619357
vn -0.1747297 0.5996572 0.7809486
v -1.4213681 1.4537001 1.1738037
vn -0.0283253 0.3047476 0.9520119
v -1.1680125 1.3909281 1.2109433
vn -0.3157526 0.7333546 0.6020726
v -0.7940682 1.4344928 1.4796777
vn 0.0120912 0.8175916 0.5756716
v -0.6709737 1.4422095 1.5037950
vn -0.0172502 0.0619000 0.9979333
v -0.4012029 1.4367723 1.4365155
vn -0.2635230 -0.5269529 0.8080077
v -0.3658047 1.4841090 1.4845347
vn -0.0701932 -0.7389547 0.6700888
v -0.0190092 1.4157919 1.4741070
vn 0.0708730 -0.5609441 0.8248144
v 0.0619704 1.5031404 1.5687066
vn -0.1592166 0.8466381 0.5077933
v -0.6824781 1.4965163 1.3981656
vn -0.2615165 0.2153161 0.9408762
v -0.5400624 1.4975355 1.4084392
vn -0.1864361 -0.5664163 0.8027542
v -0.2341104 1.5050794 1.5296595
vn -0.1278896 -0.5240906 0.8420055
v -0.0805314 1.5374227 1.5956037
vn 0.8000460 0.5377564 0.2659783
v -1.9162695 4.8420281 -0.6019263
vn 0.3159668 -0.4757234 0.8208851
v 0.9730201 1.3600191 0.9095028
vn -0.8629801 0.0433816 -0.5033720
v -2.6419373 3.7490292 0.0172236
vn 0.1116380 0.4645590 0.8784771
v -1.2451112 5.0245533 0.0982977
vn 0.8440437 0.4992506 0.1958038
v -1.9337102 4.6028671 -0.1535412
vn 0.0395159 0.4120783 0.9102911
v -1.0290956 1.5156045 1.1485806
vn -0.3672796 0.7714783 0.5195450
v -0.6884820 1.5306195 1.3177935
vn -0.2906782 -0.3598835 0.8865608
v -0.4306413 1.6328460 1.5213093
vn 0.3281200 -0.2348979 0.9149647
v 0.0413193 1.5690813 1.5944704
vn 0.0525364 -0.1722690 0.9836480
v 0.1088550 1.5959592 1.6026814
vn 0.3218508 -0.4024636 0.8569919
v 0.2421714 1.5472243 1.5532068
vn 0.3440156 0.2620046 0.9016689
v -2.1799767 3.9016745 1.5500460
vn -0.1528057 -0.0559819 0.9866694
v 1.1397834 1.4937960 0.9570606
vn -0.0258117 -0.3012266 0.9532032
v 1.1549178 1.4418720 0.9521235
vn 0.4707279 0.8617218 0.1893435
v 0.6451053 3.7691965 0.6375785
vn -0.9480341 -0.1909682 -0.2544847
v -2.2944398 4.4482236 -0.2681286
vn -0.7285352 -0.2410183 -0.6412072
v -2.6172123 3.5901637 -0.0053439
vn -0.2407205 0.7268409 0.6432387
v -1.3115988 5.0468211 0.0702750
vn -0.1040708 0.8018389 0.5884077
v -1.2195660 3.6799519 0.7887090
vn -0.6283149 0.0610367 0.7755611
v -1.4005854 1.6371216 1.1276212
vn -0.2152205 0.1419418 0.9661949
v -1.3221525 1.5317476 1.1693343
vn 0.1016991 0.1386295 0.9851087
v -1.1443233 1.5179881 1.1790648
vn -0.5179412 0.1610102 0.8401266
v -0.5962731 1.5482312 1.3842601
vn -0.4976830 -0.3595227 0.7893385
v -0.5073375 1.5553066 1.4537797
vn -0.3898593 -0.3983262 0.8302687
v -0.4874757 1.6287633 1.5092082
vn -0.2718610 -0.3627198 0.8913618
v -0.3133962 1.6105791 1.5587583
vn -0.2372660 -0.1868223 0.9533112
v -0.1292727 1.6340250 1.6172476
vn 0.2442868 -0.1572680 0.9568651
v 0.2344581 1.6515204 1.5825075
vn 0.7914514 0.4969845 -0.3558246
v 1.1386527 3.1466129 -0.0960954
vn -0.1520163 0.0468318 0.9872679
v -2.3701136 3.8551650 1.5944802
vn -0.2754896 0.4428719 0.8532116
v -2.3933697 4.0346680 1.5297087
vn 0.6344809 0.3388118 0.6947234
v -1.7738910 4.5119138 1.0346862
vn 0.2795787 0.6065104 0.7442990
v -1.9707538 4.4885454 1.1448294
vn 0.3755782 0.8581222 0.3500963
v -0.9585497 3.7555182 0.5820174
vn 0.3044120 0.7546439 0.5812452
v -2.0811777 4.8185325 -0.2757150
vn 0.8649270 0.3890963 0.3170260
v -1.3567650 3.8806379 0.6113256
vn -0.1361602 -0.1176220 0.9836796
v -1.2563733 1.6849318 1.1939009
vn 0.1247731 0.0855435 0.9884908
v -0.9184452 1.6323795 1.1008286
vn -0.6179726 0.4713951 0.6292031
v -0.7436280 1.5781866 1.2251928
vn -0.7783622 -0.1276542 0.6147005
v -0.6476658 1.7051077 1.3640113
vn 0.0954408 -0.2064594 0.9737893
v -0.0072792 1.6360805 1.6392360
vn -0.3865203 -0.3093632 0.8688478
v -2.4270153 3.7676141 1.5646611
vn 0.2977145 0.5456482 0.7833481
v -0.8998863 5.3433414 -0.1570746
vn 0.1382904 -0.2018523 0.9696038
v 1.0654618 1.5134871 0.9431949
vn 0.1136337 -0.1093640 0.9874852
v 1.2994665 1.5643665 0.9747633
vn 0.1318838 0.8229423 0.5526054
v -1.9181563 4.5788097 1.0344322
vn -0.4943736 -0.1179341 0.8612121
v -1.3346832 1.8323313 1.1863596
vn 0.1430715 -0.1878243 0.9717266
v -1.1693970 1.7398881 1.2045417
vn -0.9379808 -0.2718193 -0.2151890
v -2.3726318 5.1133461 -1.2411951
vn -0.0807591 -0.2753676 0.9579409
v -0.1387419 1.7327895 1.6197213
vn -0.1746853 0.0512003 0.9832922
v -0.0449565 1.6777644 1.6389240
vn 0.2079045 -0.2566584 0.9438762
v 0.1559451 1.7105397 1.6027060
vn 0.0316040 0.7026748 0.7108090
v 0.0009276 3.6947236 1.0424898
vn 0.7603208 0.6221885 0.1865310
v 1.0070490 3.4571149 0.6539523
vn 0.2809876 0.0275193 0.9593168
v 1.1605891 1.6935177 0.9356679
vn 0.3317323 -0.0587630 0.9415416
v -1.0315734 1.6228800 1.1418086
vn -0.1484051 -0.2863823 0.9465522
v -0.2559249 1.8047825 1.6592685
vn -0.0178008 -0.2772883 0.9606219
v -0.0132072 1.7503023 1.6345023
vn -0.7981113 -0.5618095 0.2176888
v -2.7323618 3.4518111 1.2042543
vn -0.1462358 0.1649220 0.9754055
v 1.2232645 1.6367247 0.9604422
vn 0.0830449 0.2130879 0.9734974
v 1.3691064 1.7220786 0.9597666
vn 0.3895290 0.8412699 0.3748762
v 0.6107655 3.7346239 0.7771902
vn -0.2191357 0.9373567 -0.2708173
v -0.4250910 3.8303676 0.0392415
vn -0.3699021 -0.3424383 0.8636599
v -0.3596277 1.7247963 1.5825726
vn 0.1155503 -0.4343139 0.8933194
v 0.0975435 1.7948592 1.6639290
vn -0.2602029 0.7538899 0.6032782
v -0.3718572 3.6794178 1.0076483
vn 0.3231350 0.6923342 0.6451800
v 0.4144134 3.6966565 0.9750777
vn -0.1796413 0.9699677 0.1639869
v -2.3101294 4.6563840 0.7360431
vn -0.3487253 -0.1571733 0.9239520
v -0.8400408 1.8322625 1.1241362
vn -0.0830540 -0.3795220 0.9214473
v -0.0256440 1.8178055 1.6747442
vn 0.0731008 0.5789300 0.8120938
v -1.1415061 3.4581203 0.9953563
vn -0.3196674 0.8179051 0.4783765
v -0.4869402 3.7148826 0.8873097
vn 0.5575653 -0.4475791 0.6991380
v -0.7612065 4.7520037 -0.0444039
vn -0.0000641 0.9517187 0.3069717
v -2.0345576 4.6363058 0.9070116
vn -0.0544088 -0.2747726 0.9599686
v -0.1292478 1.8425571 1.6706547
vn -0.0240227 0.5785363 0.8153028
v -0.0958767 3.5737555 1.1504874
vn -0.1028115 0.6798178 0.7261388
v -0.1928772 3.6603270 1.0722266
vn -0.1146527 0.3703795 0.9217775
v 1.2693888 1.7729745 0.9254526
vn 0.1273192 0.3512879 0.9275703
v 1.4553003 1.8534228 0.9104175
vn 0.2545757 0.0661118 0.9647903
v 1.5123687 1.8093783 0.9073518
vn 0.0428405 -0.1694658 0.9846045
v -1.1755677 1.8922359 1.2414867
vn 0.3377215 -0.1971089 0.9203762
v -1.0334598 1.8234149 1.1863197
vn -0.2794067 -0.1492247 0.9485061
v -0.4423809 1.9675173 1.6119258
vn 0.1108970 -0.1346228 0.9846718
v 0.0799356 1.8810003 1.6957563
vn -0.2556543 0.6323536 0.7312796
v -0.4197483 3.5887723 1.0875462
vn 0.2802407 0.4758741 0.8336720
v 0.5897751 3.3708658 1.1263582
vn 0.3381832 0.4019997 0.8508986
v -0.9779149 5.2496176 -0.0778593
vn 0.0310525 0.8752971 0.4825875
v -0.0645417 2.9831214 1.4954925
vn -0.2855745 -0.8556835 0.4315703
v -1.6800418 1.8549201 0.8379345
vn -0.2310388 -0.8278259 0.5112000
v -1.6412177 1.9038472 0.9501176
vn -0.8883522 -0.1797071 0.4225351
v -1.5392382 1.8156497 0.9430479
vn -0.1235887 -0.1616695 0.9790756
v -1.2593796 2.0888994 1.2547479
vn 0.2505338 -0.1912128 0.9490367
v -0.9081747 1.8742398 1.1394666
vn -0.2744885 -0.0265184 0.9612247
v -0.3416358 1.9422739 1.6475400
vn 0.2903257 -0.0372668 0.9562020
v 0.2086347 1.9410038 1.6679745
vn 0.9183145 0.2956440 -0.2632361
v 1.2904527 2.9307289 0.0307749
vn 0.5565302 0.1426879 0.8184829
v 1.2190770 1.8472458 0.8952375
vn -0.1389692 0.4956979 0.8573046
v 1.3855067 1.8573034 0.9067020
vn 0.8199875 0.4276727 0.3804165
v 1.1265888 3.2055874 0.7891041
vn -0.9951895 0.0572463 0.0795038
v -2.3592219 4.9161711 -0.8516337
vn 0.8764794 0.3001735 -0.3764037
v -1.8598872 4.4284449 -0.1297704
vn -0.1307367 -0.0991449 0.9864473
v -0.1724994 1.9646693 1.6852018
vn 0.0292030 -0.0034940 0.9995674
v 0.0076107 1.9722350 1.6970778
vn -0.3187604 0.7127571 0.6247953
v -0.6162765 3.5938554 0.9901101
vn 0.0383715 0.8530386 0.5204352
v 0.1294677 3.8347681 0.8594064
vn -0.4373758 -0.3174684 0.8413776
v -1.3964875 2.0295639 1.1890737
vn -0.4126953 -0.2739789 0.8686876
v -0.5226174 2.0897846 1.6226859
vn -0.0368215 -0.2503079 0.9674658
v -0.4572657 2.1272972 1.6501437
vn -0.2781653 -0.1878473 0.9419859
v -0.3084867 2.0677907 1.6586883
vn 0.1230489 -0.1568917 0.9799204
v -0.0033867 2.0786459 1.6973938
vn -0.0004667 0.6549687 0.7556559
v -1.0892799 3.5630829 0.9202206
vn -0.5488766 -0.7867891 0.2823073
v -2.1097739 1.9010330 0.5942754
vn 0.1202058 0.4320835 0.8937865
v 1.2906929 1.9138744 0.8411763
vn 0.8981128 0.0727628 0.4337039
v 1.2849333 2.5666811 0.8362128
vn 0.3990672 0.8766257 0.2688363
v 0.5094480 3.8145008 0.6879447
vn 0.1711123 0.9685904 -0.1804252
v -1.2636447 3.8475313 0.0322545
vn 0.3146007 0.7036538 0.6371012
v 0.4898769 3.6755686 0.9412617
vn -0.3089111 0.9248385 0.2219186
v -2.4379249 4.6143517 0.7769349
vn -0.5752748 0.2762563 -0.7698970
v -0.9677361 2.6457779 -0.7539288
vn -0.0757629 -0.2551739 0.9639223
v -0.4132485 2.1266387 1.6408689
vn 0.1779017 -0.0399039 0.9832389
v 0.1587888 2.0401809 1.6701146
vn 0.2193312 -0.0758267 0.9726995
v 0.2308875 2.1712680 1.6818645
vn 0.0876552 0.6047897 0.7915466
v 0.1044918 3.6007905 1.1073585
vn 0.1909367 0.4748718 0.8590925
v 0.1995975 3.5020690 1.1614902
vn -0.0659119 0.6285446 0.7749757
v 1.3825971 1.9942179 0.8042697
vn 0.3045722 0.3999674 0.8644431
v 1.5698187 1.9298121 0.8484567
vn 0.1072368 0.2032252 -0.9732419
v -1.8569289 3.6891193 -0.2631765
vn 0.0461304 0.2115311 -0.9762821
v -0.1918041 3.1573415 -0.6852570
vn 0.2801585 -0.1138673 0.9531765
v -1.0565498 2.0567949 1.2414441
vn 0.3592320 -0.1625647 0.9189805
v -0.9806964 2.0318916 1.2037317
vn -0.0978626 -0.2413009 0.9655034
v -0.8773632 2.0865457 1.1810703
vn -0.0883480 -0.3231149 0.9422268
v -0.1500735 2.0896502 1.7067753
vn 0.2373414 0.5439518 0.8048512
v 0.4972188 3.5670459 1.0512691
vn -0.9807743 0.1333390 0.1424870
v -2.6815529 2.9707212 0.5256549
vn 0.2993422 0.7143651 0.6325163
v 1.3715769 2.0846820 0.7064802
vn 0.3354432 0.6463303 0.6853722
v 1.6361163 2.0639014 0.7355307
vn -0.1943145 -0.2731938 0.9421290
v -1.3496835 2.1473200 1.2578775
vn -0.1114121 0.9217578 0.3714160
v -0.1273182 3.8744707 0.7748769
vn -0.1436175 -0.0948627 0.9850762
v -2.2164028 3.6274915 1.6018740
vn 0.0468831 0.6360578 0.7702159
v -2.2210162 4.3220682 1.3498491
vn 0.0514180 0.6349837 0.7708125
v 1.5120003 2.0187745 0.8055441
vn -0.6171983 0.1716817 -0.7678487
v -1.6217067 4.7014804 -0.0745977
vn 0.5680834 0.7122278 0.4123260
v 0.7844433 3.6044176 0.8192403
vn -0.2036852 0.9783403 -0.0369134
v -0.3220947 3.8970857 0.3298137
vn -0.0116915 -0.1413886 -0.9898852
v -1.3523653 2.6178341 -0.6559656
vn 0.0585491 -0.0658885 0.9961078
v -1.1502270 2.0653131 1.2553941
vn -0.4811823 -0.3082792 0.8206263
v -0.8776674 2.2550764 1.2355928
vn 0.0076056 0.5406454 0.8412162
v -1.4193363 4.8888111 0.1822209
vn -0.3071662 -0.2739846 0.9113624
v -0.3559809 2.1955125 1.6875015
vn -0.1817277 -0.2821490 0.9420016
v -0.1912038 2.1655302 1.7391894
vn 0.0757651 -0.2810465 0.9566988
v -0.0898059 2.1655931 1.7450156
vn -0.5027947 0.7602759 -0.4113126
v -0.7734318 2.8133454 -0.8516466
vn -0.2701874 0.5571896 0.7851997
v -0.5007768 3.4705658 1.1355946
vn -0.8954692 -0.0705240 0.4395012
v -2.5237024 3.2496150 0.7419294
vn -0.4550072 0.7845518 0.4212445
v -2.2288225 4.9070549 -0.4660266
vn -0.9867119 0.1509931 -0.0600076
v -2.8289144 3.7853234 0.5767395
vn 0.1878717 0.9001987 0.3928696
v -1.0562127 3.7515655 0.6490707
vn 0.1277692 -0.6132767 0.7794657
v -1.4848782 2.2030902 1.2502072
vn 0.1469525 -0.1426488 0.9788035
v -0.9919248 2.2996452 1.2383370
vn -0.2419801 -0.0820368 0.9668069
v -0.2194719 2.2175877 1.7391506
vn 0.2853670 -0.1543254 0.9459119
v 0.0006555 2.2048812 1.7308996
vn 0.1564136 -0.0832770 0.9841747
v 0.1258032 2.1874549 1.6889619
vn -0.2320880 0.6900952 0.6854954
v -2.3176825 4.3697562 1.2936878
vn 0.8564441 0.1379112 -0.4974777
v 1.2321978 2.6617296 -0.2936382
vn 0.8099995 0.5064676 -0.2956205
v 1.1225612 3.2552466 0.0101919
vn -0.0585242 -0.4880623 0.8708445
v -1.6533413 2.2406352 1.2581922
vn -0.1030099 -0.0308770 0.9942010
v -1.2822069 2.3098602 1.2841225
vn 0.0052419 0.9984918 0.0546497
v -2.0559359 4.6890135 0.6299313
vn -0.1994748 -0.1131995 0.9733425
v -0.2983206 2.2902930 1.7216568
vn 0.0247663 0.0261993 0.9993499
v -0.0974376 2.2713208 1.7614392
vn 0.3749553 0.4641968 0.8024525
v 0.4024314 2.7922122 1.5440325
vn -0.4617735 0.1429719 -0.8753995
v -2.2051332 2.8165002 -0.4425516
vn 0.2492108 0.3886606 0.8870384
v -2.2341549 4.0522428 1.5206670
vn -0.2232535 0.8774782 0.4244878
v -0.7755393 3.6548843 0.7823901
vn -0.2227476 0.7960511 0.5627488
v -1.0206882 5.2791228 -0.1118148
vn -0.5148632 0.7821710 0.3508910
v -2.2621756 5.0517216 -0.8037894
vn 0.1706774 -0.1202813 0.9779579
v -1.0997523 2.2526190 1.2602081
vn -0.2434018 -0.2532474 0.9362806
v -0.5338644 2.3245857 1.6826172
vn -0.1426732 -0.0478762 0.9886113
v -0.3413598 2.3963146 1.7309663
vn 0.2960403 0.0485057 0.9539431
v -0.0031245 2.3064585 1.7457222
vn 0.2425341 -0.0002238 0.9701428
v 0.0821442 2.3731704 1.7015758
vn 0.1613038 0.0215626 0.9866692
v 0.1670436 2.2919142 1.6898166
vn 0.9984089 -0.0350540 0.0441688
v -1.8568758 4.6272740 -0.5705580
vn 0.2346483 0.5187330 0.8221048
v -2.1794088 4.2296829 1.4092993
vn 0.3792502 0.9252002 0.0131937
v 0.4739922 3.8704250 0.3971061
vn -0.1838028 0.8207974 0.5408403
v -0.3511026 2.9206717 1.5477624
vn -0.1744164 -0.3311526 0.9273170
v -1.7676648 2.3263645 1.2888417
vn -0.0123274 -0.3407083 0.9400882
v -1.5936396 2.3373728 1.3000476
vn -0.0181930 -0.3438526 0.9388474
v -1.5223722 2.2844520 1.2941289
vn 0.0952894 -0.2586356 0.9612635
v -1.4220545 2.2665102 1.2789042
vn 0.1363504 -0.1116405 0.9843500
v -1.3516686 2.3638885 1.2702394
vn 0.0071660 -0.1013695 0.9948230
v -1.1855295 2.3438334 1.2875586
vn 0.0236293 -0.0256551 0.9993916
v -0.4573671 2.4882231 1.7080377
vn -0.1914460 -0.1853978 0.9638340
v -0.4367337 2.2974648 1.6947975
vn -0.0420037 0.0919270 0.9948795
v -0.1782180 2.3711472 1.7390950
vn 0.8361068 0.5368558 0.1127442
v 1.1152961 3.3193212 0.5643399
vn -0.0374584 0.9992770 -0.0065080
v 0.0717891 3.9488139 0.3586530
vn -0.9491701 -0.3143991 0.0151460
v -2.8093262 3.5368133 0.5598624
vn -0.2826532 -0.3768300 0.8821034
v -1.9181943 2.3586547 1.2625057
vn 0.2741093 -0.1890309 0.9429376
v -1.3612938 2.4715066 1.2984636
vn 0.2017449 -0.1287680 0.9709366
v -1.0951638 2.4345679 1.2948695
vn 0.1676880 -0.1580309 0.9730915
v -0.9973302 2.4679978 1.2555654
vn -0.4811982 -0.1937182 0.8549396
v -0.9240195 2.4020524 1.2539421
vn 0.0674072 0.1011874 0.9925812
v -0.0617355 2.4299486 1.7266152
vn 0.3233697 -0.0046473 0.9462613
v 0.2455443 2.4226851 1.6612353
vn -0.1943082 0.5058672 0.8404419
v -0.3886011 3.4780741 1.1676069
vn -0.3518369 -0.2379958 0.9053004
v -2.3424442 3.7055819 1.5641097
vn 0.4494334 -0.8630601 0.2305145
v -0.7974279 4.6703086 -0.1258902
vn -0.5486428 -0.3638124 -0.7527494
v -2.4741480 3.4872389 -0.0697089
vn -0.8671880 -0.2137700 0.4497635
v -0.8261544 2.3989434 1.4309163
vn 0.0779442 0.0287776 0.9965423
v 0.0376692 2.5153670 1.7233932
vn 0.2773749 -0.0797077 0.9574497
v 0.1845249 2.5021873 1.6939050
vn -0.0592522 -0.2429859 0.9682185
v -1.8729972 2.5210581 1.3260937
vn -0.1847448 -0.2166422 0.9586112
v -1.7960151 2.4162152 1.2983127
vn -0.1235716 -0.1467557 0.9814239
v -1.6571501 2.4599836 1.3495431
vn 0.0442480 -0.3079140 0.9503847
v -1.6200120 2.4170523 1.3380438
vn 0.1425365 -0.2267680 0.9634624
v -1.5008106 2.4393399 1.3279253
vn -0.0789651 -0.0423229 0.9959786
v -1.2598836 2.4325101 1.2736845
vn -0.1588949 -0.0396883 0.9864975
v -1.1807382 2.5089414 1.3050705
vn -0.9747486 -0.1079809 0.1954618
v -2.5848444 3.2515783 0.5473476
vn -0.9127780 0.2046788 -0.3534728
v -2.6016903 2.9975173 0.1066113
vn -0.5457450 0.0423342 0.8368813
v -0.6724110 2.4985056 1.6677210
vn 0.0923367 -0.1032903 0.9903560
v -0.5097954 2.4766748 1.7257164
vn -0.0705558 0.0931858 0.9931456
v -0.3721803 2.5566771 1.7180334
vn -0.1048293 0.5184560 0.8486544
v -0.2233263 3.5080252 1.1785154
vn 0.0183846 0.3415139 0.9396969
v -0.0643560 3.3429861 1.2730986
vn -0.0588515 0.0230694 0.9980001
v -2.2715466 3.7568204 1.5926199
vn 0.0511333 0.2951939 0.9540681
v -2.3116999 3.9580407 1.5738728
vn 0.1617522 0.9810008 0.1071153
v -1.8336312 4.6708980 0.6755115
vn 0.1774531 0.9613389 0.2105659
v -1.1261562 3.8232381 0.4596261
vn 0.0076915 0.9437047 0.3306996
v -0.0615501 3.0280406 1.3687776
vn -0.2424785 -0.2227262 0.9442443
v -1.9497646 2.5365272 1.3236017
vn -0.1508009 -0.1140347 0.9819650
v -1.7358586 2.5183308 1.3255808
vn 0.3671469 -0.1313240 0.9208459
v -1.3704325 2.5496404 1.3247850
vn 0.3588902 -0.1492861 0.9213639
v -1.0506792 2.4866450 1.2873827
vn -0.6571916 -0.1112363 0.7454702
v -0.8994603 2.5620692 1.3123523
vn -0.9713889 0.1474123 -0.1862075
v -2.6667678 2.9762731 0.2871096
vn -0.2841324 0.0455956 0.9577003
v -0.5740590 2.5042441 1.7165217
vn -0.8444524 0.3038926 -0.4410775
v -2.5046914 3.2174187 0.0227370
vn 0.2471914 -0.2914113 0.9241081
v -2.1033840 3.5371051 1.5814248
vn -0.4297045 0.8487131 0.3082857
v -1.0657896 5.2786689 -0.1460286
vn 0.2118191 0.0990455 0.9722771
v -2.1249416 3.6763275 1.5982465
vn 0.9774811 0.2008323 -0.0647849
v 1.3540143 2.8089206 0.1870104
vn -0.0707703 -0.0301210 0.9970378
v -1.6085010 2.5604055 1.3599740
vn 0.1804457 -0.0376022 0.9828659
v -1.4700252 2.5866504 1.3605613
vn 0.1123914 0.0221649 0.9934168
v -1.1023464 2.5825107 1.3083867
vn -0.0261912 0.1514154 0.9881232
v -0.3261780 2.6648030 1.6999648
vn 0.0039758 0.1077484 0.9941702
v -0.1153506 2.5436342 1.7159394
vn 0.5223492 0.3297975 0.7863746
v -1.4706022 3.5313878 0.9474429
vn -0.0655672 0.7202923 0.6905649
v -1.2874321 3.5507972 0.9193512
vn 0.0848698 0.9786462 0.1872130
v -1.7305359 4.6685085 0.3894933
vn -0.1304314 0.9544355 -0.2684036
v -0.7623519 3.7417598 0.0038658
vn 0.4312122 0.8972076 0.0952606
v 0.5703669 3.8208590 0.5335974
vn 0.0161718 -0.1206496 0.9925634
v -1.7849580 2.6653640 1.3532788
vn 0.0164255 -0.0653130 0.9977297
v -1.7079315 2.6430449 1.3407879
vn 0.0048205 0.9937524 -0.1115031
v 0.1072968 3.9416943 0.2162580
vn -0.1511839 0.1941250 0.9692569
v -0.5005005 2.6180007 1.7022357
vn 0.0521415 0.1084497 0.9927336
v -0.2549424 2.5197141 1.7281566
vn 0.1405076 0.1825305 0.9731086
v 0.1052346 2.5901856 1.7114496
vn -0.2547043 0.8004170 0.5426401
v -0.8519610 5.4211950 -0.2354085
vn -0.4050926 -0.3859832 0.8288046
v -2.2969749 3.5022111 1.5446805
vn 0.4226286 0.2569382 0.8691190
v 0.5360829 2.7269583 1.4613881
vn 0.0174950 0.6415614 0.7668721
v -1.2102630 3.5008652 0.9738060
vn 0.0616924 0.9930971 0.0997613
v 0.1773171 3.9422786 0.5047125
vn -0.9503106 0.0211628 -0.3105832
v -2.5733266 2.7510412 -0.0014091
vn 0.0408311 0.1747912 0.9837586
v -1.5111669 2.6653397 1.3556399
vn 0.3832715 0.1278727 0.9147413
v -1.3330239 2.6296358 1.3043287
vn 0.0303069 0.0274542 0.9991636
v -1.2616917 2.6013455 1.2760389
vn -0.1034990 -0.2628610 0.9592664
v -0.9917538 2.5855651 1.2768105
vn -0.3898938 0.0395612 0.9200097
v -0.8772573 2.7136006 1.3270984
vn 0.1170907 0.0986282 0.9882117
v -0.2068923 2.5329871 1.7150574
vn 0.0187657 0.2056547 0.9784447
v -0.1986318 2.7124574 1.7063925
vn 0.0867581 0.2144747 0.9728688
v -0.0373173 2.6727960 1.6965636
vn 0.2580783 0.4058914 0.8767256
v 0.2822280 2.7098415 1.6264242
vn 0.8431828 0.4033461 -0.3554642
v 1.2058443 3.0694790 -0.0601458
vn -0.6680964 -0.4307857 -0.6066885
v -2.5868137 3.4400523 0.0663060
vn -0.9992439 0.0104452 -0.0374526
v -2.6848645 2.8689728 0.4270443
vn 0.6359704 0.6895779 0.3464448
v -2.0139649 4.7128339 -0.1860960
vn 0.0263302 0.1405191 0.9897278
v -1.5880692 2.7274055 1.3370661
vn -0.0315471 -0.0939704 0.9950750
v -1.1023474 2.6666083 1.2993615
vn -0.0656229 0.2067977 0.9761805
v -0.4087833 2.6936378 1.7002314
vn 0.5159874 0.7968852 0.3142149
v 0.7001139 3.7060349 0.7462242
vn 0.2738043 0.9404704 -0.2013620
v -1.1116138 3.8145282 0.0106422
vn -0.0855197 0.9955943 -0.0384490
v -2.2109005 4.6839046 0.4307937
vn -0.3496310 0.1609941 0.9229513
v -1.9677713 2.7312720 1.3227625
vn 0.0014204 0.1266345 0.9919484
v -1.7699214 2.7609200 1.3600581
vn -0.1465433 -0.2674143 0.9523732
v -0.9971673 2.6572075 1.3109112
vn -0.0515171 -0.1655295 0.9848583
v -0.9550497 2.7216892 1.3252038
vn -0.4133956 0.3263685 0.8500516
v -0.6006651 2.6409633 1.6676805
vn -0.0830994 0.3903199 0.9169214
v -0.3364149 2.7709911 1.6831578
vn 0.8605512 0.5078996 0.0385958
v 1.1732532 3.2487216 0.3942699
vn 0.6213048 0.7287854 0.2878407
v 0.8602710 3.5878799 0.7363773
vn 0.4944263 0.8168338 0.2971957
v -2.0682063 4.6958332 -0.0591480
vn -0.2092737 0.1176579 0.9707529
v -1.8784534 2.7338064 1.3527219
vn 0.6973239 0.7050034 0.1292662
v 0.9133368 3.5659323 0.6246525
vn -0.2321976 0.4405566 0.8671761
v -0.4572327 2.7546518 1.6745169
vn 0.0367103 0.4238058 0.9050089
v -0.1686651 2.7970502 1.6768088
vn 0.2274236 0.3919746 0.8914227
v 0.1439697 2.7496452 1.6414552
vn -0.3147676 0.1290668 0.9403527
v -2.0484722 2.7713053 1.2716619
vn 0.1836218 0.1598108 0.9699194
v -1.6687119 2.7656226 1.3516490
vn -0.0501181 0.1738767 0.9834913
v -1.5570309 2.8637285 1.3181295
vn 0.1803692 0.1336361 0.9744785
v -1.4642708 2.7325168 1.3337007
vn 0.3045034 0.0629917 0.9504261
v -1.3623468 2.7300639 1.2975831
vn 0.2858971 0.0787229 0.9550213
v -1.3354366 2.8458126 1.2891747
vn -0.2298915 0.0357632 0.9725590
v -1.1829096 2.6879287 1.2953367
vn -0.1891815 0.0036393 0.9819354
v -1.0692672 2.7785223 1.3271546
vn 0.1571357 0.3674150 0.9166868
v -0.0036738 2.7960348 1.6619513
vn 0.2429171 0.5956256 0.7656510
v 0.2853138 2.8645160 1.5273180
vn 0.2755447 0.2100820 0.9380516
v 0.6432498 2.7406487 1.4413007
vn 0.9759724 -0.2177242 -0.0086052
v -0.2694909 5.0779347 -0.6805044
vn -0.0882864 0.9903443 0.1068816
v -2.1905715 4.6806312 0.6725802
vn 0.7012334 0.7106438 -0.0570725
v -1.9428129 4.5934763 -0.0611136
vn -0.2056690 0.1584521 0.9657087
v -2.0810554 2.8572838 1.2638700
vn -0.0904405 0.3018636 0.9490516
v -1.8035142 2.8665872 1.3255146
vn -0.0190015 0.0518342 0.9984750
v -0.8772507 2.8287132 1.3446357
vn -0.4022428 0.3580202 0.8426282
v -0.7968429 2.7986853 1.3492626
vn -0.2380562 0.6670715 0.7059354
v -0.4318209 2.8376291 1.6198050
vn -0.0880983 0.6388627 0.7642599
v -0.2660748 2.8620079 1.6333793
vn 0.0937107 0.6441263 0.7591572
v -0.0365661 2.8860524 1.6144773
vn 0.2575254 0.5832970 0.7703540
v 0.1214370 2.8745208 1.5881031
vn -0.0638392 0.7677559 0.6375542
v -0.1380582 3.7285631 1.0041589
vn -0.2026524 0.5797489 0.7891916
v -2.3530936 4.1784039 1.4498808
vn 0.2557562 0.9660051 0.0377212
v 0.3232383 3.9237485 0.4302522
vn 0.0447800 0.2581420 0.9650686
v -1.6987119 2.8896651 1.3100373
vn -0.2365155 0.1883687 0.9531934
v -1.0889661 2.8708687 1.3074093
vn -0.4016209 0.3542422 0.8445195
v -0.7313979 2.8759935 1.3330358
vn 0.2115533 0.8062578 0.5524434
v 0.3274650 3.7900887 0.8957106
vn -0.0459810 0.7746025 0.6307747
v -0.1758681 2.9205062 1.5823095
vn 0.2362346 0.2429560 0.9408324
v 0.5092036 2.9131987 1.4232275
vn -0.2454272 0.2641281 0.9327389
v -2.0169594 2.9752185 1.2478163
vn 0.0247199 0.2838614 0.9585466
v -1.6498263 2.9892244 1.2886569
vn 0.1129196 0.2085835 0.9714639
v -1.4585397 2.8935809 1.3254918
vn 0.4883173 0.8586813 0.1556042
v -1.6610700 4.6327429 0.4848195
vn -0.9811168 -0.1120310 0.1576669
v -2.8273065 3.6622295 0.7070541
vn 0.2315068 0.4622618 0.8559899
v 0.3972897 2.9021473 1.4625047
vn 0.2419961 0.2615275 0.9343668
v 0.6191787 2.8980744 1.4091300
vn 0.0832743 0.5844114 0.8071733
v 0.2202891 3.6294563 1.0792029
vn -0.2135435 0.9663185 -0.1436235
v -0.4048161 3.8647316 0.1790721
vn -0.3335868 0.8728862 0.3560753
v -0.6033192 3.7513635 0.7076494
vn 0.3012631 0.8599137 0.4120546
v -2.0831535 4.9439793 -0.5165610
vn -0.2192438 0.2578379 0.9409845
v -1.9208415 2.9351602 1.2769599
vn 0.0176038 0.3480166 0.9373231
v -1.5598905 2.9912355 1.2814977
vn 0.1737004 0.1619321 0.9713939
v -1.3197265 2.9827638 1.2715029
vn 0.0148602 0.3676359 0.9298511
v -1.1921475 3.0646071 1.2172322
vn -0.2059403 0.3788314 0.9022613
v -1.0779448 2.9942985 1.2700740
vn -0.0341688 0.2043559 0.9783002
v -0.9260280 2.9074404 1.3395420
vn 0.0280904 0.2263432 0.9736425
v -0.8502621 2.9334803 1.3128384
vn -0.1739281 0.1559136 0.9723374
v -0.7686774 2.9614027 1.3263266
vn -0.7343364 -0.6103477 0.2970281
v -2.5570984 3.3232069 0.7361301
vn 0.1059084 0.6573395 0.7461154
v 0.2158080 2.9657841 1.4525852
vn -0.0886412 0.5278141 0.8447219
v 0.2895276 3.0326347 1.4211924
vn 0.1200146 0.4032998 0.9071636
v 0.4046130 3.0229261 1.4236287
vn 0.1370962 0.9903520 -0.0201871
v 0.2321694 3.9442501 0.3504891
vn 0.0665755 0.5001927 0.8633510
v 0.0242715 3.4899955 1.2050267
vn -0.1508192 0.8929919 0.4240508
v -2.1795771 4.9703755 -0.5463744
vn -0.1422978 0.9890079 -0.0401850
v -0.1680282 3.9230020 0.3154818
vn -0.1380761 0.9578182 0.2520305
v -0.7891116 3.7556627 0.5217894
vn 0.0281779 0.3262789 0.9448535
v -1.4277129 3.0243540 1.2704744
vn 0.0741916 0.2073595 0.9754475
v -1.2438250 2.9563439 1.2533586
vn -0.1941628 0.4743368 0.8586649
v -1.0074620 3.1151724 1.2221397
vn -0.1165342 0.3332214 0.9356192
v -0.6861072 3.0854211 1.3063425
vn -0.1635952 0.3649025 0.9165603
v -0.6708591 2.9462283 1.3429782
vn -0.1289823 0.5291919 0.8386415
v -0.5661153 2.9691961 1.3346784
vn -0.4869638 -0.4152227 0.7684116
v -2.1430109 2.3272057 1.1418227
vn -0.0810695 -0.2764924 0.9575906
v -2.1900344 3.5480137 1.5910376
vn -0.0249903 0.1124490 -0.9933432
v -2.0539930 4.0494437 -0.2500794
vn -0.5475933 0.3655902 -0.7526522
v -2.2405143 3.2358298 -0.2714313
vn 0.7602826 0.5428035 0.3568399
v -1.9487689 4.7556062 -0.3778596
vn -0.3019221 0.8258318 0.4762824
v -2.3679509 4.5279169 1.0545570
vn -0.5465617 0.2466667 0.8002661
v -2.2234063 2.9832757 1.1501313
vn -0.3716623 0.3164688 0.8727627
v -2.1137078 3.0296330 1.1938218
vn -0.0679792 0.3127229 0.9474087
v -1.7717627 3.0123780 1.2817539
vn -0.0880691 0.4203684 0.9030694
v -1.4756199 3.1356037 1.2090417
vn -0.1398639 0.4035349 0.9042111
v -0.8745354 3.0592108 1.2789918
vn -0.1081534 0.6034265 0.7900502
v -0.3479916 3.0323439 1.3257498
vn -0.1393100 0.6967624 0.7036440
v 0.1543512 3.0491719 1.3626902
vn 0.0944289 0.4284802 0.8986033
v -1.5448711 3.1490214 1.2104163
vn 0.0283202 0.2653356 0.9637402
v -0.6065463 3.0643175 1.3110348
vn 0.0572098 0.3887000 0.9195865
v 0.1275477 3.1571229 1.2769065
vn 0.2184620 0.5831250 0.7824574
v 0.5049840 3.1012461 1.3586181
vn -0.2087960 0.9631897 -0.1693217
v -0.7698324 3.7688005 0.1366125
vn -0.2459306 0.0213417 0.9690525
v -2.1642585 3.1610055 1.1256963
vn -0.2213696 0.3685792 0.9028538
v -1.9495370 3.1114650 1.2194343
vn -0.0693351 0.4341479 0.8981694
v -1.8195744 3.1401591 1.2271917
vn 0.0421538 0.4150869 0.9088047
v -1.6592693 3.1096182 1.2455008
vn 0.1582564 0.3408094 0.9267167
v -1.3272972 3.1295178 1.2401997
vn -0.0633389 0.2341538 0.9701341
v -0.4654002 3.1308393 1.2875826
vn -0.0390578 0.1371917 0.9897742
v -0.2289696 3.0913591 1.3113192
vn -0.1743610 -0.0100092 0.9846309
v -0.2341407 3.1549857 1.3147638
vn -0.1388159 0.7182710 0.6817749
v 0.2914896 3.1570518 1.3081149
vn 0.6509477 0.5926443 0.4743837
v 0.9090117 3.4660935 0.8605503
vn -0.1375493 0.4057066 0.9035942
v -1.4249073 3.1906986 1.2049692
vn 0.1901079 0.3960096 0.8983516
v -1.1693685 3.2049112 1.1474298
vn -0.2228016 0.4400208 0.8699088
v -0.7760793 3.1280117 1.2662262
vn -0.0481413 0.3041800 0.9513974
v -0.5417379 3.1511755 1.2840849
vn -0.1622917 0.3097771 0.9368562
v -0.4554009 3.2423248 1.2705129
vn 0.0263057 0.0782941 0.9965832
v -0.1169445 3.1698525 1.3214158
vn 0.1534503 0.1283313 0.9797878
v 0.0008046 3.1340194 1.3132772
vn -0.0401813 0.6644586 0.7462441
v 0.3593505 3.1210885 1.3618892
vn 0.0911229 0.6127900 0.7849745
v 0.4501491 3.2180696 1.2543597
vn 0.6097903 0.7802992 0.1388849
v 0.7946418 3.6690860 0.6119433
vn -0.1310097 0.4910416 0.8612286
v -1.0867690 3.1902733 1.1593459
vn -0.2127085 0.4614136 0.8613087
v -0.6338034 3.2796869 1.2214595
vn -0.1360078 0.1556547 0.9784036
v -0.3845943 3.1371300 1.3039707
vn 0.2581536 0.1879681 0.9476417
v 0.1585437 3.2830999 1.2502494
vn 0.0408129 0.5353149 0.8436660
v 0.2682111 3.2131934 1.2373021
vn -0.2060090 0.6997134 0.6840771
v -1.5551901 4.8186116 0.2142639
vn 0.2798435 0.2810639 0.9179819
v -1.6260411 3.4355190 1.0453197
vn 0.3269049 0.9319908 0.1566091
v 0.3967875 3.8874211 0.5906883
vn 0.0936682 -0.3018689 0.9487368
v -2.0814722 3.2597361 1.1252340
vn -0.2066603 0.3239043 0.9232430
v -2.0307312 3.2202437 1.1405531
vn 0.1037980 0.1321971 0.9857738
v -1.9134721 3.3111811 1.1273937
vn -0.0104062 0.5223511 0.8526670
v -1.5224817 3.2786047 1.1489273
vn -0.0833866 0.2047802 0.9752496
v -0.2818086 3.2228441 1.3036370
vn 0.1489740 0.2055364 0.9672443
v 0.0352803 3.2797594 1.2798840
vn 0.1854668 0.3015256 0.9352456
v 0.2940609 3.3011982 1.1983620
vn 0.3005413 0.5345303 0.7899066
v 0.6039387 3.2198334 1.2097151
vn 0.1542455 0.2154187 -0.9642630
v -0.0836184 3.1732593 -0.6737709
vn -0.0265161 0.5096060 0.8599992
v -1.6499066 3.2322598 1.1827377
vn 0.0140859 0.5619328 0.8270630
v -1.3790022 3.2715437 1.1626233
vn 0.2069020 0.4442830 0.8716675
v -1.2697362 3.2211835 1.1836932
vn -0.1770023 0.5327513 0.8275543
v -0.9648372 3.2689512 1.1430815
vn -0.0813214 0.6738995 0.7343339
v -0.9231054 3.4791939 0.9857640
vn -0.1619623 0.3627250 0.9177139
v -0.3482583 3.2951121 1.2742599
vn -0.4261408 0.3996742 -0.8115816
v -0.8828496 2.7949986 -0.7479558
vn -0.7411034 -0.0226381 -0.6710092
v -2.4013071 2.7624049 -0.2825946
vn 0.0559796 0.6287777 0.7755675
v -1.4939229 3.4026310 1.0535376
vn 0.3772141 0.2261376 0.8980932
v -1.3117156 4.8574109 0.1731402
vn 0.0023400 0.5024631 0.8645955
v -1.7394522 3.2829456 1.1399292
vn 0.0643298 0.6012435 0.7964723
v -1.2447355 3.3674297 1.0762035
vn -0.2769539 0.6453209 0.7119393
v -0.7478949 3.4778326 1.0228418
vn -0.2753527 0.5699359 0.7741796
v -0.6264507 3.4228582 1.1361897
vn -0.0692252 0.4068020 0.9108897
v -0.2265591 3.3551440 1.2611907
vn 0.1987509 0.3083249 0.9302870
v 0.1130016 3.3721642 1.2448412
vn 0.9571844 0.2456568 0.1531367
v -1.8848886 4.5568438 -0.2771202
vn 0.2749783 -0.0378447 0.9607053
v -1.7758785 3.3962393 1.0870404
vn -0.0468674 -0.0164123 -0.9987663
v -1.5323724 2.8167844 -0.6528507
vn -0.5655959 -0.1421761 -0.8123345
v -2.2183611 2.5312464 -0.4546347
vn -0.2313200 0.1448247 -0.9620379
v -2.1643872 4.0459294 -0.2327766
vn -0.3423204 -0.4317193 -0.8345270
v -0.5822661 5.1123309 -0.6298449
vn -0.1916779 -0.0956395 -0.9767870
v -1.6659136 4.4716597 -0.0588063
vn 0.4163607 -0.5111600 0.7519037
v 0.5006538 1.1092980 1.2900181
vn 0.6132625 -0.1658695 0.7722671
v -1.5683199 3.5325224 1.0130837
vn -0.3460375 0.1278798 -0.9294648
v -2.0760415 2.7911761 -0.4945836
vn 0.5355483 0.6061689 0.5880029
v 0.7973763 3.5107312 0.9260382
vn 0.0789472 -0.3331059 0.9395786
v -0.7072293 1.1111073 1.6243426
vn 0.2825702 -0.0245131 0.9589334
v -0.2213253 1.1696529 1.4678835
vn 0.2477846 -0.1115597 0.9623707
v 0.3970398 1.1535919 1.3350440
vn 0.4610042 -0.1573759 0.8733315
v 0.5846205 1.2242787 1.2792318
vn 0.5476812 0.2498109 0.7985235
v -1.9186178 4.4084187 1.1545260
vn 0.1882008 -0.4846903 0.8541989
v -1.4873841 1.0828962 1.3786608
vn 0.2645878 -0.3048381 0.9149137
v -1.2997096 1.0885919 1.3212708
vn 0.0275590 0.9952329 -0.0935518
v -0.8714160 3.7669015 0.2328531
vn 0.2545955 0.0407850 0.9661872
v -0.0520293 1.1843040 1.4178870
vn 0.4090909 -0.9101685 -0.0650995
v -0.9407439 4.6086597 -0.1402167
vn 0.1392897 0.2767942 -0.9507805
v 0.0774660 3.2242746 -0.6181809
vn 0.7782065 -0.0080178 0.6279573
v -1.7040690 4.3544021 0.9522090
vn -0.1429215 -0.0821679 0.9863173
v -1.6939299 1.1304933 1.4045892
vn 0.1925374 0.0756566 0.9783688
v -1.5289425 1.1493686 1.3885841
vn 0.7710893 0.4837069 0.4140640
v -1.5294124 4.0459838 0.8275500
vn -0.1419193 0.0128868 0.9897944
v -0.7694223 1.1658219 1.6248417
vn 0.1335202 0.1056450 0.9853992
v -0.6762633 1.2184733 1.6195810
vn 0.3123524 -0.0241094 0.9496603
v -0.5285403 1.1673352 1.5721031
vn 0.3763453 0.5268940 0.7620675
v -0.5913525 5.0487432 -0.3906288
vn 0.4339166 0.2746560 0.8580679
v 0.7134021 2.8566883 1.3904200
vn 0.2498732 0.0305815 0.9677956
v 0.4423287 1.2815084 1.3353093
vn 0.6668147 -0.3791877 0.6415411
v 0.6507408 1.2048459 1.2253934
vn -0.2546140 0.0682882 -0.9646286
v -1.9220171 2.7051656 -0.5656656
vn 0.3547468 0.4235974 0.8334986
v 0.6095745 3.0125883 1.3728156
vn -0.0915443 0.1263671 -0.9877505
v -1.0927500 2.8089206 -0.7060389
vn 0.3170163 0.1699495 0.9330691
v -0.4494351 1.2771426 1.5421358
vn 0.5787267 -0.0316281 0.8149080
v -1.7200602 3.7020302 1.2069441
vn 0.7016210 0.0219708 0.7122116
v -1.6251768 3.7013757 1.1272932
vn 0.6115991 -0.0184584 0.7909524
v 0.6787563 1.3086505 1.2271374
vn 0.6707214 -0.5665306 0.4787231
v 0.8643156 1.3005687 0.9647316
vn 0.3691378 0.5406035 0.7559664
v -1.2829248 4.7182460 0.1560486
vn 0.2136152 -0.2839515 0.9347407
v 0.2766957 1.3237528 1.3517232
vn 0.3562469 -0.0434016 0.9333834
v 0.4514463 1.3726752 1.3138161
vn -0.3771260 0.1912350 -0.9062037
v -1.9127188 3.0753434 -0.5245320
vn -0.1803040 -0.3971311 -0.8998764
v -1.0221128 4.8446927 -0.4136088
vn -0.8007447 -0.5824970 0.1396607
v -2.4657450 2.2683060 0.4962786
vn 0.7050658 0.2114044 0.6768976
v -1.9889827 3.7011356 1.5184777
vn 0.2747166 0.4813255 0.8323801
v -0.4653030 1.3584933 1.5195912
vn 0.3855450 0.1255258 0.9141107
v 0.5678406 1.3274883 1.2902949
vn 0.5909002 -0.1889402 0.7843077
v 0.7746540 1.3897983 1.1483170
vn 0.7259576 -0.4085001 0.5532751
v 0.8180610 1.3364336 1.0845755
vn 0.5365680 0.2508569 0.8057082
v -1.3590403 4.7085171 0.2161107
vn 0.3843710 0.4506798 0.8056964
v 0.7156729 3.1849875 1.1813424
vn 0.4917000 -0.1321713 0.8606752
v 0.6489801 1.4438181 1.2208329
vn 0.3472371 -0.4646904 0.8145486
v 1.3135608 1.4641110 0.9403026
vn 0.5455397 -0.5699691 0.6144279
v 1.4422437 1.4690988 0.8449647
vn 0.6300831 -0.6885311 0.3590546
v 1.5798928 1.4302086 0.6360381
vn 0.0750837 0.6721300 0.7366164
v -1.5816735 1.3416855 1.3242974
vn 0.7613339 -0.2740990 0.5875717
v -0.9021483 5.1774969 -0.1907931
vn 0.5060683 -0.4672262 0.7249790
v -1.0352415 4.6342406 0.0495138
vn 0.4208101 -0.5693807 0.7062044
v 0.3188913 1.4013543 1.3941606
vn 0.4666186 -0.4423699 0.7658825
v 0.5023032 1.4531699 1.3103589
vn 0.5430148 0.1919645 0.8174867
v 0.8648115 2.7640011 1.3176026
vn 0.5089527 0.3373821 0.7919220
v -1.7981130 3.8178563 1.2231381
vn 0.2855975 0.3755641 0.8816948
v -1.1025627 4.7406225 0.1255860
vn 0.5780123 0.2608289 0.7732205
v -1.1365618 4.8599157 0.0074058
vn 0.6085410 0.2838828 0.7410050
v -0.6614337 5.5045757 -0.3628497
vn 0.7104480 0.0337535 0.7029397
v -0.7309386 5.4290509 -0.2949360
vn 0.6178167 -0.2903193 0.7307649
v -1.3464683 4.5158877 0.2293551
vn 0.4775489 -0.3330358 0.8130401
v 0.8099028 1.5395334 1.1625613
vn 0.5045096 -0.3303674 0.7977014
v 1.4320725 1.5825311 0.9239187
vn 0.6099595 -0.6084140 0.5077221
v 1.5511136 1.4657214 0.7244391
vn 0.5627228 -0.6918749 0.4523850
v -2.0251307 3.4272263 1.4410815
vn 0.7088817 -0.6442295 0.2871501
v -0.4877256 4.8093753 -0.2907780
vn 0.8557913 0.4862987 0.1764507
v -1.9177891 5.0377321 -1.2219126
vn 0.5846440 -0.5653473 0.5818710
v -1.2499586 4.4988422 0.1362150
vn 0.6730142 0.0834532 0.7349064
v -1.0560969 4.9480653 -0.0804300
vn 0.9051798 0.3200769 0.2796432
v 1.2395631 2.9849021 0.7282725
vn 0.4508563 -0.4493659 0.7712321
v 0.4216566 1.5757173 1.4578164
vn 0.4605865 -0.6055009 0.6490214
v 0.5826366 1.5396390 1.3439673
vn 0.5229803 -0.4766634 0.7066000
v 0.7103397 1.5442317 1.2315980
vn 0.6179910 -0.3763695 0.6902413
v 1.0277439 1.5579244 0.9827363
vn 0.7598319 -0.4146635 0.5007092
v 1.6787202 1.5944222 0.6959316
vn 0.5340178 -0.7869385 0.3091161
v -1.1981388 4.4768548 0.0480516
vn 0.8445713 0.2343877 0.4814164
v -1.4096640 3.7802405 0.8095650
vn -0.6881298 0.5687346 -0.4505755
v -0.8312511 2.7024386 -0.9573438
vn 0.4464940 -0.3422854 0.8267308
v 0.5761389 1.6549953 1.4316645
vn 0.5927988 -0.4386448 0.6754113
v 0.6565800 1.6178268 1.3530737
vn 0.6191064 -0.3946188 0.6789575
v 0.9385881 1.5859152 1.1074085
vn 0.3405955 -0.0854678 0.9363172
v 1.3998349 1.6415769 0.9593043
vn 0.6264342 -0.3831147 0.6788250
v 1.5547119 1.5983009 0.8378103
vn 0.1802757 0.7914975 0.5839798
v -0.8779464 4.8421254 -0.0631185
vn 0.3940072 0.5008048 0.7706834
v -2.0610230 4.3390608 1.2912489
vn 0.8592991 0.1521291 0.4883256
v -1.6821017 4.5002117 0.8960292
vn 0.9730269 0.2253932 0.0491586
v 1.3415354 2.8440800 0.3607413
vn 0.3668002 0.3070225 0.8781770
v -1.2541227 4.6746244 0.1936446
vn 0.4292724 0.1809006 0.8848730
v -2.0510800 3.6867862 1.5731359
vn -0.2676803 0.1947680 -0.9436168
v -1.9234443 2.8652964 -0.5434383
vn 0.7560742 0.2865517 0.5884215
v -0.5514939 5.5630989 -0.5140911
vn 0.4355437 -0.1727518 0.8834357
v 0.3523620 1.7003502 1.5574218
vn 0.5998144 -0.3418990 0.7234139
v -1.7812608 3.5994713 1.2164471
vn 0.9250204 -0.2024694 0.3214708
v 1.7727623 1.7387093 0.6081036
vn 0.9408125 0.3089005 0.1394716
v 1.3064321 2.9216819 0.5194395
vn 0.4403751 0.3066085 0.8438371
v -0.7887534 4.7890143 -0.0155535
vn 0.4397840 -0.2233726 0.8698820
v 0.4471434 1.6905115 1.4856834
vn 0.5959994 -0.4160444 0.6867983
v 0.7285860 1.6487573 1.2926055
vn 0.5380523 -0.3742970 0.7552493
v 0.8685783 1.6837575 1.2116692
vn 0.7926615 0.3093632 0.5253399
v -1.4852331 3.8848498 0.9077781
vn 0.8738970 0.2344000 0.4258646
v 1.2247437 2.8551066 0.8597376
vn 0.3331974 -0.1276876 0.9341710
v 0.5332440 1.7473135 1.4659415
vn 0.6467164 -0.3315956 0.6868787
v 1.0072151 1.7554579 1.1493297
vn 0.7179018 -0.3300984 0.6129047
v 1.0915512 1.7098944 1.0080438
vn 0.8425264 0.0402906 0.5371462
v -1.9261504 3.6731682 1.4402503
vn 0.8234998 0.0841750 0.5610372
v -1.9627351 4.2033834 1.2392689
vn 0.4818486 -0.0958891 0.8709921
v 1.5240402 1.7192425 0.9000417
vn 0.8007889 -0.2543711 0.5422475
v 1.7001525 1.7091246 0.7287576
vn 0.8071945 -0.0539655 0.5878136
v -1.4804980 4.4740558 0.3382218
vn 0.6228322 0.2784548 0.7311245
v -2.0928171 4.0328565 1.4479566
vn 0.2906941 0.0014208 0.9568150
v 0.5861118 1.8001134 1.4572842
vn 0.5850586 -0.1800892 0.7907429
v 0.8104173 1.7985837 1.3036326
vn 0.8364395 -0.0643183 0.5442720
v 1.7303829 1.8417891 0.7260537
vn 0.5713849 0.2716926 0.7744045
v -1.7074962 3.7870538 1.1827983
vn 0.4403653 0.5226427 0.7300158
v 0.7040784 3.4968786 1.0061181
vn 0.5504838 0.2219931 0.8047898
v -1.7489592 4.1656499 0.9881238
vn 0.3168971 -0.3431596 0.8842046
v 0.1937952 1.8089229 1.6434009
vn 0.3943162 -0.1839713 0.9003718
v 0.3121806 1.7748721 1.5745311
vn 0.5902478 -0.2142129 0.7782804
v 0.6955185 1.7596308 1.3761318
vn 0.5808344 -0.1403208 0.8018363
v 0.9912108 1.8532152 1.1934432
vn 0.7792563 0.3261282 0.5351635
v -1.9304466 3.7884262 1.3995061
vn 0.4419293 -0.4232037 0.7909470
v -1.7109432 3.4686022 1.0948465
vn 0.6795018 -0.1741032 0.7127169
v 1.6335467 1.7502867 0.8295903
vn 0.7034074 -0.0772863 0.7065727
v -0.9040320 5.1033964 -0.2207748
vn 0.1676531 0.7239542 0.6691657
v -1.1123130 4.7959108 0.0482895
vn 0.6150402 0.3639190 0.6994917
v -1.6809827 4.1193252 0.9591177
vn 0.6537027 0.2734243 0.7056288
v -2.0302942 4.2450972 1.3160442
vn 0.4543739 -0.2227055 0.8625234
v 0.2997351 1.8820580 1.6202772
vn 0.4813853 -0.1770510 0.8584411
v 0.4356453 1.8414867 1.5150270
vn 0.5432723 -0.1280238 0.8297381
v 0.9015522 1.8650883 1.2463742
vn 0.7979226 -0.2568495 0.5452961
v 1.1255752 1.8318813 1.0309806
vn 0.5759795 0.0796473 0.8135749
v 1.6183203 1.8417466 0.8480559
vn 0.9180344 0.0096814 0.3963826
v 1.7735970 1.8938642 0.6468549
vn 0.7409898 -0.1796770 0.6470320
v -0.7309917 5.3079801 -0.3515889
vn 0.5413340 0.4851572 0.6867168
v -0.3976026 4.9881458 -0.4236111
vn 0.8817827 0.4405214 0.1685238
v 1.1765622 3.2007749 0.6135057
vn 0.7385890 0.0407757 0.6729217
v -0.5390694 5.4234090 -0.5431029
vn 0.5488591 -0.0456050 0.8346699
v 0.6570717 1.8262792 1.4184709
vn 0.7295861 -0.1927660 0.6561596
v 1.0602525 1.8489009 1.1281806
vn 0.6111584 0.3655231 0.7020530
v -1.8643687 4.0799327 1.1010292
vn 0.7576008 0.1321773 0.6391950
v 1.7046186 1.9107344 0.7585827
vn 0.2193742 0.6290748 0.7457479
v -0.9840012 4.7846098 0.0658884
vn 0.4163905 -0.1240250 0.9006868
v 0.3363642 1.9975235 1.6194654
vn 0.5045047 -0.2378179 0.8300107
v 0.3875877 1.9261075 1.5732346
vn 0.5130003 -0.0846672 0.8542026
v 0.6038085 1.9155397 1.4375899
vn 0.6859065 -0.0246207 0.7272730
v 1.0791528 2.0000885 1.1334419
vn 0.8602071 -0.1149248 0.4968261
v 1.1972083 1.9308378 0.9505998
vn 0.7745190 0.3011024 0.5562893
v -2.0010705 3.9631801 1.3644282
vn 0.6011906 0.1282354 0.7887493
v -1.2480429 4.7933998 0.1061241
vn 0.7063198 0.4087152 0.5779830
v 0.9913374 3.2298756 0.9574845
vn 0.5469270 -0.0007963 0.8371800
v 0.7401630 1.9108350 1.3561392
vn 0.6059718 0.0035940 0.7954780
v 0.7832598 2.0402293 1.3170807
vn 0.5729552 -0.0287999 0.8190805
v 1.0009181 2.0116429 1.1918844
vn 0.5685524 0.2120498 0.7948479
v 1.2874737 2.0012310 0.8098416
vn 0.5306374 0.3236234 0.7833849
v 1.6414487 1.9409149 0.8093904
vn 0.5366457 0.4553351 0.7104093
v -0.4959282 4.8975000 -0.2774256
vn 0.6695932 0.0940846 0.7367449
v -0.5367481 4.8341398 -0.2012181
vn 0.8631919 0.3091861 -0.3991288
v 1.2335435 2.9247377 -0.1192701
vn 0.7002124 -0.2611423 0.6644602
v 0.7016031 2.1022797 1.4103786
vn 0.8128909 -0.0930687 0.5749319
v 1.1430869 1.9703532 1.0539756
vn 0.1762690 0.6202126 0.7643728
v 0.3043572 3.6665034 1.0415685
vn 0.8316537 0.2915071 0.4726265
v 1.7517723 2.0022373 0.6593838
vn 0.7960165 -0.0228753 -0.6048426
v 1.1490614 2.5364740 -0.4343649
vn 0.7028018 0.3443507 0.6224889
v 1.0237931 2.9116194 1.1277117
vn 0.4404405 -0.1610810 0.8832129
v -0.9406722 4.7429662 0.0573864
vn 0.6886055 0.0207546 0.7248391
v -1.7477853 4.2298479 0.9732192
vn 0.6411429 -0.1389158 0.7547438
v -2.0045168 3.5854573 1.5447066
vn 0.4886929 -0.5083581 0.7090496
v -2.0427010 3.4941151 1.5345370
vn 0.4940422 -0.2205989 0.8409865
v 0.4970490 1.9880967 1.5302967
vn 0.5210148 0.0265065 0.8531361
v 0.8808861 1.9952935 1.2686814
vn 0.6968560 0.3570776 -0.6220028
v 1.1108154 2.8184888 -0.3502212
vn 0.6314964 0.4477296 0.6330486
v 1.6923819 2.0297978 0.7190796
vn 0.5913754 -0.0250688 0.8060067
v -1.8388722 4.3559966 1.1141349
vn 0.2798747 0.3026612 0.9110798
v 0.2516190 3.4008670 1.1937783
vn 0.4091484 -0.0922438 0.9077933
v 0.3542109 2.1276295 1.6272148
vn 0.5126187 -0.1153236 0.8508364
v 0.8922519 2.1194129 1.2496167
vn 0.7590787 -0.0532446 0.6488178
v 1.0888323 2.1366210 1.1134382
vn 0.8432646 -0.0419407 0.5358598
v 1.1969904 2.1088445 0.9816005
vn 0.7591935 0.0688856 0.6472094
v -1.8828939 4.1334033 1.1003577
vn 0.5549040 0.2947282 0.7779568
v -0.4744632 5.2514815 -0.5596248
vn -0.8253267 -0.5629606 0.0437169
v -2.7680697 3.4425468 0.5105214
vn -0.0112514 0.6480721 0.7614959
v -0.0284892 3.0423334 1.3287021
vn 0.4816863 -0.4803263 0.7329837
v -1.9113876 3.3822749 1.1402028
vn 0.5821664 -0.5210686 0.6241553
v -1.8328806 3.5104949 1.1896206
vn 0.5808408 -0.2233440 0.7827780
v 0.6297561 2.0800636 1.4701062
vn 0.6436013 -0.2045792 0.7375125
v 0.7697559 2.1165137 1.3361979
vn 0.6022021 -0.1191582 0.7894011
v 0.9893568 2.2050209 1.2145953
vn 0.8661650 -0.0260053 0.4990810
v 1.2646840 2.0915275 0.8495469
vn 0.6168941 0.3537456 0.7030688
v -1.6655059 3.8868208 1.0979536
vn 0.5806687 0.0275645 0.8136733
v -1.2240686 4.9308176 0.1123464
vn -0.0242014 0.7151378 0.6985644
v -0.1876395 3.0364950 1.3296609
vn 0.7903216 0.1450767 0.5952685
v -0.3296046 4.9863596 -0.4814265
vn 0.3445236 0.5870780 0.7325591
v -0.9105426 4.9344473 -0.1598742
vn 0.4810534 0.4717381 0.7389525
v 0.7833276 3.0266969 1.2519978
vn 0.6050129 -0.7266240 0.3255412
v -1.9679983 3.3988512 1.2695613
vn 0.4578297 0.3419906 0.8206306
v 0.8644398 2.9013803 1.2677310
vn 0.4505220 -0.1464228 0.8806761
v 0.4578984 2.1471581 1.5815217
vn 0.5576454 -0.2741320 0.7835071
v 0.8694720 2.2226543 1.3034172
vn 0.9356802 0.0006661 0.3528486
v 1.3461763 2.2655013 0.6946575
vn -0.8787447 0.1909185 -0.4374447
v -2.3467569 4.4887443 -0.0750582
vn 0.5526565 0.0528072 0.8317345
v -1.3828481 4.5890551 0.2700891
vn 0.9720098 0.0649571 0.2257819
v -1.5710709 4.4048738 0.5680395
vn 0.4510790 -0.8877743 0.0915667
v -0.6477630 4.7290320 -0.2058708
vn 0.4203647 -0.2336487 0.8767564
v 0.5153031 2.1919868 1.5547980
vn 0.5998036 -0.1726386 0.7813012
v 0.6806250 2.2544754 1.4793750
vn 0.7067444 -0.0607023 0.7048600
v 1.0641612 2.1923001 1.1544682
vn -0.9742157 -0.1627602 0.1562463
v -2.6844251 4.1519928 0.7518435
vn 0.6642984 0.4081153 0.6262185
v -1.5965018 3.9665933 0.9893513
vn 0.5240247 -0.2188896 0.8230951
v -1.1333034 4.6655841 0.1311024
vn -0.9563761 0.2677864 0.1167701
v -2.7164814 4.0535626 0.6504165
vn 0.6934510 0.3911324 0.6050960
v -1.9009973 3.9111230 1.2500981
vn 0.3042707 -0.0687909 0.9500985
v 0.4222281 2.2995517 1.6266406
vn 0.4346268 -0.1745186 0.8835400
v 0.5432937 2.2741976 1.5746478
vn 0.8782126 -0.0147565 0.4780428
v 1.2662982 2.3658445 0.8756160
vn 0.9227405 0.2708127 0.2742453
v -1.5634779 4.2539721 0.6153093
vn 0.5708958 0.4816043 0.6649326
v 0.8718927 3.3448806 1.0141737
vn 0.8482296 0.1312603 0.5131055
v -1.6419437 4.2801685 0.8694144
vn 0.6429884 -0.2518797 0.7232721
v 0.7771092 2.2660813 1.3924996
vn 0.6061015 -0.1605564 0.7790139
v 0.9389628 2.2772231 1.2809719
vn 0.8082498 -0.0346167 0.5878214
v 1.1533850 2.2694831 1.0515193
vn 0.9095212 0.2871996 0.3004789
v 1.3905501 2.2223856 0.5506296
vn 0.8557478 0.3559431 0.3755000
v -1.4296968 3.9232574 0.7657071
vn 0.6490113 0.4230710 0.6322938
v -0.3434229 5.1393175 -0.5880894
vn 0.7670654 -0.2089295 0.6065964
v -1.0994172 4.9920392 -0.0084501
vn 0.3754382 0.3020306 0.8762555
v -1.3996060 4.7753472 0.2340570
vn 0.6560963 -0.6410037 0.3983113
v -1.3670967 4.3990836 0.1695426
vn 0.8383096 0.2823959 -0.4663577
v 1.2431664 2.7709529 -0.2237610
vn 0.7940137 0.2629406 0.5480917
v -1.9286225 4.0390878 1.1983691
vn 0.5087116 0.4626071 0.7260904
v -1.8338666 3.9534984 1.1674773
vn 0.7588136 0.1531439 0.6330473
v -1.4353062 3.6645188 0.8649948
vn 0.8207533 0.0957082 0.5632088
v -1.4861050 3.7474031 0.9533532
vn 0.4546407 0.3682259 0.8109942
v -2.1340613 4.1452971 1.4356189
vn 0.2841073 0.0294174 0.9583411
v 0.3034161 2.2940433 1.6577038
vn 0.4122168 0.1317716 0.9015063
v 0.5369235 2.3854966 1.5827858
vn 0.5139062 0.0771242 0.8543724
v 0.6522255 2.4075196 1.5127617
vn 0.6201460 -0.0612813 0.7820892
v 0.7581477 2.3617477 1.4407971
vn 0.6392269 -0.0516426 0.7672822
v 0.9265512 2.3699844 1.3016630
vn 0.7403469 -0.1273284 0.6600560
v -1.8732579 4.2254343 1.1089752
vn 0.9529161 0.2492083 0.1727605
v -1.8649517 4.7000551 -0.5351328
vn 0.3911742 0.5988424 0.6988351
v 0.6197178 3.1250491 1.2901404
vn 0.7560484 -0.5213531 0.3957043
v -1.9080839 3.4714358 1.2771688
vn 0.2593135 0.1933893 0.9462332
v 0.4327206 2.4025650 1.6126680
vn 0.6250733 0.0931277 0.7749908
v 0.8633803 2.4765975 1.3358206
vn 0.9430646 0.0284501 0.3313904
v 1.3335040 2.4554069 0.7365876
vn 0.9840289 0.0754658 0.1612206
v 1.3662597 2.5001514 0.5910255
vn 0.7771106 -0.0153368 0.6291771
v -1.4899743 3.6191404 0.9648981
vn 0.7197666 -0.0837529 0.6891456
v -0.8753187 5.2859874 -0.1687233
vn 0.4445857 0.5125313 0.7346123
v -1.7460940 3.9812927 1.1075604
vn 0.7907147 0.2753485 -0.5467663
v 1.1699115 2.9126465 -0.2333979
vn 0.6440003 -0.2348730 0.7280785
v -1.6417739 3.6213787 1.1235435
vn 0.4356528 0.0971426 0.8948575
v 0.3956736 2.5263352 1.5919749
vn 0.2677855 0.6933398 0.6690074
v -0.5977890 4.9469228 -0.2997006
vn 0.3430926 0.5370815 0.7706043
v 0.6045939 3.5549159 1.0281376
vn 0.5537323 -0.4211210 0.7183576
v -1.6757982 3.5322938 1.1176044
vn 0.3807532 0.2595307 0.8875083
v 0.5413578 2.5086949 1.5385752
vn 0.9331251 -0.3484605 -0.0886155
v -1.9127139 4.7736526 -1.5046718
vn 0.5737821 0.1403881 0.8068861
v -0.5558286 5.2959590 -0.5113062
vn 0.4765266 0.4213385 0.7716193
v 0.8620321 3.1080160 1.1410573
vn 0.9116849 0.3947922 0.1138850
v 1.2424203 3.0852647 0.4973676
vn 0.5192269 0.3991131 0.7557197
v 0.7323519 2.9405065 1.3406221
vn 0.3523220 0.2423815 0.9039472
v 0.6277554 2.5893428 1.4829936
vn 0.5322319 0.0497411 0.8451361
v 0.9133503 2.5487869 1.2903328
vn 0.6357943 -0.0213829 0.7715623
v 0.9909027 2.5134492 1.2491078
vn 0.7680433 -0.0200265 0.6400847
v 1.1092527 2.3962946 1.1159518
vn -0.3570603 -0.6381044 0.6821516
v -2.3316438 3.4067664 1.4446797
vn 0.5311674 0.3901684 0.7520837
v 0.8775000 3.1955805 1.0977099
vn 0.8078958 0.3690219 0.4594859
v -1.5923454 4.1264067 0.8479941
vn 0.8477694 -0.2132892 0.4855869
v -1.8897177 3.5998375 1.3570659
vn 0.7961985 -0.3545410 0.4902740
v -1.9619496 3.5255866 1.4620671
vn 0.7338923 0.5015300 0.4581155
v 1.0012174 3.3683670 0.8336439
vn 0.8318543 0.0621940 0.5514983
v 1.1524078 2.6246979 1.0555755
vn 0.9637160 -0.2605955 0.0578063
v -1.8583779 4.9437704 -1.6994301
vn 0.6338987 0.0502483 0.7717821
v -0.6862944 5.2178440 -0.4029342
vn 0.9450874 0.0738677 -0.3183605
v 1.3129869 2.6517007 -0.1071264
vn 0.8353949 0.3356588 0.4352570
v 1.1787460 3.0377908 0.8265156
vn 0.4795996 0.0040349 0.8774782
v 0.3280869 2.5808187 1.6419801
vn 0.5330794 0.1313938 0.8358002
v 0.7232616 2.5347781 1.4487693
vn 0.7586474 0.3500407 0.5494775
v 1.1027517 2.9758642 0.9851301
vn 0.7360262 0.1797182 0.6526613
v -1.5582492 3.7697961 1.0376358
vn 0.5327351 0.2843736 0.7970728
v -0.9474633 4.9925547 -0.1719600
vn 0.2934354 0.1382978 0.9459226
v 0.2292177 2.5928168 1.6835356
vn 0.5832583 0.2154783 0.7831851
v 0.5031306 2.6593406 1.5156888
vn 0.7518219 -0.0274505 0.6587946
v 1.0321382 2.6079855 1.2172282
vn 0.7738262 -0.0151432 0.6332170
v 1.0843146 2.5331762 1.1381079
vn 0.8777876 0.4347276 -0.2012482
v 1.2377650 3.1083245 0.0802818
vn 0.3700358 0.4684403 0.8022701
v 0.7429842 3.3243332 1.1018507
vn 0.2527623 0.7769066 0.5766518
v -0.6780477 4.8751349 -0.1821510
vn 0.7314997 0.3000032 0.6122959
v -0.3868101 5.3637123 -0.6787425
vn 0.5188653 0.2763737 0.8089477
v -0.7481745 5.1093402 -0.3398910
vn 0.8276210 -0.3830163 0.4102950
v -1.4540589 4.3678818 0.2509845
vn 0.4626442 0.2241237 0.8577464
v 0.3760347 2.6878181 1.6018389
vn 0.5501105 0.1197138 0.8264666
v 0.7761858 2.6544688 1.3996578
vn 0.5601950 0.0585618 0.8262882
v 0.9826941 2.6690738 1.2664635
vn 0.4289215 0.5557757 0.7121375
v -0.7003086 4.8310347 -0.0955872
vn -0.9357589 -0.3039314 0.1788323
v -2.7778490 3.5831478 0.8040885
vn -0.3576519 0.0723914 -0.9310449
v -2.2294452 4.1285214 -0.2000964
vn -0.9900436 -0.0946897 0.1041516
v -2.7749767 3.6394501 0.8776860
vn -0.9780909 0.1196864 0.1703328
v -2.3213477 4.7292800 -0.4240095
vn -0.9842386 0.1710807 -0.0447858
v -2.7872202 3.6921062 1.0956969
vn 0.6253489 0.0330892 0.7796435
v 0.8527002 2.6403325 1.3270260
vn 0.7606936 0.1786276 0.6240493
v 1.0575504 2.7251048 1.1755176
vn 0.5442140 0.3475782 0.7635579
v 0.4728168 2.7961068 1.4981792
vn 0.8160588 0.2455755 0.5232024
v 1.1635659 2.8486290 0.9756066
vn 0.7434583 0.1296643 0.6560922
v -1.8453366 3.7120695 1.2918804
vn 0.5778494 0.3553711 0.7347119
v -2.0443535 3.8246031 1.5044692
vn 0.7927296 -0.1470009 0.5915831
v -0.6185013 5.4712763 -0.4289730
vn 0.2044343 0.4468061 0.8709598
v 0.4541157 3.4714487 1.1109593
vn 0.6154088 0.3373619 0.7123616
v -1.5215482 4.5828900 0.3545004
vn 0.5916065 0.4753214 0.6512076
v 0.9050607 3.0146058 1.1821413
vn -0.9409279 -0.0464331 -0.3354082
v -2.6227949 2.8640859 0.1209372
vn 0.7414759 -0.1882707 0.6440246
v -1.8003117 4.2853389 1.0634907
vn 0.7903196 -0.0102788 0.6126085
v -1.7580993 4.3911710 1.0142640
vn 0.6187034 0.2966624 0.7274597
v 0.9723495 2.8120844 1.2267072
vn -0.9751051 -0.2078124 -0.0773567
v -2.2775335 4.4993067 -0.5052615
vn 0.5787635 -0.7950920 -0.1812777
v 0.5578971 1.0588182 -0.2603466
vn 0.5622161 -0.7989743 -0.2134319
v 0.5162940 1.0577819 -0.4405548
vn 0.9610252 0.1604214 0.2251570
v 1.3297962 2.7245436 0.6629256
vn 0.3774382 -0.8820240 -0.2820888
v 1.1500772 1.1649250 0.0928143
vn 0.4836288 -0.7797952 -0.3975207
v 0.6657876 1.1032596 -0.0627579
vn 0.8267255 -0.5217152 -0.2105667
v 0.5890806 1.1470203 -0.3752301
vn 0.7260805 -0.5873238 0.3575723
v 0.7104636 1.1928762 1.1144627
vn 0.5332555 -0.8304075 -0.1614375
v 1.4007984 1.2739596 0.1969485
vn 0.6703440 -0.6430767 -0.3702584
v 0.6486333 1.1297171 -0.1410648
vn 0.5895143 -0.5495210 -0.5920301
v 0.4991583 1.1458827 -0.5965479
vn -0.6979689 -0.7146598 0.0458335
v -2.7076194 3.4098921 1.1316063
vn -0.7918064 -0.5648069 -0.2324560
v -2.7178161 3.4119282 0.3083031
vn 0.8759168 0.4222697 0.2333627
v -1.8762507 5.3038383 -1.7346547
vn 0.8636625 0.3424987 0.3698401
v -0.3327582 5.3976245 -0.7798929
vn 0.9611486 -0.2677071 -0.0672780
v -1.8678939 4.5659804 -0.6773664
vn -0.1292951 0.1170000 -0.9846795
v -1.2683028 2.8494771 -0.6768726
vn 0.4722717 -0.7942840 -0.3821943
v 1.2988023 1.2559242 0.0619032
vn 0.4278311 -0.6902730 -0.5835098
v 1.3133876 1.3359215 -0.0378675
vn 0.7765964 -0.5642927 -0.2801280
v 0.6509097 1.2128181 -0.2838885
vn 0.8634006 -0.4169432 0.2840736
v -0.3355110 4.9349999 -0.4845507
vn 0.9413062 -0.3203715 -0.1063243
v -1.8711771 4.5939121 -0.8699136
vn 0.9564114 0.2117648 -0.2010793
v -0.2774679 5.3177552 -0.8481060
vn 0.8930963 -0.0578563 -0.4461295
v 1.2443221 2.5652823 -0.2747250
vn -0.7938300 -0.4421363 0.4175517
v -2.4380615 3.2638316 0.8832198
vn 0.5674304 -0.8221956 0.0449121
v 1.4872704 1.3144770 0.4374888
vn 0.6760281 -0.6917655 -0.2538630
v 1.5896388 1.4324307 0.1512600
vn 0.8001167 -0.5252232 -0.2897481
v 0.6593262 1.2856599 -0.4360869
vn 0.7531227 -0.5585731 -0.3475661
v 0.5551710 1.1488230 -0.5140949
vn 0.5632551 -0.7509154 0.3447750
v -1.0530150 4.5610313 -0.0039837
vn 0.5555510 -0.7335982 -0.3914036
v 1.4624739 1.3579500 0.0690705
vn 0.6071448 0.1936057 -0.7706439
v 0.9573870 2.9961019 -0.4386294
vn 0.5051728 -0.8497313 -0.1508549
v -0.4266756 4.8502278 -0.4004718
vn 0.9357235 0.3006361 -0.1844979
v -1.4599092 4.0915570 0.2041917
vn 0.4020124 -0.3537245 -0.8445502
v -0.2875116 5.2278304 -0.8517228
vn 0.6576351 -0.7493775 -0.0771330
v 1.5840555 1.3961982 0.3128316
vn 0.6198612 -0.6034440 -0.5016248
v 1.5430140 1.4545560 0.0312030
vn 0.4352997 0.3186416 -0.8420106
v 0.7173372 2.9406502 -0.6242187
vn 0.6622279 -0.6887354 -0.2951236
v 0.7370118 1.3239033 -0.3246252
vn 0.7724757 -0.2809092 -0.5695361
v 0.6107043 1.3098719 -0.6136884
vn -0.0908404 0.5768583 -0.8117774
v -0.6564726 3.3262255 -0.5908596
vn 0.9330159 0.2082306 0.2934645
v -1.6149540 4.4945078 0.7519983
vn 0.6784638 -0.7229147 0.1306951
v 1.6234263 1.4331927 0.5245200
vn 0.8140453 -0.5750850 -0.0812866
v 1.7019171 1.5154722 0.3188124
vn 0.4503121 -0.5434323 -0.7084493
v 1.3782545 1.4441646 -0.1161471
vn -0.6084076 -0.7705213 0.1900976
v -2.5145328 3.3327284 0.8557347
vn 0.6709086 -0.6079516 -0.4245899
v 0.8762331 1.4235075 -0.2552454
vn 0.7195739 -0.6506763 -0.2425571
v 0.8536476 1.4420217 -0.3854172
vn 0.6493788 -0.6507345 -0.3935120
v 0.7991178 1.4282130 -0.4928322
vn 0.7077629 -0.5597662 -0.4309683
v 0.6612033 1.3497750 -0.5258550
vn 0.5285133 -0.3844929 -0.7568613
v 0.5736024 1.4150324 -0.6634403
vn -0.0099571 0.3321103 -0.9431880
v -0.4734660 3.0218871 -0.7117239
vn 0.9185336 0.2920124 0.2665050
v -1.8754251 5.1639357 -1.5836431
vn 0.9949719 -0.0669683 -0.0744728
v -1.8703680 4.4236493 -0.2298006
vn 0.9919106 0.1121840 0.0593985
v 1.3679454 2.6445518 0.3937221
vn 0.9921556 -0.0343192 0.1202062
v -1.4826783 4.2850575 0.2691849
vn -0.2606412 -0.8381600 0.4791180
v -2.4828558 3.3487022 1.3266438
vn 0.9275124 0.2541961 0.2740530
v -1.5649866 4.5040979 0.5234625
vn 0.8217211 -0.5460555 -0.1630889
v -1.9085021 4.4404116 -0.6051078
vn 0.8305613 0.4585064 0.3161326
v -1.5447807 4.1389165 0.7098654
vn 0.9230214 0.2817999 -0.2619549
v -1.8455274 5.2552347 -1.8189510
vn 0.7878804 -0.6134135 0.0544827
v 1.6957461 1.5037698 0.4669347
vn 0.7833203 -0.4652432 -0.4122599
v 1.6577370 1.5424877 0.0961878
vn 0.5675900 -0.3300367 -0.7542661
v 1.5095439 1.5835911 -0.1024989
vn 0.9224939 0.3410634 0.1807784
v -1.8804585 5.0232258 -1.3714167
vn 0.7960480 -0.5272512 0.2971762
v 1.6956044 1.5353971 0.5982168
vn 0.8467660 -0.4856758 -0.2170401
v 1.7072394 1.5473440 0.2176149
vn 0.6679687 -0.4254394 -0.6105892
v 1.5856248 1.5569601 -0.0186210
vn -0.3173397 -0.6782481 -0.6627783
v -1.1676342 1.0130217 -0.8712768
vn 0.8057988 -0.4915994 -0.3301792
v 0.8922210 1.5097407 -0.4197258
vn -0.7683026 -0.1651657 -0.6184103
v -2.0638857 1.0535315 -0.1562022
vn 0.9214888 -0.3209457 0.2187520
v 1.7647806 1.6651133 0.5594376
vn -0.0483724 0.9288129 -0.3673782
v -0.7848171 3.6929963 -0.1342065
vn 0.9581651 0.1202703 0.2597204
v -1.6002587 4.3203602 0.7278417
vn 0.8988407 -0.4361660 0.0429482
v 1.7453216 1.5846395 0.4554726
vn 0.9561501 -0.2928716 0.0017963
v 1.7939442 1.7052054 0.4002819
vn 0.7493544 -0.2359972 -0.6186869
v 1.6364961 1.6813389 -0.0198474
vn 0.6891670 -0.3195456 -0.6503379
v 0.8032638 1.5427035 -0.6070218
vn 0.9267912 -0.2017398 -0.3167951
v -0.2608812 5.1874762 -0.8012631
vn -0.7057877 -0.6287434 0.3264131
v -2.3111868 2.1590106 0.7921521
vn 0.9574751 -0.2683403 -0.1059955
v -1.8920966 4.7692413 -1.2885555
vn 0.7123097 -0.4029464 -0.5746732
v 1.0712007 1.6824912 -0.2699799
vn 0.7612891 -0.4638772 -0.4530529
v 0.9780114 1.6112256 -0.3301845
vn 0.8247713 -0.3108105 -0.4723866
v 0.8921988 1.5761528 -0.4867485
vn 0.9306855 -0.3248422 -0.1682326
v 1.7771559 1.6908834 0.2835924
vn 0.8681229 -0.2904411 -0.4025005
v 1.7226526 1.6803663 0.1207368
vn 0.7634436 -0.1092771 -0.6365629
v 0.8718897 1.6563174 -0.5412618
vn -0.1682288 0.8638200 -0.4748833
v -0.5167323 2.8564227 -0.9625590
vn -0.9245916 -0.2670262 -0.2717119
v -2.5773413 3.2906361 0.2297472
vn 0.9870818 -0.0948998 0.1290878
v 1.8178480 1.8503163 0.4677468
vn 0.9269018 -0.1342001 -0.3504902
v 1.7859492 1.8151380 0.1751910
vn 0.8166037 -0.0823847 -0.5712891
v 1.7191941 1.7983385 0.0566592
vn 0.8363506 -0.2927141 -0.4635043
v 1.1648813 1.7951949 -0.1927575
vn 0.7541513 -0.2984197 -0.5849800
v 0.9198831 1.7190117 -0.4955511
vn -0.0152419 0.8277584 -0.5608776
v -0.8328621 3.6205611 -0.2704587
vn -0.9398935 0.3063514 0.1508278
v -2.6458375 3.0943899 0.5252706
vn 0.9905264 -0.0700119 -0.1181343
v 1.8233640 1.8493967 0.3139197
vn 0.7689840 -0.3435502 -0.5391076
v 1.0774524 1.7974914 -0.3589953
vn 0.6716359 -0.2255028 -0.7057292
v 0.7275558 1.6937242 -0.7276440
vn 0.9921567 0.0475037 0.1156224
v -1.8586317 5.0595961 -1.5786347
vn -0.6794792 -0.7306764 0.0664848
v -2.7167380 3.3827982 0.4842309
vn -0.6909144 -0.7205324 -0.0589102
v -2.6540766 3.3372884 0.3803748
vn 0.9283231 0.0829176 -0.3624099
v 1.7867403 1.8929777 0.1784130
vn 0.6772564 -0.2735169 -0.6830171
v 0.9282132 1.8155423 -0.5439816
vn -0.9642151 0.0584338 0.2586016
v -2.8072727 3.7423887 0.7863990
vn -0.9957599 -0.0830067 0.0396501
v -2.7956946 3.6059756 1.1374116
vn 0.8981830 0.2615411 0.3533603
v -0.2768883 5.1943388 -0.7259298
vn -0.7952330 -0.5621154 0.2272242
v -2.4521840 2.3058400 0.6994083
vn 0.4635600 -0.8849634 -0.0441816
v -1.1097826 4.5191798 -0.0611169
vn 0.9517704 0.1417368 0.2721101
v 1.8028071 1.9708036 0.5559996
vn 0.9433720 0.2117260 -0.2553848
v 1.7951173 1.9926953 0.2554182
vn 0.8784291 -0.2278989 -0.4200290
v 1.2211854 1.9342594 -0.1677609
vn 0.7484550 -0.2149494 -0.6273849
v 1.0423782 1.8978401 -0.4394022
vn 0.9556290 0.2742423 0.1075378
v -1.8563899 4.8001347 -0.7741875
vn -0.9227295 -0.3699690 -0.1081354
v -2.2961342 4.6034622 -0.3869625
vn 0.8132128 -0.2227320 -0.5376574
v 1.1433320 1.9443543 -0.3342600
vn 0.6450195 -0.1133360 -0.7557148
v 0.9572802 1.9397115 -0.5542023
vn -0.8084956 0.1436778 -0.5706940
v -2.4947805 4.4022832 0.0922737
vn -0.9573275 0.2477194 -0.1488595
v -2.6116769 3.1688282 0.2929533
vn -0.4197549 0.8262002 -0.3757645
v -2.1434500 5.4315906 -1.6643565
vn -0.6683180 -0.0203866 -0.7435963
v -2.5689633 3.7383282 -0.0820074
vn 0.9912964 0.1299422 0.0211331
v 1.8218691 1.9741979 0.4192449
vn 0.8465512 -0.1343993 -0.5150611
v 1.1972895 2.0451522 -0.2870946
vn 0.7278291 -0.0610859 -0.6830325
v 1.0494537 2.0322237 -0.4704963
vn -0.9606183 0.2722713 0.0555058
v -2.7546608 3.8242037 1.0937594
vn 0.9818420 -0.1884874 -0.0214178
v -1.8727626 4.9099913 -1.4900187
vn -0.2724383 -0.9432216 -0.1900277
v -2.1350687 4.4220467 -0.8277282
vn 0.8556733 0.2345672 -0.4613042
v -1.5109428 4.1147289 0.0585783
vn 0.9051500 0.3435280 0.2503839
v -1.5147796 4.2479696 0.4887522
vn 0.9056078 0.3952504 0.1537916
v 1.7966001 2.0553916 0.4851483
vn 0.9777128 0.1459534 0.1509149
v -1.8422097 5.1806464 -1.7479725
vn 0.6880211 -0.1417779 -0.7117065
v 0.7497222 1.9769197 -0.7070481
vn -0.8820135 -0.3508414 -0.3145830
v -2.2455826 4.4979334 -0.8325882
vn -0.2628188 -0.9129480 0.3121737
v -1.8667706 1.8079560 0.6134787
vn -0.6550372 -0.3234836 0.6828505
v -1.8600582 1.0930506 1.3175682
vn 0.7172601 0.6954787 -0.0429812
v 1.7512370 2.1355922 0.3921822
vn 0.3501120 0.6902903 -0.6331831
v -1.0837512 3.6860063 -0.2487837
vn 0.6427861 -0.1368177 -0.7537287
v 0.8764953 2.0355074 -0.6125571
vn 0.1490154 0.8709853 -0.4681657
v -1.2504510 3.7725337 -0.2105799
vn -0.7179784 -0.5726435 -0.3957101
v -2.2267966 4.9311037 -1.1472102
vn 0.3582564 -0.6817270 -0.6378877
v -0.2935371 5.0785465 -0.7426998
vn -0.8859289 -0.0520657 -0.4608896
v -2.6873386 3.6234930 0.1056873
vn 0.9923250 0.1219062 0.0207377
v -1.8693578 4.9113326 -1.2187197
vn 0.9251968 0.2118080 -0.3148781
v 1.3054430 2.7455969 -0.0794043
vn 0.9352636 0.3492011 0.0577977
v -1.4530305 4.1264920 0.3973494
vn -0.9975194 0.0626802 -0.0320363
v -2.6793947 4.0959015 0.9137625
vn -0.9037549 -0.3457612 -0.2523417
v -2.2269056 4.6958041 -0.7550128
vn 0.7537398 0.0512280 -0.6551732
v 1.1213580 2.1928022 -0.3790611
vn 0.6435769 -0.1562397 -0.7492650
v 0.7896543 2.1072195 -0.7163604
vn 0.7021718 -0.7116457 0.0226954
v -1.4407085 4.3279943 0.1274958
vn -0.8983542 -0.4363568 -0.0505231
v -2.7605875 3.4834602 1.0752820
vn -0.4946920 -0.5328674 0.6865364
v -2.1391654 2.2169707 1.0790933
vn 0.9691513 -0.2032713 -0.1393788
v -1.8617787 4.7093420 -1.0135374
vn 0.9732731 -0.0930317 0.2099634
v -0.2910459 5.0216589 -0.5808075
vn 0.9280780 -0.1269808 -0.3500673
v 1.3002642 2.1502836 -0.0669138
vn 0.9174858 -0.1467713 -0.3696998
v 1.2531737 2.0870407 -0.1847880
vn 0.7465639 -0.0535493 -0.6631553
v 1.0051622 2.1842959 -0.5110440
vn 0.6963492 -0.1593688 -0.6997853
v 0.8899500 2.1452048 -0.6384702
vn 0.4805506 -0.7130769 0.5104827
v -0.8838048 4.6650791 -0.0357441
vn -0.9251167 0.2294297 -0.3025247
v -2.5918932 3.1438069 0.1794618
vn 0.9010299 0.0867365 0.4249964
v -1.6473210 4.3986940 0.8531691
vn 0.9589698 -0.0230754 -0.2825679
v 1.3261143 2.5561278 -0.0635115
vn 0.9133335 -0.0441140 -0.4048161
v 1.2979306 2.2743161 -0.1165317
vn 0.4614127 0.4335505 -0.7740363
v 0.3929097 2.7337945 -0.8780931
vn -0.3595759 0.1104009 -0.9265618
v -2.0120764 2.7343383 -0.5227785
vn -0.8951496 0.0126021 -0.4455877
v -2.7246504 3.6830688 0.1829955
vn 0.9362953 0.0643629 -0.3452661
v 1.3686000 2.2405331 0.0782217
vn -0.9512153 -0.0872029 -0.2959478
v -2.7911942 3.6079247 0.3365046
vn 0.9746539 0.1866702 0.1233048
v 1.3390677 2.7838287 0.5349621
vn 0.5384930 -0.7891309 -0.2954618
v -0.3373017 4.9372544 -0.5472234
vn 0.9853452 0.0540248 -0.1617907
v 1.3653357 2.6085916 0.1165965
vn 0.9924193 0.0502354 -0.1121623
v 1.3875816 2.3212161 0.2074224
vn 0.8255988 0.0048676 -0.5642366
v 1.2084491 2.1791141 -0.2786430
vn 0.9374811 0.3308938 -0.1078816
v 1.2965460 2.9846022 0.1504599
vn 0.9479452 0.0769364 0.3089995
v -1.5332482 4.3560658 0.4283844
vn 0.9623830 0.1798210 -0.2036747
v 1.3407893 2.7806566 0.0674001
vn 0.9260917 0.1847869 0.3289499
v 1.3026762 2.7558110 0.7361535
vn 0.8767394 0.4793285 -0.0396510
v 1.2225409 3.1664186 0.2252223
vn -0.9156588 0.0858210 -0.3926879
v -2.5683908 2.8883133 -0.0199542
vn 0.8334202 -0.0723394 -0.5478848
v 1.2216440 2.3542659 -0.2463900
vn 0.7849949 -0.0999619 -0.6113842
v 1.0661424 2.2818890 -0.4330425
vn -0.9946670 -0.0675230 -0.0779630
v -2.7820954 3.6219285 0.9807819
vn 0.9982767 -0.0361565 0.0462226
v -1.8683556 4.5499797 -0.4401819
vn 0.9619809 0.0185944 -0.2724830
v 1.3488066 2.4282789 0.0183357
vn 0.7994478 -0.2645492 -0.5393487
v 1.1344422 2.3909445 -0.3986889
vn 0.7050052 -0.1313522 -0.6969321
v 1.0159347 2.3597007 -0.5289747
vn -0.9767761 -0.1754701 0.1229583
v -2.7313282 4.2599587 0.6518889
vn -0.6601074 -0.1922779 -0.7261456
v -2.2201335 5.3455567 -1.6174896
vn 0.9938837 0.1068763 -0.0277967
v -1.8530595 4.8203869 -1.0213904
vn 0.9813994 -0.1082899 -0.1585202
v -1.4924234 4.2337556 0.1588125
vn 0.8725379 0.1392247 0.4682887
v 1.2319632 2.7138212 0.8966586
vn -0.6445635 -0.6132349 0.4565972
v -2.1874907 1.9517219 0.5638386
vn -0.9857519 -0.1329798 -0.1030024
v -2.7284908 4.1686125 0.5211339
vn 0.9296557 0.3680492 0.0167379
v 1.2863715 3.0281332 0.2842596
vn -0.6510624 -0.5170835 -0.5556461
v -2.1736643 5.2832031 -1.6060627
vn -0.9797274 -0.0275299 -0.1984348
v -2.2758882 4.5213900 -0.2706270
vn -0.8957916 0.2367609 -0.3761672
v -2.5580947 3.0803378 0.0418068
vn -0.5640288 -0.0913665 -0.8206849
v -2.3107672 3.4190288 -0.1385043
vn 0.9931797 0.1050136 0.0506587
v 1.3884264 2.3610606 0.4435899
vn 0.8926581 -0.0943108 -0.4407575
v 1.2632073 2.4459946 -0.2000727
vn 0.7210783 -0.1600493 -0.6741144
v 1.0957164 2.4597523 -0.4868877
vn -0.4636525 0.7529877 -0.4669432
v -1.1226066 1.3628550 -0.7268037
vn -0.7395691 0.3960683 -0.5442128
v -2.5544672 4.1896563 0.0744255
vn 0.8741226 0.4720208 0.1144823
v -1.8993989 4.9509773 -0.9868537
vn 0.9993211 -0.0366759 0.0034952
v -1.8477423 4.7044716 -0.7783689
vn 0.9962866 0.0836544 -0.0203719
v 1.3775562 2.6110866 0.2527089
vn 0.9718257 0.0392288 -0.2324134
v 1.3389342 2.5253515 0.0247995
vn 0.5361407 -0.8440299 0.0129105
v -1.3452861 4.3888178 0.0513444
vn 0.6591977 0.7473301 0.0834033
v -1.9237255 5.3860874 -1.7619126
vn 0.3421693 0.9139877 0.2180520
v -2.0121090 5.4218049 -1.6985586
vn 0.6410940 0.6561265 0.3981163
v -1.9438127 5.3655825 -1.6764976
vn 0.7557742 0.5446892 0.3634818
v -1.9311308 5.1888623 -1.4767697
vn 0.2041404 0.9181365 0.3396352
v -2.1114459 5.4213543 -1.5951777
vn -0.1501432 0.8779311 0.4546362
v -2.2580781 4.5698848 1.0312217
vn -0.2640166 0.9593349 0.0998591
v -0.4881927 3.8533540 0.5005083
vn 0.0968067 0.9951019 0.0200198
v -1.8634845 4.6802363 0.5410326
vn 0.5534809 0.8044702 0.2156078
v -1.6803237 4.6144986 0.7610784
vn -0.1149767 0.7083675 0.6964165
v -1.1183375 5.1867204 -0.0259881
vn -0.2215738 0.9309364 0.2902802
v -2.2247610 5.3961825 -1.5238426
vn -0.2255469 0.9732850 -0.0429520
v -2.3711989 4.6612334 0.4542543
vn -0.0765335 0.9558508 0.2837112
v -2.1751661 4.6378584 0.8876649
vn 0.5257720 0.7049958 0.4759672
v -2.0321455 5.3186598 -1.5112789
vn -0.0881701 0.9130745 0.3981470
v -0.2260407 3.0063906 1.4246610
vn 0.2348242 0.9476381 0.2164248
v -1.7872686 4.6417203 0.7911975
vn -0.2161230 0.9148995 0.3409542
v -2.3214815 4.6039801 0.9268497
vn -0.2636530 0.9630439 0.0550780
v -2.4449000 4.6419311 0.5909202
vn -0.1571583 0.8798906 0.4484348
v -2.1666996 4.7690206 -0.1627269
vn 0.6765884 0.7334817 0.0650602
v -0.4112550 5.5473452 -0.7664865
vn 0.3063911 0.8090782 0.5015147
v -1.3039602 3.7353435 0.6755667
vn 0.2486953 0.9637321 0.0968051
v -2.0731096 4.6678438 0.0491124
vn -0.2582276 0.9621924 0.0866270
v -2.2124424 4.6617756 0.0704751
vn 0.5597108 0.7338156 0.3850177
v -2.0457723 5.2319484 -1.3609761
vn 0.3499524 0.7765675 0.5239049
v -1.8015854 4.5841050 0.9866289
vn -0.2883350 0.9408131 0.1781394
v -0.7037847 3.7846158 0.4984131
vn 0.1464879 0.8712023 0.4685594
v -2.1833165 5.3563395 -1.4462640
vn -0.5104064 0.7957301 0.3260353
v -2.2978675 5.3259683 -1.4135424
vn 0.3378764 0.8742344 0.3486455
v 0.4171923 3.8372514 0.7533072
vn -0.9746826 -0.2127753 -0.0687054
v -2.5910254 3.2719610 0.3594192
vn 0.1170833 0.8542445 0.5065153
v -0.9407655 3.6422930 0.7791327
vn 0.8473629 0.4734999 0.2403621
v -1.4731377 4.1000638 0.5794209
vn 0.4047512 0.9139531 -0.0294297
v -1.2879192 3.8785310 0.2781021
vn 0.2268185 0.9523956 -0.2037060
v -1.9596105 4.6170964 0.0274158
vn 0.0453959 0.8788560 0.4749225
v -1.1281947 3.7267814 0.7294059
vn 0.1787031 0.9629821 0.2018188
v 0.2852352 3.9125593 0.6214506
vn -0.0882381 0.9933075 0.0745277
v -0.0539304 3.9351850 0.4908198
vn 0.0135243 0.9792350 0.2022769
v 0.1086951 3.9230373 0.6350580
vn -0.9267433 -0.2968076 -0.2303307
v -2.7802410 3.5105836 0.3566856
vn 0.0392353 0.9806893 0.1915964
v -1.9721916 4.6696014 0.7805280
vn -0.8653035 0.0937362 -0.4924059
v -2.5968583 4.2747564 0.2529804
vn -0.0129887 0.9988912 -0.0452514
v -2.1219459 4.6709881 0.2071746
vn -0.1729318 0.9824287 0.0702037
v -0.2425221 3.9091609 0.5061684
vn 0.6971564 0.5719963 0.4321958
v -1.3285875 3.7819877 0.6238566
vn 0.0056435 0.8216709 0.5699343
v -2.1066678 4.5430565 1.1015673
vn 0.8129172 0.3755667 0.4451015
v -0.4563207 5.5390916 -0.6617172
vn 0.4623935 0.8686417 0.1779157
v -0.5181225 5.6098804 -0.5993271
vn -0.4859609 0.8097660 -0.3288176
v -2.5068285 4.5767827 0.2304201
vn -0.9474000 0.0966867 -0.3050982
v -2.6439085 2.9262154 0.1703640
vn -0.9116449 0.2694493 -0.3103236
v -2.6519771 4.1697001 0.3192198
vn 0.0192466 0.9986005 -0.0492599
v -2.0334165 4.6843357 0.4282896
vn -0.1479919 0.8330254 0.5330733
v -0.1975938 3.7925153 0.9067917
vn -0.8706444 0.4010386 -0.2848621
v -2.6623855 4.0876737 0.2144334
vn -0.8100698 -0.5259810 -0.2590965
v -2.3162019 4.6919851 -0.5691762
vn -0.8866553 -0.4129974 0.2080281
v -2.7952943 3.5463047 0.7008708
vn -0.2460996 0.9691893 0.0103447
v -0.7052055 3.8016016 0.3299070
vn 0.6556162 0.6984703 0.2868913
v -1.9963994 5.1513343 -1.2638330
vn 0.4922398 0.8256702 0.2756242
v -2.0740800 5.1743507 -1.1703999
vn 0.6259785 0.7218811 -0.2950229
v 1.7154081 2.1332307 0.2409228
vn -0.7057022 0.6192482 -0.3442616
v -2.2617261 5.3858471 -1.5720615
vn 0.2638899 0.9641179 -0.0289604
v -0.9548652 3.7917342 0.3004023
vn -0.2048386 0.9514392 0.2297927
v -0.2696664 3.8856809 0.6608043
vn 0.7623991 0.5698853 -0.3065590
v 1.0297763 3.3579936 -0.0672195
vn -0.7387864 0.2123542 -0.6396096
v -2.4424486 2.9130075 -0.2062374
vn -0.6654493 0.5940198 -0.4520152
v -0.6989649 5.4972920 -0.5376900
vn -0.0246812 0.9991127 -0.0341272
v -1.8492498 4.6746116 0.3329946
vn -0.9485695 -0.1893692 0.2536832
v -2.6647935 2.7144997 0.6361410
vn 0.8257983 0.3972087 -0.4003530
v 1.7511939 2.0420277 0.1717428
vn 0.5175149 0.7986528 0.3071354
v -1.2913688 3.8355365 0.5052678
vn 0.6541348 0.6526528 -0.3822984
v 0.9250716 3.4662702 -0.0953565
vn -0.9734984 -0.0417290 -0.2248545
v -2.6589382 2.8464360 0.2380128
vn -0.8997346 -0.4301207 -0.0739861
v -2.7514544 3.5129871 0.9242820
vn 0.3356491 0.8537339 0.3980932
v -2.1625133 5.2499533 -1.2579097
vn -0.0250091 0.9011156 0.4328571
v -2.0862188 4.5925584 1.0159717
vn 0.9176218 0.3708857 -0.1428780
v 1.8023608 2.0438776 0.3436350
vn 0.0453007 0.9113326 0.4091709
v -1.2024318 3.7885144 0.5882175
vn 0.7516884 0.6437687 -0.1432709
v 0.9845979 3.4966874 0.1333758
vn -0.6292371 -0.7770798 0.0144116
v -2.1846967 4.3531799 -0.4696404
vn -0.8896430 0.2921421 0.3509822
v -2.5581064 3.1655309 0.6987282
vn -0.5981132 0.3127615 -0.7378624
v -2.2815394 3.3311477 -0.1881663
vn -0.5046640 0.8083568 0.3031065
v -2.5961320 4.5464406 0.7762611
vn 0.3723083 0.9148916 -0.1560769
v 1.6766545 2.1773775 0.3200895
vn 0.2660276 0.8100507 0.5225393
v -1.6392708 4.6568890 0.3783720
vn 0.8079159 0.5683138 -0.1558565
v 1.1018989 3.3350267 0.1160118
vn 0.7199896 0.6442567 -0.2579696
v 0.9450561 3.5175514 0.0505653
vn -0.6857638 0.1760601 -0.7062088
v -2.3625464 2.8572087 -0.3180201
vn -0.9563466 0.1648110 0.2413265
v -2.6822448 4.3058443 0.9277425
vn 0.0088257 0.9322362 0.3617427
v -0.6267339 5.5786014 -0.4511208
vn 0.1093140 0.8701632 0.4804856
v -2.1259067 4.8409576 -0.2919738
vn 0.2572703 0.9184588 0.3004090
v -2.1275928 5.1410065 -0.9829125
vn 0.1671928 0.9605151 0.2223902
v -0.9231387 3.7692225 0.4978431
vn 0.7690197 0.6171229 0.1666374
v -1.6336254 4.5893097 0.6751557
vn -0.0303856 0.8464823 0.5315492
v -0.0466185 3.8264153 0.8769861
vn 0.6450621 0.7544618 -0.1211707
v 0.8739165 3.6082335 0.1833525
vn 0.5722239 0.7614297 -0.3046056
v 0.7717782 3.6368115 -0.0010845
vn -0.9843411 0.1652211 -0.0614377
v -2.6795690 2.9864092 0.4025433
vn -0.5146787 0.8021018 0.3028840
v -2.2628851 5.1286812 -0.9863967
vn -0.2031734 0.7745497 0.5989936
v -0.8578806 3.5703468 0.8966451
vn 0.4903609 0.8237733 -0.2845063
v 0.6320934 3.7493267 0.0329943
vn -0.8945479 -0.2960578 0.3348640
v -2.7672226 3.5450513 1.2360519
vn -0.0647859 0.8797120 0.4710727
v 0.0722838 3.0050354 1.4081421
vn 0.6679911 0.6167406 0.4164362
v -1.6988286 4.5811815 0.8888709
vn 0.3449321 0.9343173 0.0898499
v -1.7179440 4.6518750 0.5796729
vn 0.0742139 0.7759809 0.6263753
v -1.0935621 3.6599607 0.8301195
vn -0.1919649 0.8928242 0.4074487
v -2.2232449 5.2067189 -1.1396053
vn 0.0641684 0.9969769 -0.0438133
v 1.5461138 2.2049007 0.3809610
vn 0.0932457 0.9873853 -0.1279668
v -1.9828811 4.6597586 0.2146854
vn 0.8131728 0.5818561 -0.0139100
v 1.0830600 3.3798308 0.3147534
vn 0.3914744 0.8577411 -0.3332087
v 0.5014563 3.8069553 0.0066993
vn -0.7880024 0.1546545 -0.5959314
v -2.4230378 4.2904201 -0.0459384
vn -0.9981537 -0.0002158 -0.0607392
v -2.7527280 4.3003764 0.5337213
vn -0.4413607 0.8921961 -0.0958485
v -2.6047482 4.5842328 0.4656435
vn 0.6929843 0.6871833 0.2180641
v -1.9742430 5.0293031 -0.9167601
vn -0.8236789 0.4956979 0.2753845
v -2.3465202 5.0621924 -1.0069275
vn 0.0524259 0.7141799 0.6979961
v -2.1770117 4.4259691 1.2514228
vn 0.7551028 0.5898584 0.2861590
v 1.7531987 2.1060243 0.5333886
vn 0.5610084 0.7968276 0.2243554
v 1.7054268 2.1605148 0.5141814
vn 0.2857245 0.9575303 0.0386927
v 1.6475817 2.1948483 0.4567077
vn 0.6423537 0.7658871 -0.0282627
v 1.4234070 2.2107425 0.3729006
vn 0.2774560 0.9174119 -0.2852609
v 0.3695808 3.8711305 0.0400086
vn -0.6834427 0.2858179 -0.6717249
v -2.3937192 3.1054988 -0.1988262
vn -0.2363992 0.9638632 -0.1228136
v -2.2996564 4.6529298 0.2390589
vn 0.4381648 0.7023507 0.5609947
v 0.6524196 3.6355367 0.9263643
vn -0.1372162 0.8046085 0.5777343
v -2.2578146 4.4815836 1.1752794
vn -0.5881473 0.7990644 -0.1248157
v -0.7775883 5.4818478 -0.4062327
vn 0.5196927 0.8190320 0.2431175
v -2.0395138 5.0924344 -0.9488248
vn 0.3524481 0.8027330 0.4810408
v 0.5049333 3.7461438 0.8527674
vn 0.2073537 0.9334416 0.2927307
v 1.6204947 2.1865156 0.5603403
vn -0.1352034 0.9864262 0.0931853
v 1.5156825 2.2019374 0.4850067
vn -0.3879604 0.9150572 0.1102588
v -1.7874732 4.6870017 0.2376297
vn 0.5775029 0.8146567 -0.0531510
v 0.7603050 3.7124250 0.2994564
vn 0.4560612 0.8792419 -0.1376296
v 0.5778825 3.8068168 0.1666563
vn -0.9764683 -0.1342954 0.1687439
v -2.7227554 4.2670121 0.7802439
vn 0.8554524 0.5042089 0.1182147
v -1.3964547 3.9962308 0.5066889
vn -0.1241382 0.8506973 0.5107873
v -0.7232085 5.5142660 -0.3463428
vn 0.1450370 0.9055107 0.3987663
v 0.2603532 3.8683722 0.7847064
vn 0.0066112 0.9388447 0.3442777
v 0.0747576 3.8950691 0.7454133
vn 0.6665999 0.6010431 0.4408990
v 1.7203544 2.0844817 0.6346053
vn -0.3779285 0.9201572 0.1023758
v -2.5598950 4.6019735 0.6113487
vn 0.7481617 0.6629226 -0.0280680
v 0.9863195 3.5074389 0.2788725
vn 0.5614681 0.8109387 -0.1647184
v 0.7273989 3.7133274 0.1462935
vn 0.8274404 0.4867810 0.2799762
v -1.4329695 3.9905906 0.6862206
vn 0.8110554 0.5487807 0.2025559
v -1.9062549 4.8996344 -0.7773897
vn 0.6061006 0.7274318 0.3216910
v -1.9981561 4.9432125 -0.6201228
vn 0.4722543 0.8199422 0.3235287
v -2.0551267 5.0196052 -0.7187871
vn -0.1293934 0.9184958 0.3736615
v -2.1827748 5.0897717 -0.8104026
vn 0.2169555 0.9396856 0.2644263
v 1.4462055 2.1809573 0.5098389
vn -0.0881271 0.9203085 0.3811376
v -0.8214954 3.6972771 0.6497658
vn 0.7443654 0.6672430 -0.0265886
v -1.3523250 3.9373331 0.3343731
vn 0.6734847 0.7391708 0.0067008
v 0.8775945 3.6173103 0.3689799
vn 0.3340723 0.9359726 -0.1111348
v 0.4103283 3.8901784 0.2079822
vn 0.1584443 0.9771649 -0.1415777
v 0.2526327 3.9272957 0.1882632
vn -0.0381130 0.9685798 -0.2457655
v 0.0290508 3.9192908 0.0775977
vn 0.1543223 0.7866463 0.5978063
v 0.0924060 2.9492209 1.5160693
vn 0.5576623 0.6237616 0.5476626
v -1.5726051 4.5930305 0.3878211
vn 0.2550582 0.9000193 0.3534270
v -2.1107917 5.0720968 -0.7843278
vn 0.3065752 0.8024728 0.5119072
v 1.6307818 2.1440177 0.6414375
vn 0.8095952 0.3343751 0.4824406
v 1.3548433 2.1309114 0.6759207
vn 0.4605446 0.8870802 -0.0314235
v 0.5796132 3.8215046 0.3388893
vn -0.9699866 0.1498788 -0.1914744
v -2.7984362 3.8073282 0.4051503
vn -0.9504259 0.3105751 -0.0152848
v -2.6221519 3.1781971 0.4093776
vn -0.6260539 0.4604364 0.6293289
v -0.6855492 2.7190511 1.5684137
vn 0.1460629 0.9359016 0.3205524
v -1.8629811 4.6220088 0.9251208
vn 0.3169540 0.5808404 0.7497764
v -1.3755467 3.6218944 0.8299512
vn -0.0919152 0.9078942 0.4089985
v 1.5234501 2.1646552 0.6204054
vn -0.9930820 -0.0958790 0.0677891
v -2.6882181 4.1913314 0.8792568
vn 0.7516615 0.6247851 0.2113025
v -1.5996915 4.5820560 0.4864158
vn -0.3086522 0.9091638 0.2795623
v -0.4568124 3.8354633 0.6463560
vn 0.7716472 0.6341258 0.0494480
v 1.0099063 3.4722636 0.5154387
vn 0.5586662 0.8283454 0.0416641
v 0.7200078 3.7406282 0.4655379
vn -0.8438620 0.1579772 -0.5127769
v -2.5250051 2.9327044 -0.0982857
vn 0.2610711 0.9652336 0.0128788
v -1.0867077 3.8332558 0.2955045
vn 0.2238723 0.9700276 -0.0944864
v -1.1756874 3.8484581 0.1510389
vn -0.5042702 0.8619041 0.0532259
v -1.0102215 5.3323350 -0.2453985
vn -0.6232355 0.7266378 0.2890937
v -2.2346585 4.6948328 -0.0778638
vn 0.8503323 0.5051678 -0.1474463
v -1.4026686 3.9852884 0.2436384
vn -0.4190282 0.8903894 -0.1778261
v -2.5491123 4.5966930 0.3796338
vn -0.2596911 0.8655382 0.4282572
v -0.3259863 3.8075097 0.8272632
vn -0.1325832 0.9814077 -0.1387827
v -0.0932220 3.9218693 0.1692855
vn -0.9580827 0.1165873 0.2616961
v -2.6628163 2.9111233 0.6323712
vn -0.4069929 -0.8166711 0.4091517
v -1.9443395 1.0359192 0.4652532
vn -0.7545305 -0.4414323 -0.4856143
v -1.9290079 1.0525935 0.7281615
vn -0.9105179 -0.3934334 0.1271508
v -2.0018106 1.0768731 1.0154829
vn 0.2847632 0.2988661 -0.9108178
v 0.5951553 2.8955667 -0.6835764
vn -0.3347141 -0.2712769 -0.9024274
v -1.1601152 4.8210597 -0.3707328
vn -0.4123088 0.1366199 -0.9007422
v -2.3067026 3.9125719 -0.2087103
vn -0.9243739 -0.3470476 0.1584013
v -2.1761920 1.0619781 0.2108964
vn -0.7404424 -0.2899222 0.6063746
v -2.0762713 1.0636443 0.3612642
vn -0.7989994 -0.1465970 0.5831888
v -1.9248242 1.0770231 0.5306271
vn -0.9894025 0.1365317 0.0494154
v -2.0041244 1.1213323 0.9988887
vn -0.7702295 0.2083546 0.6027728
v -1.8878505 1.1718498 1.2812304
vn -0.8733867 0.1273903 0.4700717
v -2.1525669 1.1036805 0.2609001
vn -0.8610151 0.1682178 -0.4799538
v -1.9551415 1.1186850 0.7786131
vn -0.9682380 0.1377240 -0.2086799
v -1.9917608 1.1313705 0.8886585
vn -0.8797212 0.2810634 0.3835284
v -1.9367616 1.1891971 1.1823459
vn -0.5318484 0.3740465 0.7597543
v -1.8043737 1.2360615 1.3288149
vn -0.5244105 0.0479412 0.8501149
v -1.8095529 1.1532898 1.3573785
vn -0.2920107 -0.0808205 -0.9529941
v -1.1026893 2.6599009 -0.7160640
vn -0.2515765 0.0312531 0.9673327
v -1.1848425 1.1265471 1.2861271
vn -0.9770587 0.2090108 -0.0408759
v -2.1604810 1.1271811 0.1193682
vn -0.9302211 0.3666557 0.0158871
v -2.1508088 1.1838300 0.1804350
vn -0.7966949 0.4020786 0.4512317
v -2.1349785 1.1809893 0.2434263
vn -0.7057269 0.3735969 0.6019759
v -2.0700090 1.1540313 0.3230670
vn -0.6927251 0.3770938 0.6147619
v -2.0176024 1.1442648 0.4060188
vn -0.7492824 0.6275992 0.2114120
v -1.8337700 1.1337014 0.5913270
vn -0.1353579 0.3598968 0.9231211
v -1.1753904 1.2722023 1.2442821
vn -0.7575713 0.0229811 0.6523478
v -1.0543789 1.1575776 1.4319806
vn -0.4548028 0.1045517 0.8844340
v -0.8685282 1.1785781 1.5992727
vn -0.3692318 0.8009994 0.4712407
v -0.5467170 2.9248371 1.4054382
vn -0.0583209 0.0242199 -0.9980041
v -2.0074878 3.6836722 -0.2672322
vn -0.6090866 0.4813610 0.6303215
v -1.9126393 1.1475036 0.4978050
vn -0.7867859 0.5109534 -0.3462581
v -1.9324728 1.2385151 0.8473044
vn -0.8257832 0.1225886 0.5505037
v -2.5756903 2.9107616 0.8224488
vn -0.7246095 0.2760399 0.6314611
v -1.1250339 1.2066569 1.3288965
vn -0.7805163 0.2312158 0.5808043
v -1.0300192 1.2277088 1.4527743
vn -0.5956931 0.2008173 0.7777032
v -0.9351867 1.2088299 1.5393739
vn -0.7385711 0.6480938 0.1857076
v -2.0999196 1.2621924 0.2006934
vn -0.6917232 0.1628863 0.7035531
v -2.4113798 2.9340198 1.0093725
vn -0.8144691 -0.3603251 0.4547591
v -0.7881948 2.3289349 1.4506854
vn -0.6749833 0.4354009 0.5956708
v -1.1250435 1.2821007 1.2896520
vn -0.2933403 0.3924372 0.8717480
v -0.7853250 1.2749679 1.5994565
vn -0.7727844 0.6210840 -0.1306103
v -2.0891173 1.2564381 0.0954774
vn -0.5937233 0.5652552 0.5726947
v -2.0146952 1.2591858 0.3072282
vn -0.9015015 0.3057947 0.3062429
v -2.6221652 3.0615628 0.6606108
vn -0.6865340 -0.3326132 0.6465598
v -0.7183314 2.3640041 1.6060419
vn -0.6115408 0.5107581 0.6042715
v -1.8270708 1.3028851 1.2803559
vn -0.5189149 0.4786189 0.7082735
v -0.9365364 1.3154253 1.4934276
vn -0.6040401 0.0876506 0.7921193
v -2.2718830 3.1062076 1.0821291
vn -0.5056685 0.6356294 0.5833308
v -1.8727596 1.2565715 0.4394031
vn -0.3913462 0.7819961 0.4851085
v -1.8315498 1.3317670 0.3726582
vn 0.4571543 0.2489175 -0.8538443
v 0.7756518 2.6883197 -0.6810552
vn -0.6309850 -0.3398785 0.6973812
v -2.3293488 2.4664481 1.0739298
vn -0.5387870 0.7583526 0.3668922
v -1.8114381 1.3776425 1.2026622
vn -0.7766010 -0.0731114 0.6257361
v -0.7494603 2.4533293 1.6026318
vn -0.6584210 0.5289469 0.5354409
v -1.0336155 1.3369188 1.3626897
vn -0.5072497 0.7045959 0.4962281
v -0.8952873 1.4034685 1.4324076
vn -0.1683860 0.6427042 0.7473804
v -0.4535874 2.9979005 1.3350080
vn -0.5537879 0.7717889 0.3125073
v -2.0191939 1.3253050 0.2278749
vn -0.4500294 0.7663216 0.4585027
v -1.7355897 1.3933351 0.3318783
vn -0.6061714 0.7743423 0.1815221
v -1.5544578 4.9177747 0.0524664
vn -0.1735625 0.9353974 0.3080710
v -1.6552240 1.4515164 1.1555334
vn -0.6633968 -0.1777494 0.7268493
v -2.3654745 3.5602124 1.5186861
vn -0.8136502 0.2376882 0.5305448
v -0.8168721 2.6397445 1.4372919
vn -0.7105476 0.6120983 0.3470703
v -2.2661064 4.7931185 -0.3131595
vn -0.3739562 0.5303422 0.7608508
v -1.0845383 1.3951541 1.2222270
vn -0.7255194 0.4451538 0.5248426
v -0.7631766 2.7203362 1.4655699
vn -0.3522095 -0.4003085 0.8459914
v -2.4015112 3.5011218 1.4628738
vn -0.6643549 0.5292975 0.5277089
v -1.5754092 1.4273365 0.4457532
vn -0.3490192 0.8001446 0.4878056
v -0.9613068 1.5138549 1.1802456
vn -0.5030346 0.7175577 0.4817335
v -0.9446331 1.4079063 1.3575963
vn -0.4767139 0.6790689 0.5582199
v -0.6096450 2.8199871 1.5476562
vn -0.4206292 0.0292547 0.9067609
v -2.1643512 2.7466936 1.2448434
vn -0.7112255 0.3947507 0.5816617
v -1.6093260 1.4807451 0.3660555
vn -0.2806557 -0.2595682 0.9240437
v -2.4721167 3.6559689 1.4809508
vn -0.4215375 0.6754610 0.6050278
v -1.4926325 1.4921490 1.1111133
vn -0.4907191 0.7307647 0.4745289
v -0.9699618 1.4601852 1.2757188
vn -0.5429703 0.6441271 0.5387797
v -0.6936885 2.8354769 1.4207661
vn -0.8445204 -0.0768016 0.5299876
v -2.5904143 2.7516627 0.8043324
vn -0.7046364 0.6314020 0.3237578
v -1.7313933 1.4615346 0.2182953
vn -0.8818957 -0.2244649 0.4145789
v -2.6091108 2.6673627 0.7463958
vn -0.9372985 0.2440177 0.2488512
v -2.7671325 3.7465556 1.2235960
vn -0.3098920 0.8187649 0.4833125
v -0.4758840 2.9106486 1.5041808
vn -0.3143979 0.8423370 0.4377470
v -0.8316012 1.5150628 1.3002216
vn -0.6571153 0.5382530 0.5277151
v -2.5775630 4.2790236 1.1954943
vn -0.6107775 -0.0151665 0.7916571
v -2.2529209 2.7022069 1.1874300
vn -0.8511317 0.3991881 0.3409160
v -2.6829252 4.4191656 0.8308488
vn -0.7799733 0.1256043 0.6130786
v -1.5986506 1.5577728 0.3519105
vn -0.9658182 -0.2218155 0.1341389
v -1.5050616 1.6038678 0.4876632
vn -0.6341384 0.6223005 0.4589233
v -2.5795815 4.4012709 1.0448109
vn -0.4707637 -0.1481834 0.8697259
v -2.0981176 2.5823059 1.2652707
vn -0.7985878 0.4070263 0.4433815
v -1.5119796 1.5549400 1.0211220
vn -0.4828120 0.7476457 0.4559807
v -2.4989696 4.4882317 1.0122267
vn -0.2742701 0.6486903 0.7099133
v -0.8752446 1.5679359 1.1291196
vn -0.6667342 -0.1461083 0.7308338
v -2.6629119 3.5834813 1.3968027
vn -0.5853654 0.7100979 0.3912908
v -2.3308039 5.2103910 -1.2443601
vn -0.7684309 0.0236818 0.6394944
v -2.5025442 2.8238232 0.9269535
vn -0.9061683 0.1105368 0.4082164
v -1.6820253 1.6041189 0.2211546
vn -0.3324990 0.7507589 0.5707937
v -2.3680689 4.4451680 1.1838921
vn -0.4438742 0.0081267 0.8960523
v -2.0370831 2.6345170 1.3058096
vn -0.1208573 -0.0117565 -0.9926003
v -1.3233372 2.7865198 -0.6711963
vn -0.7537078 0.2818730 0.5936937
v -2.5981531 3.9680421 1.4034905
vn -0.9333301 -0.0381358 0.3569882
v -2.7796285 3.6252074 1.2488894
vn -0.8572146 -0.0285625 0.5141668
v -1.5266193 1.5818371 0.4336737
vn -0.8494446 0.0360106 0.5264477
v -1.4929023 1.6872360 1.0087276
vn -0.8651989 0.2787093 0.4168358
v -2.6931400 3.8714585 1.2906897
vn -0.4058277 0.1679158 0.8983920
v -0.8416272 1.6365310 1.1036055
vn -0.7732967 -0.0288680 0.6333869
v -0.7760124 1.7006763 1.1754671
vn -0.5189602 -0.1744567 -0.8368065
v -2.5110660 3.6679144 -0.1119042
vn -0.4127795 0.1880435 0.8912086
v -2.4436641 3.9036636 1.5635298
vn -0.6954630 -0.6900731 0.2003253
v -1.5437565 1.6763445 0.4770105
vn -0.9740133 -0.0055876 -0.2264218
v -2.3579311 5.2324719 -1.3982275
vn -0.6804212 -0.7193919 0.1396509
v -1.5872946 1.7112921 0.6296523
vn -0.7277382 -0.5829989 0.3612609
v -1.5893550 1.7866131 0.7863576
vn -0.9881091 -0.1082082 0.1092310
v -1.5639192 1.6890891 0.8001738
vn -0.7124267 -0.1651790 0.6820293
v -1.4314351 1.8583355 1.1011746
vn -0.8639027 -0.3859966 0.3235410
v -2.5061936 2.4350867 0.8104221
vn -0.6802781 -0.1938895 0.7068442
v -0.5502000 1.7246990 1.4928906
vn -0.7422806 -0.0047249 0.6700725
v -2.4020944 2.7175839 1.0377922
vn -0.8394067 -0.1704554 0.5160827
v -2.5143676 2.5901310 0.8766981
vn -0.3264929 -0.8227431 0.4652916
v -1.6630994 1.7826076 0.6905691
vn -0.4744863 0.6515409 0.5919098
v -2.4668303 4.3541312 1.2180024
vn -0.8053572 -0.3257305 0.4952773
v -0.7256274 2.1680744 1.4304327
vn -0.7939690 -0.1431986 0.5908531
v -0.7605945 1.8770159 1.2192651
vn -0.8029706 0.0921927 0.5888453
v -2.7339633 3.6846302 1.3234547
vn -0.4807327 0.8018084 0.3549640
v -1.3822887 5.0459156 0.0221232
vn -0.8117111 0.4393659 0.3848153
v -2.6348784 4.3054380 1.0712302
vn -0.7657154 0.3908802 0.5107765
v -2.6097193 4.1436977 1.2694964
vn -0.5304548 -0.2333251 0.8149707
v -0.4714770 1.8246891 1.5709633
vn -0.5032171 -0.1749024 0.8462752
v -2.5141075 3.7683301 1.5132147
vn -0.3820715 0.4409216 -0.8121635
v -1.8836005 3.3822570 -0.4081632
vn -0.7796288 -0.1530506 0.6072516
v -2.4310153 2.5409453 0.9931921
vn -0.6294216 -0.4440880 0.6376632
v -2.6569061 3.4873605 1.3617852
vn -0.7647243 -0.1935956 0.6145872
v -0.6080514 1.8680043 1.4463636
vn -0.3767772 -0.2078590 0.9026814
v -0.3785889 1.8490509 1.6327224
vn -0.4599999 -0.3252050 0.8262215
v -2.1147356 2.4545450 1.2182966
vn -0.6000437 0.3756940 0.7062590
v -2.5164754 3.9994397 1.4734063
vn -0.3064712 0.9480827 0.0849384
v -1.6968105 1.4506662 1.0982115
vn 0.2270806 0.2183819 -0.9490752
v 0.2983347 3.2759168 -0.5841843
vn -0.0608945 -0.5817544 0.8110818
v -1.6778475 1.0775193 1.3912830
vn -0.7109594 0.6173314 0.3368068
v -2.2800977 4.9084034 -0.5406333
vn -0.7754362 0.2685836 0.5714557
v -2.5139654 3.0872073 0.8411499
vn -0.7641097 0.1512439 0.6271058
v -2.6475635 3.8078191 1.3842390
vn -0.7695321 0.0712284 0.6346234
v -2.3738017 3.1859651 0.9615210
vn -0.9209012 0.0448203 0.3872108
v -2.6461868 2.8345709 0.7123203
vn -0.9176167 0.2702293 0.2914715
v -2.6733098 4.1554179 1.1297634
vn -0.4184352 0.5192158 0.7452027
v -0.5796408 2.7637167 1.6146195
vn -0.4643140 0.0003051 -0.8856707
v -1.7479689 2.7277915 -0.6284607
vn -0.6628419 -0.2500653 0.7057677
v -0.8113893 2.0104334 1.1901642
vn -0.6538063 0.1763963 -0.7358137
v -0.6424890 5.3932986 -0.6519756
vn -0.0517018 0.3845681 -0.9216476
v -0.2347200 3.2772336 -0.6655701
vn -0.6940466 0.2488264 0.6755627
v -0.7196502 2.5798678 1.6114929
vn -0.5588055 0.8009888 -0.2148336
v -1.8145074 4.6703925 0.1300314
vn -0.5069135 -0.0740794 0.8588079
v -2.5916743 3.6505425 1.4523731
vn -0.9049565 -0.3985771 -0.1489633
v -2.2225306 4.4963231 -0.9783015
vn -0.3880135 -0.2674564 0.8819935
v -0.6174180 2.3871751 1.6804163
vn -0.5772051 0.5186694 0.6307268
v -2.5151250 4.1783595 1.3468155
vn 0.0655286 -0.8421773 0.5352041
v -0.6880188 1.0689873 1.5859647
vn -0.7181180 0.0705881 0.6923322
v -2.5846086 3.8206837 1.4569188
vn -0.4455170 0.3408539 -0.8278486
v -1.9718577 3.2129452 -0.4295301
vn -0.6399121 -0.3420109 0.6881432
v -0.6444327 2.2258339 1.5857303
vn -0.9143621 0.3459604 0.2103648
v -2.2927170 4.7208853 -0.2710638
vn -0.6416042 -0.1615036 0.7498404
v -2.3164802 2.5678463 1.1226231
vn -0.6542308 0.1418455 0.7428741
v -2.5245249 3.8865039 1.5145110
vn -0.7608311 -0.3891318 0.5193385
v -2.4366431 2.4300976 0.9376752
vn -0.7255605 0.2181961 0.6526504
v -2.4511199 3.0501678 0.9281898
vn -0.8493788 0.2534274 0.4629582
v -2.5875819 3.0320537 0.7624131
vn -0.4343387 0.5587306 0.7065197
v -2.4283490 4.1710715 1.4207723
vn -0.6777857 0.1068529 0.7274539
v -2.3672504 2.8449271 1.0630651
vn -0.5373883 0.1980904 0.8197402
v -2.2032046 2.8623779 1.2063195
vn -0.0229776 -0.0799803 -0.9965316
v -1.5802734 2.6466222 -0.6565890
vn -0.6330307 -0.4823427 0.6054897
v -2.2932200 2.3253317 1.0124490
vn -0.0023821 0.4194855 -0.9077589
v -0.6537342 3.1974103 -0.6698100
vn -0.6847111 0.6427315 0.3436087
v -2.6508284 4.4990120 0.7813251
vn -0.8209034 -0.2753990 0.5002731
v -0.7223661 2.0372009 1.3553511
vn -0.6166755 -0.3740802 0.6926582
v -0.6005427 2.0270791 1.5469602
vn -0.1604796 -0.0882393 0.9830871
v -2.5073326 3.6157875 1.4753250
vn -0.5238227 -0.3439738 -0.7792893
v -0.4396785 5.2369633 -0.7791807
vn -0.8784103 0.0420385 0.4760547
v -0.8218782 2.5232489 1.4623704
vn -0.1642701 -0.2077924 -0.9642809
v -1.2580074 2.6539021 -0.6637905
vn -0.2103960 0.2702919 -0.9395083
v -0.9508169 3.0783796 -0.6705693
vn -0.1635494 0.3275234 -0.9305804
v -0.8367060 3.1322107 -0.6849276
vn -0.2629705 -0.1109641 -0.9584015
v -2.2137120 3.6049986 -0.2365536
vn -0.0604173 0.3584275 -0.9316005
v -1.3837248 3.1519108 -0.6137275
vn -0.8029196 -0.3209276 0.5023203
v -0.8223795 2.1980834 1.2792413
vn -0.8896501 -0.2984059 -0.3456540
v -1.3659863 1.0420945 -0.6408960
vn -0.8608764 0.3616306 -0.3579317
v -1.3497909 1.1705103 -0.6329349
vn -0.9217305 0.2652718 -0.2829204
v -1.3938783 1.1040081 -0.5333613
vn -0.7352734 -0.5200709 -0.4346255
v -2.6509936 3.4085588 0.1746834
vn 0.0580119 0.9670498 -0.2478898
v 1.5523872 2.1869175 0.2719422
vn -0.8106107 0.2805425 -0.5140099
v -2.1115575 1.1235089 -0.0279570
vn -0.8404363 0.4283647 -0.3319196
v -1.8276951 1.1586546 0.6740655
vn -0.5636891 -0.6514803 -0.5077677
v -2.3309016 5.1083670 -1.2935374
vn -0.6809947 0.5266697 -0.5087880
v -1.3137963 5.0866518 -0.2190792
vn -0.9163393 0.1470834 -0.3724094
v -2.3276155 5.3153625 -1.5066327
vn -0.5884547 0.4037977 -0.7004774
v -1.2162564 1.1665803 -0.8209485
vn -0.8601650 0.1709257 -0.4805211
v -1.3264755 1.0839438 -0.7275663
vn -0.5913294 0.5468947 -0.5926515
v -1.9990463 1.2129093 -0.1505421
vn -0.7350765 0.5410758 -0.4085334
v -2.0772636 1.2442216 0.0057867
vn -0.7140121 -0.6221436 -0.3211294
v -2.2692208 4.7791200 -0.8072538
vn -0.6830096 0.4162008 -0.6002290
v -1.8926109 1.1884251 0.7554468
vn -0.9569601 -0.1301923 -0.2593787
v -2.1690905 4.5560098 -1.2463293
vn -0.6758427 0.4891493 -0.5513344
v -1.2315446 1.2458586 -0.7218300
vn -0.9144084 0.2904924 -0.2819070
v -1.4097174 1.1667714 -0.4205076
vn -0.8717252 0.0897226 -0.4817106
v -2.6867907 3.8554997 0.1363725
vn -0.8367539 0.5460134 -0.0413808
v -2.3096201 4.6108127 -0.0689124
vn -0.8611265 -0.2860929 -0.4202522
v -2.1036501 5.0647898 -1.5352095
vn -0.8524497 0.5077442 -0.1246008
v -1.9437783 1.2517359 0.9485070
vn 0.1057664 0.7608584 -0.6402406
v -1.2644418 3.7228880 -0.2868075
vn -0.0894659 0.7709677 -0.6305591
v -1.4420910 3.7479081 -0.2522292
vn -0.6983178 0.5779248 -0.4223212
v -1.2645143 1.3003191 -0.6452613
vn -0.5795330 0.7809178 -0.2330430
v -2.0194550 1.3210200 0.0472254
vn -0.9803503 0.1329260 -0.1457530
v -2.2015991 4.6390252 -0.8983149
vn -0.5931894 0.8030151 0.0573860
v -1.6605831 1.2880863 0.5740647
vn -0.6424873 0.5920956 -0.4864494
v -1.8020331 1.2425849 0.6885984
vn -0.9178417 0.3784640 0.1197151
v -1.9646537 1.2281334 1.0594641
vn -0.7623442 0.4068091 -0.5033266
v -2.4019918 4.5118947 0.0181554
vn -0.8263434 0.5039755 -0.2513272
v -1.3209389 1.2584721 -0.5398188
vn -0.8091322 0.5066690 -0.2976432
v -1.3555952 1.2736026 -0.4258086
vn -0.7993288 0.2459275 -0.5482638
v -2.4932830 3.0796335 -0.0988002
vn -0.4772060 0.8783726 -0.0271320
v -1.9641839 1.3688271 0.1367262
vn -0.9860114 -0.1259924 -0.1091211
v -2.2628319 4.5603638 -0.4318107
vn -0.6629311 0.6384950 -0.3909558
v -1.6342026 1.3781252 0.7083780
vn -0.6178144 0.7027867 -0.3526984
v -1.8739229 1.3116601 0.8547993
vn -0.6848043 0.7282826 -0.0254503
v -1.8849781 1.3554825 1.0386866
vn -0.7831331 0.5202602 0.3406344
v -1.9061438 1.3057206 1.1392204
vn -0.4863033 0.7154896 -0.5015813
v -1.8076577 1.3424886 -0.1239486
vn -0.4148951 0.8456775 -0.3356959
v -1.8972614 1.3664910 0.0145284
vn -0.3964199 0.8600516 0.3211891
v -1.8674829 1.3962016 0.2157105
vn -0.8921590 0.4167301 0.1743225
v -2.7301095 4.4657173 0.6452109
vn -0.5070502 0.7515788 -0.4219353
v -1.7128239 1.3798962 0.8059584
vn -0.4839576 0.8466853 -0.2211542
v -1.7182947 1.4189874 0.8966985
vn -0.6122570 0.7530119 -0.2410693
v -1.1855969 5.2157564 -0.2272578
vn -0.9959371 0.0792380 0.0427869
v -2.6892333 4.1525760 1.0242541
vn -0.9106507 0.3580869 0.2061291
v -2.7780430 3.9055953 0.7555074
vn -0.9656740 0.2107241 0.1518849
v -2.7684257 3.8286159 0.8925501
vn -0.1856281 0.3122967 -0.9316722
v -1.0187193 1.2307519 -0.8898075
vn -0.8456049 -0.2954926 -0.4445633
v -2.7059860 3.4972520 0.1702647
vn -0.6747019 0.7176650 -0.1724365
v -1.7554767 1.4319394 0.0063738
vn -0.4348423 -0.8738574 -0.2174522
v -2.1517067 4.3852315 -0.6470346
vn -0.6522468 0.7040621 0.2808392
v -1.5716946 1.3634739 0.5305890
vn -0.4480236 0.8906975 -0.0770251
v -1.7824305 1.4183397 1.0251726
vn -0.6811230 0.7319718 0.0169936
v -1.7256186 4.7632799 0.1248636
vn -0.7551025 0.2833245 -0.5912255
v -2.4287744 3.2780023 -0.0605697
vn -0.8074477 0.5469819 -0.2209954
v -1.5571200 1.3830018 0.5826387
vn -0.8552660 0.3309520 -0.3987366
v -1.5549015 1.4570619 0.6494109
vn -0.9737592 -0.2275678 0.0024236
v -2.3295119 4.6974034 -0.4979745
vn -0.3316603 0.9054817 -0.2647723
v -1.1224935 1.4304639 -0.5144184
vn -0.4747810 0.8418551 -0.2566380
v -2.3662832 4.6041036 0.1196274
vn -0.9674908 0.2407335 0.0775175
v -1.7290626 1.5127662 0.1383252
vn -0.8384528 0.5439368 0.0336095
v -1.5787632 1.5130386 0.8714022
vn -0.4599002 0.8748885 0.1518615
v -1.5899616 1.4750706 1.0190279
vn -0.6480853 -0.5792819 -0.4943865
v -2.2050781 5.0615802 -1.3437539
vn -0.5775778 0.3560260 -0.7346084
v -1.6326216 1.4350955 -0.1775607
vn -0.9598814 0.2202574 -0.1735353
v -1.5693822 1.5325605 0.7345707
vn -0.9902300 -0.1360466 -0.0305915
v -2.3738978 5.0209703 -1.0651869
vn 0.1774125 0.7972821 -0.5769455
v 0.2823471 3.7050855 -0.2948730
vn 0.0192603 0.4129825 -0.9105353
v -0.9814710 3.2689893 -0.5682423
vn -0.6281285 0.7517279 -0.2008975
v -0.9340014 1.4882177 -0.5822082
vn 0.5349745 0.4248702 -0.7302654
v 1.3799199 2.0944335 0.0904299
vn 0.7181748 0.5165798 -0.4662299
v 1.0057638 3.2898629 -0.2096844
vn -0.7863988 -0.0000171 -0.6177192
v -1.6514148 1.5830268 -0.1183839
vn -0.8663835 0.3593515 -0.3467653
v -1.7069367 1.4896672 -0.0459570
vn -0.9486170 0.2788125 0.1496311
v -1.5087149 1.4729680 0.5149434
vn -0.9596931 0.1168311 -0.2556162
v -1.5178552 1.4976981 0.5752239
vn -0.9771801 0.1241945 0.1723218
v -1.5566226 1.5997400 0.8611668
vn -0.9042917 -0.0955878 -0.4160762
v -2.0305343 4.9600878 -1.6639919
vn -0.9506282 0.1733483 -0.2574034
v -0.9081432 1.5631824 -0.5302842
vn -0.1991756 0.6289735 -0.7514795
v -0.2732619 3.3425007 -0.6162969
vn -0.9946575 0.0828734 -0.0615507
v -1.7120808 1.6327313 0.0701865
vn -0.6403797 0.6769923 -0.3627608
v -0.9824514 5.3279624 -0.3488241
vn -0.8115138 0.3057401 -0.4979644
v -0.8702874 1.5379586 -0.6652734
vn -0.8418266 0.3962840 -0.3664519
v -0.9414939 1.5537393 -0.4166040
vn -0.9003779 -0.1613314 -0.4040938
v -1.6702188 1.7095156 -0.1005312
vn -0.9544597 -0.2419370 -0.1745657
v -1.5274814 1.6144083 0.5925942
vn -0.6095365 0.7834564 0.1210840
v -2.6662614 4.5508327 0.6025974
vn -0.5253681 -0.6074883 -0.5957738
v -2.3145914 5.2136030 -1.4360286
vn -0.8971018 -0.3939506 -0.2000282
v -2.3573332 4.9261913 -0.9547758
vn -0.8154612 -0.1396352 -0.5617162
v -0.8263773 1.6206471 -0.7544217
vn -0.8008302 -0.4475746 0.3979297
v -1.6339097 1.6607234 0.3098052
vn -0.7926167 0.2258177 -0.5663614
v -2.6112423 3.9176795 0.0273483
vn -0.8754506 0.2681993 -0.4020641
v -2.7002802 3.9834247 0.1776618
vn -0.9276354 0.3640976 -0.0832194
v -2.7669787 3.9586201 0.4629195
vn -0.6955122 0.3858386 -0.6061283
v -1.4591994 4.9417424 -0.1517745
vn -0.6723596 -0.3251631 -0.6649823
v -1.6219944 1.7987804 -0.2279766
vn -0.4665897 -0.8812015 0.0760131
v -1.7230227 1.7305050 0.2617791
vn -0.8468967 0.3652018 -0.3865148
v -2.6038418 4.1552062 0.1367277
vn -0.9259693 0.3775802 0.0037583
v -2.7896857 3.9276919 0.5975787
vn -0.8658912 0.4738666 0.1602593
v -2.7384610 3.9935691 0.7406589
vn 0.4726310 0.6360247 -0.6099939
v 0.6544506 3.5311599 -0.3004590
vn -0.9241222 -0.1598527 -0.3470524
v -0.8894136 1.7431278 -0.6393396
vn -0.9418329 -0.1171099 -0.3150177
v -0.9386859 1.6562572 -0.4316352
vn -0.4469220 -0.8615202 -0.2409225
v -1.7700648 1.7770386 0.0784224
vn -0.9483218 0.2707222 -0.1655151
v -2.7072511 4.0727983 0.4244748
vn 0.3922843 -0.0947541 -0.9149507
v -1.8470826 5.1254625 -1.8503751
vn -0.7026576 -0.1601584 -0.6932687
v -1.9821053 4.9673467 -1.7593224
vn -0.6245026 0.3375514 -0.7043122
v -0.7361979 5.4017591 -0.5618085
vn -0.6119762 0.2341820 -0.7554098
v -0.4839525 5.4896545 -0.7811157
vn -0.9438898 -0.1539237 -0.2921979
v -0.9242817 1.7099413 -0.5350506
vn 0.2910847 0.7435224 -0.6020334
v 0.3139284 2.8854134 -0.7769691
vn -0.6563120 -0.6753151 -0.3364579
v -1.7247488 1.7859049 -0.0323583
vn -0.9865897 0.1205656 0.1100220
v -2.6743937 4.0951500 0.7785834
vn 0.1638677 0.2448651 -0.9556090
v 0.1311435 3.1175702 -0.6454530
vn -0.9439974 0.3196838 0.0816781
v -2.7113111 3.9757469 0.9324795
vn -0.9881752 -0.0718569 0.1354488
v -2.7238636 4.1565695 0.6168768
vn -0.9831908 0.1535794 0.0987389
v -2.8271313 3.7846255 0.6660435
vn -0.9580022 0.2549211 0.1313282
v -2.7101073 3.9359491 1.1441636
vn -0.0003203 0.6668947 -0.7451519
v -1.3524783 3.6655340 -0.3470829
vn 0.0967099 0.5388777 -0.8368143
v 0.3404403 2.9473126 -0.6907275
vn -0.0852624 0.2334257 -0.9686294
v -1.1768377 2.9755390 -0.6573816
vn 0.1489597 -0.7235380 -0.6740206
v -1.9652858 4.7571979 -1.6680081
vn -0.9219427 0.3212248 0.2164168
v -2.3222854 4.8781548 -0.6226374
vn -0.6849155 0.7099780 -0.1637742
v -1.4574003 5.0067635 -0.0757683
vn -0.9923601 -0.1147199 -0.0453982
v -2.3076873 4.6054182 -0.2723568
vn -0.4890546 -0.5423267 -0.6831598
v -2.0325174 4.7204475 -1.6194632
vn 0.3033133 0.4846075 -0.8204612
v 1.5871923 1.9569136 -0.0153336
vn -0.9080895 -0.2597895 -0.3284555
v -0.8716446 1.8325236 -0.7475469
vn -0.9073334 -0.2797820 -0.3137965
v -0.9320076 1.9517658 -0.6825324
vn 0.3914086 0.4497515 -0.8028219
v 0.7274916 3.0798454 -0.5494149
vn -0.7539151 0.6118128 -0.2393682
v -1.6642097 4.8150640 0.0412905
vn -0.5075341 -0.3693503 -0.7784533
v -1.9992855 4.8122625 -1.7052804
vn -0.9576285 -0.2754606 -0.0840785
v -2.3460095 4.8219643 -0.7199907
vn -0.1043108 0.7785258 -0.6188836
v -0.5496204 3.5905876 -0.3333198
vn 0.3586526 0.4299019 -0.8285847
v 0.6513891 3.2869024 -0.4524327
vn -0.8888217 -0.0856018 -0.4501871
v -2.0514793 4.7940745 -1.6262640
vn -0.6518077 -0.3075465 -0.6932257
v -0.7633686 1.8062565 -0.9259410
vn -0.7067270 -0.3057308 -0.6380169
v -0.7962099 1.9525201 -0.9499461
vn -0.8465384 -0.2754841 -0.4555012
v -0.8527713 1.8659884 -0.8381550
vn -0.8629829 -0.3156234 -0.3945154
v -0.9781725 1.8379381 -0.4635903
vn -0.3441233 0.0206345 -0.9386978
v -2.1261687 3.4834914 -0.2386911
vn -0.9603072 0.0095761 -0.2787801
v -2.0934157 4.7815709 -1.4825473
vn -0.8650135 -0.3006058 -0.4017310
v -0.9097461 2.0308418 -0.8296485
vn -0.8470280 -0.3123239 -0.4301133
v -0.9893211 1.9909555 -0.5515659
vn 0.0142064 0.5066807 -0.8620168
v 0.4060047 3.0766165 -0.6473793
vn 0.8288949 0.1090621 -0.5486700
v 1.3322558 2.0927658 0.0284295
vn 0.0393274 0.5164168 -0.8554339
v -0.0659970 3.3647645 -0.5897598
vn -0.5899477 -0.7017233 -0.3994322
v -2.1608551 2.0113983 -0.0216768
vn -0.8921288 0.4158401 0.1765876
v -2.3609891 5.1941729 -1.2816141
vn -0.6802012 0.4718710 -0.5609493
v -2.4963591 4.5216393 0.1263855
vn -0.7797824 0.2631972 -0.5680375
v -2.6231718 4.0124626 0.0719241
vn 0.5439742 0.1051481 -0.8324879
v 0.7904406 2.5368669 -0.6945513
vn -0.6098815 -0.7060559 -0.3599022
v -2.2470448 2.1125805 -0.0685629
vn -0.1231497 0.0170697 -0.9922413
v -1.6372905 2.7468884 -0.6629610
vn -0.9732969 0.1749070 -0.1486634
v -2.1972756 4.5693998 -1.0711056
vn -0.4508706 -0.6556604 -0.6056609
v -2.2365286 5.1656213 -1.4265302
vn -0.7838604 -0.3630445 -0.5037475
v -0.8604204 2.0485048 -0.9183048
vn 0.1342233 0.5684432 -0.8116997
v 0.5211870 3.0738111 -0.6446310
vn -0.7641026 -0.6341598 -0.1182734
v -2.4377229 2.1907558 0.2130612
vn -0.8975956 -0.3550822 -0.2612258
v -2.2494690 4.6223383 -0.5692341
vn -0.9296097 0.3082570 -0.2019988
v -2.7466948 3.9588788 0.3191445
vn 0.1912323 0.6869711 -0.7010713
v -0.0247344 2.8549535 -0.9616896
vn -0.6648286 -0.5799128 -0.4708548
v -2.3285649 2.2199738 -0.1597905
vn -0.6834963 -0.6838142 -0.2554034
v -2.3957636 2.1826510 0.0912606
vn -0.8344812 -0.5500564 0.0328506
v -2.4488242 2.2041183 0.3348507
vn -0.7505692 -0.6431130 -0.1518271
v -2.2103786 4.4357963 -0.6070887
vn -0.9747449 0.1915238 -0.1148524
v -2.7392948 4.4545765 0.4881021
vn -0.9510807 -0.0205642 -0.3082574
v -2.7255042 4.3876839 0.4442715
vn -0.7194638 -0.2217267 -0.6581863
v -2.0563166 5.2539024 -1.7156370
vn -0.1712501 0.5425001 -0.8224154
v -0.8176188 3.2242358 -0.6383904
vn 0.4598430 0.7747952 -0.4338628
v 0.6433074 3.6821477 -0.0879501
vn -0.6935211 -0.6623779 -0.2833446
v -2.3718362 2.2117290 -0.0253563
vn -0.8230303 -0.4876141 -0.2912965
v -2.4619050 2.2798102 0.0528465
vn -0.8495035 -0.5273496 -0.0156945
v -2.5120976 2.3031552 0.2687580
vn -0.8459314 0.3572326 -0.3959609
v -2.7061718 4.4843326 0.3910527
vn -0.1141080 0.6249155 -0.7723082
v 0.0254454 3.5010073 -0.5201127
vn -0.9817982 0.0717909 -0.1758365
v -2.2373264 4.5492125 -0.8594397
vn -0.7322276 -0.2825033 -0.6197052
v -0.8726238 2.1877389 -1.0006341
vn -0.8635243 -0.2954394 -0.4087068
v -0.9355206 2.2196860 -0.9101961
vn -0.9101753 -0.2764598 -0.3084653
v -0.9781986 2.1586685 -0.7459974
vn -0.8094427 -0.4299355 -0.3999475
v -2.4172797 2.2982340 -0.0896382
vn -0.8626170 -0.1257685 -0.4899737
v -2.6847305 4.3177743 0.3746547
vn -0.8390402 -0.0375141 -0.5427747
v -2.3216524 4.3969278 -0.1306290
vn -0.9636866 -0.1777904 -0.1992453
v -2.1868849 4.7504888 -1.0232826
vn 0.1785607 0.4920327 -0.8520680
v 0.2140395 3.4404685 -0.5503691
vn -0.9298297 -0.2313767 -0.2861496
v -1.0350783 2.2839005 -0.6711945
vn -0.8644550 -0.3944981 -0.3115908
v -2.5167222 2.4236858 0.0688542
vn -0.8680465 -0.4410610 -0.2279486
v -2.5122144 2.3172083 0.1400199
vn -0.9428257 -0.3271399 -0.0637131
v -2.5861385 2.4279225 0.3160626
vn -0.8687538 -0.4950870 -0.0124807
v -2.5818450 2.3979330 0.4332234
vn -0.7560224 -0.5759457 0.3109932
v -2.4462829 2.3385196 0.8018184
vn 0.4641553 0.5450072 -0.6982313
v 0.7999851 3.3805828 -0.3152862
vn -0.7050862 -0.6122020 -0.3578576
v -2.2812428 4.6989202 -0.6426144
vn -0.7252557 0.6788687 -0.1146370
v -2.7003634 4.5250034 0.4725822
vn -0.9385320 -0.1589290 -0.3064300
v -2.1346953 4.9005375 -1.3608160
vn -0.9248385 -0.1466435 -0.3509550
v -0.9963288 2.3061957 -0.8312514
vn -0.6002222 -0.3640766 -0.7121669
v -2.1978927 2.3995149 -0.4124982
vn -0.7514031 -0.3328831 -0.5697212
v -2.3785784 2.4014649 -0.2103765
vn -0.9238828 -0.3408292 0.1739998
v -2.5810351 2.4793715 0.5862803
vn -0.8652551 -0.4379208 0.2440473
v -2.5300622 2.4218984 0.6654138
vn -0.9822819 0.0448586 -0.1819617
v -2.1405439 4.7181277 -1.2654927
vn -0.8677888 -0.4044572 -0.2887162
v -2.2064536 4.8362470 -1.0586526
vn 0.3295770 0.3182273 -0.8888816
v 0.5019786 3.2973690 -0.5106012
vn -0.8080190 -0.1322128 -0.5741298
v -0.9293631 2.3106258 -0.9844946
vn 0.2889900 0.2566898 -0.9222772
v -1.8707772 5.2634473 -1.8445797
vn -0.0638141 0.6358798 -0.7691454
v -0.5276361 3.4473953 -0.5161512
vn -0.8358821 -0.3974924 -0.3785512
v -2.4706213 2.4262896 -0.0721167
vn -0.5971246 0.0982993 -0.7961027
v -2.3573673 4.2150388 -0.1380930
vn -0.6985210 -0.0292301 -0.7149924
v -0.8679324 2.3774288 -1.0514940
vn -0.8468498 0.1003815 -0.5222730
v -0.9367713 2.4123931 -0.9654696
vn -0.9313436 0.0190666 -0.3636422
v -0.9977604 2.3886502 -0.8143818
vn 0.0610641 0.4865463 -0.8715182
v -1.3409220 3.5374610 -0.4417758
vn -0.8601350 -0.1972015 -0.4704035
v -2.3917122 2.5267999 -0.2628258
vn -0.8591769 -0.3746467 -0.3485038
v -2.5512648 2.5145350 -0.0023292
vn -0.9437808 -0.3304018 0.0106094
v -2.6032920 2.5303457 0.3725709
vn -0.9943771 -0.0530768 0.0916358
v -2.6002400 2.4799504 0.4552302
vn -0.8785477 -0.3230074 0.3518809
v -2.5531876 2.5552974 0.7703832
vn -0.7139040 -0.2759475 -0.6435791
v -2.3092728 2.4880781 -0.3435189
vn -0.7936308 -0.2989587 -0.5298811
v -2.4832916 2.5029268 -0.1310610
vn -0.9128839 -0.3724574 -0.1670881
v -2.5854132 2.4771645 0.1909170
vn -0.9278730 -0.1503908 -0.3412247
v -2.7348247 4.2433085 0.4702173
vn -0.7053285 -0.4253804 -0.5670654
v -2.2391639 4.3195453 -0.2145138
vn -0.6454668 0.2708347 -0.7141576
v -2.5034549 4.0179896 -0.0506196
vn -0.9829323 0.1668773 -0.0774355
v -2.2741411 4.5403423 -0.5964360
vn -0.9560508 0.2841021 -0.0724776
v -2.2477243 4.5819039 -0.5819232
vn -0.2039933 0.6707910 -0.7130401
v -1.5694332 3.6478939 -0.3239418
vn -0.8537486 0.3366657 -0.3972023
v -0.9220214 2.5628269 -0.9152001
vn -0.8909034 0.1491767 -0.4289959
v -0.9777168 2.4582798 -0.8730063
vn -0.9128271 -0.1405133 -0.3834094
v -2.5936449 2.6082146 0.0275001
vn -0.0916576 0.3773012 -0.9215437
v -0.3750546 3.1903226 -0.6708057
vn -0.8194343 -0.0323810 -0.5722576
v -2.6575766 4.3817606 0.2963400
vn -0.7961212 0.0593006 -0.6022245
v -2.5682924 4.4137535 0.1979433
vn -0.7008999 0.5387641 -0.4674104
v -2.6253364 4.5184512 0.3045738
vn -0.3808322 -0.5888733 0.7128780
v -1.8034062 1.0665133 1.3472275
vn -0.9287135 -0.3636637 -0.0723874
v -2.6485260 2.6060734 0.2430876
vn -0.9157168 -0.3981461 0.0542433
v -2.6643767 2.6329648 0.4267962
vn -0.8402519 -0.5335565 0.0964061
v -2.6400323 2.5987930 0.4640004
vn -0.8943225 -0.3720941 0.2484619
v -2.6097333 2.5933409 0.6726285
vn -0.7805814 -0.6016487 -0.1694448
v -2.2382996 4.4183445 -0.4251714
vn -0.7751592 -0.0068619 -0.6317288
v -1.0412374 2.5210764 -0.7290678
vn -0.8980396 -0.0464481 -0.4374556
v -2.5489471 2.6988764 -0.0902040
vn -0.9535778 -0.1283336 -0.2724334
v -2.6427433 2.6322474 0.1454697
vn -0.9884155 0.0604595 0.1392102
v -2.7447140 4.3629537 0.6683166
vn -0.9944212 -0.0663984 -0.0819619
v -2.8314128 3.6551757 0.5371302
vn -0.7776346 0.2926960 -0.5564293
v -0.8749359 2.5618033 -1.0100033
vn -0.7801459 0.4476539 -0.4370106
v -0.9167337 2.6587777 -0.8265201
vn -0.7431761 -0.0834496 -0.6638716
v -2.3331165 2.6353452 -0.3508443
vn -0.7525336 -0.1498695 -0.6412741
v -2.4218478 2.6461246 -0.2340093
vn -0.7833410 -0.1171230 -0.6104582
v -2.4981761 2.6843007 -0.1695087
vn -0.9890118 -0.1288593 -0.0724636
v -2.6819613 2.6861699 0.3493665
vn -0.9007998 -0.0251864 -0.4335037
v -2.6909516 4.1913772 0.4132428
vn -0.9784505 0.0956771 -0.1829768
v -2.3140469 4.5453677 -0.1674690
vn -0.7358425 0.4695559 -0.4879070
v -1.5336423 4.9122372 -0.0799215
vn -0.7509988 0.1886353 -0.6327856
v -2.5932889 3.8302317 -0.0445923
vn -0.7221851 -0.4690441 -0.5083761
v -2.0881677 4.6472287 -1.5056602
vn -0.9478574 0.0190758 -0.3181234
v -2.6179554 2.7633009 0.1261770
vn -0.9866330 0.0254761 -0.1609543
v -2.6725874 2.7713137 0.3170958
vn -0.9910562 -0.0929644 0.0957356
v -2.6883702 2.7479963 0.5343684
vn -0.7943900 0.2282116 -0.5629069
v -2.4819739 4.2590570 0.0375873
vn -0.5868870 -0.7417772 -0.3245461
v -2.1785512 4.3104405 -0.3296130
vn -0.6420945 -0.6562155 -0.3963532
v -2.3303168 4.9832973 -1.1033196
vn -0.0594020 0.7141557 -0.6974619
v -0.4523418 2.8159032 -1.0295193
vn -0.9656360 0.0181119 -0.2592667
v -2.1317184 4.6430655 -1.3733560
vn -0.9330785 0.0641715 -0.3539021
v -2.7699578 3.7571659 0.2747685
vn -0.6025060 0.0570873 -0.7960701
v -2.2814009 2.7311175 -0.4092945
vn -0.8007622 0.0740170 -0.5943916
v -2.4882843 2.7987509 -0.1855689
vn 0.0044206 0.7201490 -0.6938053
v -0.3123351 2.8377702 -1.0135455
vn -0.0339232 0.6127154 -0.7895752
v -0.8799342 3.4428689 -0.4753392
vn 0.0931829 0.6164762 -0.7818402
v -1.1165475 3.4782732 -0.4551915
vn -0.0994205 0.2659464 -0.9588473
v -0.3728976 3.0858018 -0.7146744
vn 0.2782704 0.1243602 -0.9524181
v 0.1995288 2.6443350 -0.9883744
vn 0.1201969 0.5151176 -0.8486499
v -0.1923597 2.7862864 -1.0445292
vn 0.3546221 0.6838621 -0.6376329
v 0.4740045 3.5989676 -0.3424689
vn 0.4959764 0.3616686 -0.7894322
v 0.8730822 3.0742519 -0.4730514
vn 0.6101077 0.1189537 -0.7833382
v 1.2624207 1.9044189 -0.0762159
vn 0.5554586 0.3229025 -0.7662896
v 0.8616936 2.9382966 -0.5249205
vn 0.0387453 0.2746741 -0.9607565
v -0.5996292 3.0834939 -0.7017876
vn 0.5483627 -0.0231385 -0.8359205
v 1.0124506 2.5093241 -0.5589135
vn -0.3689398 0.8964389 -0.2455214
v -0.5605704 5.6068873 -0.6074610
vn 0.1081621 0.6119132 -0.7834942
v 0.1924647 3.5370543 -0.4884822
vn 0.5384052 0.4783238 -0.6937768
v 1.6891563 2.0330973 0.0795750
vn 0.1192491 0.8386458 -0.5314630
v -0.1608249 3.3868198 -0.5883987
vn 0.1040597 0.5265989 -0.8437210
v 1.3730829 1.9388641 -0.0364983
vn -0.0924369 0.9033902 -0.4187382
v -0.3027261 2.9468894 -0.8319408
vn -0.3220425 0.5602955 -0.7631236
v -1.8137555 3.5266936 -0.3406374
vn 0.2809234 0.5925021 -0.7549989
v 0.3880182 3.5661750 -0.4193811
vn 0.2868695 0.5087131 -0.8117370
v 0.4570704 2.8493371 -0.7331142
vn -0.2884615 0.7376231 -0.6104934
v -0.9267885 1.4222709 -0.7486200
vn -0.5576952 0.6280512 -0.5427042
v -0.5329857 5.5717030 -0.6914784
vn -0.0901567 0.5402982 -0.8366300
v -0.3910467 3.3008566 -0.6048351
vn -0.8404605 0.4088831 -0.3555849
v -2.1361964 1.1582571 0.0231654
vn 0.2552324 0.4519713 -0.8547388
v 0.5371440 3.1883128 -0.5318775
vn 0.0933025 0.7260115 -0.6813236
v -1.0087047 3.5521283 -0.3578244
vn -0.1340240 0.5204361 -0.8433172
v -1.4972051 3.5364995 -0.4320744
vn -0.0387006 0.6356768 -0.7709846
v -0.2006343 3.5241628 -0.4607784
vn 0.0392148 0.9253974 -0.3769641
v -0.4635441 5.5792799 -0.7438761
vn 0.0573513 0.1386834 -0.9886748
v -0.9181170 1.1411538 -0.9037152
vn 0.0773447 0.7096204 -0.7003261
v -0.3966081 5.5191565 -0.8255838
vn 0.0530057 0.4360424 -0.8983638
v -1.4357835 3.3488185 -0.5244636
vn 0.0471804 0.4828294 -0.8744426
v -0.3929697 2.7232811 -1.0997782
vn -0.0075513 0.9307908 -0.3654742
v -1.8935202 4.6276312 0.0891912
vn -0.2132228 0.3817069 -0.8993530
v -1.6541924 3.3154802 -0.5301822
vn 0.7992340 0.5460483 -0.2511102
v -0.3329031 5.4606972 -0.8412735
vn 0.2269235 -0.5908421 -0.7742167
v -0.7970670 1.0408750 -0.8734125
vn 0.1077428 0.2190204 -0.9697533
v -0.1991898 3.0666628 -0.7055796
vn -0.7065722 0.4523727 -0.5441643
v -1.7098920 4.7225142 0.0180732
vn 0.3854497 0.3822902 -0.8398112
v 0.5722965 2.7561185 -0.7467068
vn 0.3140020 0.7945051 -0.5197734
v 0.4041927 3.7289679 -0.2050842
vn -0.0681620 0.2939229 -0.9533957
v -0.6519147 2.9523287 -0.7292055
vn -0.1179937 0.6888416 -0.7152445
v -0.5142651 2.9417236 -0.7477299
vn -0.3690632 0.2586326 -0.8926934
v -1.7609433 4.5411954 -0.0197403
vn 0.0018443 0.8708818 -0.4914891
v 0.1069233 3.8294649 -0.1340172
vn 0.0083862 0.6341149 -0.7731934
v -0.2561094 2.9976366 -0.7305321
vn -0.1195654 0.3013519 -0.9459869
v -0.3651594 5.4375305 -0.8718351
vn -0.2981266 0.6147288 -0.7302254
v -1.8334194 4.5915637 0.0299949
vn -0.0503552 0.7234994 -0.6884860
v -0.8871186 3.5141613 -0.4102659
vn 0.5813965 0.5814589 -0.5691078
v 0.9159033 3.3663621 -0.2455818
vn 0.0985280 -0.2186104 -0.9708253
v -0.9514230 1.0533459 -0.9197697
vn -0.5602698 -0.0937765 -0.8229846
v -0.4107339 5.3744121 -0.8437923
vn 0.2725916 0.4710093 -0.8389542
v 0.3486252 3.4646916 -0.4915704
vn 0.5570868 0.5796816 -0.5946625
v -1.8598070 4.5084186 -0.0488913
vn 0.7687286 0.2603910 -0.5841685
v 1.1005206 3.0298710 -0.2954577
vn 0.3981177 0.7921569 -0.4625904
v 1.4553801 2.1539454 0.1800150
vn -0.1143804 0.7142357 -0.6904958
v -0.0139749 3.5950987 -0.4083174
vn 0.4927329 0.4123634 -0.7662707
v 0.5024151 2.7034185 -0.8138157
vn 0.1865849 0.8044802 -0.5639128
v 0.2094972 2.9319024 -0.7440093
vn -0.5113347 0.5551853 -0.6559773
v -1.2968049 1.3879071 -0.3531519
vn -0.0891489 0.6604594 -0.7455508
v -0.2506875 3.4120800 -0.5471943
vn -0.0287060 0.5987731 -0.8004041
v -0.3706323 3.4670320 -0.4946079
vn 0.9185476 0.3866939 -0.0820860
v 1.4050341 2.2306230 0.3041850
vn 0.3707539 0.5211500 -0.7687290
v 0.7595751 3.2795174 -0.4073898
vn -0.0066408 0.4650051 -0.8852832
v -1.2737850 3.4177446 -0.4856415
vn 0.7797924 0.1597113 -0.6053231
v 1.7323393 1.9247532 0.0788328
vn -0.3471623 0.2168821 -0.9123818
v -1.7913159 1.0960734 -0.2848470
vn 0.1807179 0.4074567 -0.8951649
v -0.0962352 3.2886300 -0.6457155
vn 0.6918109 -0.0144769 -0.7219336
v 0.8106222 1.8403710 -0.6687618
vn 0.1244053 0.3347839 -0.9340466
v 0.2130906 3.0573485 -0.6369297
vn 0.2920203 0.8103367 -0.5080143
v -1.1467705 3.7396574 -0.2197722
vn 0.5286068 0.6174251 -0.5825470
v 0.7782462 3.4729056 -0.2465817
vn -0.3642081 -0.5833704 -0.7259693
v -1.8389388 1.0170066 -0.2796498
vn 0.3277288 0.3136152 -0.8912011
v -1.7840002 4.4231868 -0.0566562
vn -0.0547073 0.3854700 -0.9210972
v 0.3151983 3.0263100 -0.6632853
vn 0.6070006 0.3369514 -0.7197320
v 0.9924402 3.0820146 -0.3836163
vn 0.1431266 0.4188548 -0.8967025
v 0.3755352 3.1426134 -0.5974788
vn 0.4060569 0.2857078 -0.8680374
v 0.6926397 2.8199618 -0.6663204
vn 0.5636877 0.3242477 -0.7596838
v 0.9466629 2.7745419 -0.5461284
vn 0.1263699 0.5608522 -0.8182148
v 0.1881693 2.9973111 -0.6689067
vn -0.5675545 0.7718038 -0.2867069
v -1.2275172 1.3836534 -0.5382774
vn 0.6897444 0.1903653 -0.6985798
v 1.0622208 2.9456654 -0.3602691
vn 0.1627363 0.7164563 -0.6783859
v 0.2824077 3.6365705 -0.3881334
vn 0.1817772 0.8956751 -0.4058609
v 1.6120557 2.1608205 0.2040300
vn 0.5383124 0.7022302 -0.4659320
v 0.7686102 3.5642157 -0.1509924
vn -0.5241011 0.5273381 -0.6687545
v -1.1445078 1.2739983 -0.8068197
vn -0.0865262 0.5609125 -0.8233410
v -0.8463723 3.3350587 -0.5400579
vn 0.5905951 0.3212169 -0.7402818
v -1.8076077 4.3017302 -0.1137189
vn 0.2391151 0.6585869 -0.7135035
v 0.5705064 3.1204350 -0.5799936
vn 0.3250268 0.4081843 -0.8530787
v 0.2263401 2.7504644 -0.9492942
vn -0.0478829 0.6977839 -0.7147062
v -0.2122824 3.6720357 -0.3409323
vn -0.2395273 0.9014783 -0.3605046
v -0.5714250 2.8968639 -0.8273970
vn 0.0005634 0.3907259 -0.9205070
v -0.5086017 3.2007768 -0.6600897
vn 0.1273472 0.4029830 -0.9063042
v -0.0201921 3.0359623 -0.6857331
vn -0.2125409 0.7982147 -0.5636308
v -0.2705379 3.7584093 -0.2337360
vn -0.4913637 0.3001428 -0.8176038
v -2.0440853 5.4018340 -1.7644814
vn -0.0886328 0.6742806 -0.7331370
v -0.7080057 3.4541454 -0.4673217
vn -0.3848226 0.5899604 -0.7098298
v -1.7949367 1.2852678 -0.1994073
vn 0.5960337 0.0590696 -0.8007838
v 1.5937221 1.7703714 -0.0865614
vn -0.3273131 0.2319715 -0.9159997
v -1.1079552 1.1132212 -0.8914251
vn 0.4830208 0.2847945 -0.8279994
v -1.6864542 4.2417636 -0.0840819
vn 0.7966907 0.4116749 -0.4425016
v 1.1008763 3.1118534 -0.2388645
vn 0.2960948 0.6718528 -0.6789269
v -1.0765520 3.6120112 -0.3192141
vn 0.1441883 0.1921162 -0.9707220
v -0.2807085 2.5627120 -1.1433762
vn -0.1256199 0.4411807 -0.8885828
v -1.8038203 3.6124172 -0.2813733
vn 0.2249076 0.6100321 -0.7597878
v -1.1952838 3.6468339 -0.3471093
vn 0.4578507 0.4968804 -0.7372128
v 0.8496660 3.2543869 -0.3787017
vn -0.1487920 0.6081777 -0.7797313
v -0.0562005 3.4781730 -0.5150830
vn 0.7392066 0.2948783 -0.6054919
v 1.1594446 2.7046001 -0.3764904
vn 0.2579052 0.4331330 -0.8636438
v -0.0520776 2.7673252 -1.0293138
vn 0.1907973 0.4481397 -0.8733655
v 1.5000246 1.8483621 -0.1039497
vn 0.6406546 0.1895897 -0.7440549
v 1.6757687 1.8873050 0.0207111
vn 0.4179240 0.5028788 -0.7566059
v 0.6138456 3.4546118 -0.3931134
vn -0.1143937 0.7257658 -0.6783643
v -0.4549752 3.5394225 -0.4339656
vn -0.4757597 -0.6688994 0.5711623
v -2.1257861 2.1453044 1.0168531
vn 0.4768316 0.2146628 -0.8523800
v 0.6802209 2.5981815 -0.7477647
vn 0.6333563 0.1683193 -0.7553333
v 1.0607651 2.6231666 -0.5132715
vn 0.3997034 0.7584984 -0.5147012
v 0.5520276 3.6436522 -0.2304126
vn 0.1209977 0.1691513 -0.9781347
v -0.7627770 1.2426304 -0.8761449
vn 0.0058918 0.8483808 -0.5293537
v -0.2462553 2.9033232 -0.9242934
vn -0.2578584 -0.5372280 -0.8030537
v -1.7043197 1.0162183 -0.3349893
vn -0.3200116 0.6673598 -0.6724757
v -1.0376592 1.3423488 -0.8136870
vn 0.1349498 0.5527308 -0.8223608
v -1.2075504 3.5482593 -0.4102224
vn 0.3302533 0.4311130 -0.8396870
v 0.4916106 3.4207039 -0.4649070
vn 0.0494849 0.4201002 -0.9061276
v 1.2790585 1.8239238 -0.1037511
vn -0.3548961 0.2443457 -0.9024101
v -1.5206161 1.0780761 -0.3714237
vn 0.3064794 0.6787715 -0.6673378
v 0.2203404 2.8352871 -0.8904966
vn -0.2128042 0.6994967 -0.6822161
v -0.5912010 2.7875202 -1.0391065
vn -0.2276460 0.7644168 -0.6031951
v -0.3624912 3.6657689 -0.2913627
vn 0.0160447 0.6814631 -0.7316766
v 1.4641778 2.0537343 0.0508587
vn 0.0803302 0.8917452 -0.4453511
v -0.0926091 2.9520750 -0.8220951
vn 0.6717419 0.2917300 -0.6809232
v -1.5959636 4.1018686 -0.0497415
vn 0.7033697 0.5842519 -0.4048713
v -1.4187018 3.9166064 0.0507273
vn -0.0454303 0.7293000 -0.6826842
v 0.1339551 3.6132119 -0.4179420
vn 0.0152065 0.7168006 -0.6971124
v -0.0715503 3.6871600 -0.3114738
vn -0.2503715 0.6230252 -0.7410491
v -0.7449999 2.8757410 -0.7548633
vn -0.6689581 0.2340686 -0.7054836
v -1.2689071 1.0887576 -0.8176080
vn 0.5752990 0.2918263 -0.7641129
v -1.6316477 4.0214767 -0.1197612
vn 0.6860729 0.3669189 -0.6282312
v -1.5161815 4.0009975 -0.0326166
vn 0.2007589 0.8350616 -0.5122187
v 0.0781209 2.9082799 -0.8522118
vn -0.1777330 0.9299603 -0.3218462
v -0.2344893 3.8463628 -0.0582912
vn 0.0932924 0.9459171 -0.3107048
v 0.1953351 3.9007549 0.0278643
vn 0.6008366 0.4759155 -0.6422615
v 1.0422858 2.7682240 -0.4696377
vn -0.0774262 0.9215122 -0.3805528
v -2.0336311 5.4266663 -1.7457315
vn 0.0444377 0.4861294 -0.8727562
v -1.0114622 3.3454700 -0.5423532
vn -0.0196979 0.7901701 -0.6125710
v 0.1338912 3.7281883 -0.2828742
vn -0.3956136 0.7794800 -0.4856962
v -0.7011051 2.8017828 -0.9609545
vn 0.5411059 0.6136379 -0.5750244
v -1.4694620 3.8941941 -0.0396882
vn -0.0037395 0.9096625 -0.4153315
v -0.0234492 3.8468757 -0.0974700
vn 0.2890667 0.2835329 -0.9143575
v 0.0748812 2.6957281 -1.0088534
vn 0.1904805 0.2740906 -0.9426514
v 0.2236599 3.3590369 -0.5866278
vn 0.5078750 0.2732256 -0.8169520
v 0.8637342 2.7347202 -0.6111063
vn -0.0990732 0.6783352 -0.7280425
v -1.6077044 3.7312350 -0.2204112
vn -0.0952570 0.6419364 -0.7608178
v -1.4323089 3.6193297 -0.3843897
vn -0.0010817 0.7995821 -0.6005558
v -0.5884869 3.6327591 -0.2864631
vn 0.1760752 0.7563379 -0.6300400
v -1.9514210 5.3997445 -1.7927580
vn -0.2400237 0.2390415 -0.9408761
v -1.5511248 1.1286107 -0.3529035
vn 0.4746674 0.3829175 -0.7925056
v -1.5637281 3.8789494 -0.1235610
vn 0.3935353 0.8798140 -0.2665658
v -1.3600335 3.8674481 0.0474573
vn -0.0829312 0.9404415 -0.3296849
v -0.0914136 3.8758359 -0.0320640
vn 0.1093959 0.8585132 -0.5009867
v 0.2163888 3.8165872 -0.1562211
vn 0.2663639 0.8531403 -0.4485554
v 0.3500796 3.8160462 -0.0955527
vn 0.1424896 0.7342283 -0.6637813
v 1.5916920 2.0912650 0.0938742
vn 0.5587532 0.5787203 -0.5940351
v -1.8906345 5.3432856 -1.8118072
vn 0.6226209 -0.0391165 -0.7815453
v 0.8461440 1.9317381 -0.6209412
vn 0.6659098 0.4415647 -0.6013193
v 1.0320054 3.1508999 -0.3067476
vn 0.5561241 0.4886379 -0.6722791
v 0.9292557 3.2370749 -0.3317529
vn -0.0452172 0.4381315 -0.8977730
v -1.4695317 3.4441552 -0.4790007
vn 0.2363440 0.8469673 -0.4762227
v -0.9846513 3.6901500 -0.1772649
vn 0.1218173 0.6826499 -0.7205205
v -1.5237858 3.8149462 -0.1445496
vn 0.3438003 0.8767374 -0.3363523
v -1.0590501 3.7643445 -0.0946284
vn 0.5009621 0.6917782 -0.5200768
v 1.6936575 2.0985446 0.1475751
vn -0.2197937 0.8768850 -0.4275084
v -0.4872135 3.7536530 -0.1094991
vn 0.0062445 0.5166240 -0.8561897
v -0.5091120 3.3359380 -0.5875923
vn -0.2727419 0.3255312 -0.9053404
v -1.6226436 1.1934363 -0.3163404
vn -0.3936520 0.8547688 -0.3382433
v -1.0257148 1.4254203 -0.6690450
vn 0.4406660 0.6089370 -0.6595524
v 0.4109727 2.8174264 -0.7928307
vn 0.1435743 0.8011014 -0.5810533
v 0.0264000 2.9770479 -0.7306701
vn 0.0852515 0.8838224 -0.4599893
v -1.3937838 3.8171859 -0.1465299
vn 0.1792710 0.9332032 -0.3114384
v -1.2520649 3.8062799 -0.1252260
vn -0.1205532 0.8793060 -0.4607472
v -0.6300144 3.6940930 -0.1835703
vn -0.2677824 0.8493869 -0.4547906
v -0.3639135 3.7717705 -0.1560237
vn -0.0212933 0.8287868 -0.5591592
v -0.1314672 3.7922261 -0.2084856
vn 0.1152147 -0.7610498 -0.6383798
v 0.0422571 1.0434597 -0.6979560
vn 0.1912923 -0.5339109 -0.8236179
v -0.4453860 1.0521278 -0.7821570
vn 0.1956415 -0.5745952 -0.7947106
v -0.6419850 1.0438536 -0.8387646
vn 0.3217182 -0.6218103 -0.7140374
v 0.3602766 1.0788569 -0.6520725
vn 0.1851772 -0.4561144 -0.8704419
v 0.1147476 1.0838766 -0.7163427
vn -0.1070354 0.0014082 -0.9942542
v -1.5341868 2.8985274 -0.6628536
vn -0.2566569 0.1827748 -0.9490631
v -1.6443996 2.9430745 -0.6427611
vn -0.3604639 -0.1672636 -0.9176539
v -0.8279112 5.0939474 -0.5451126
vn 0.3281099 -0.3582618 -0.8740666
v 0.4007961 1.1813223 -0.6748899
vn 0.1643446 -0.0800786 -0.9831471
v 0.1317579 1.1602329 -0.7251087
vn 0.1118265 -0.4277686 -0.8969443
v -0.2054346 1.0933362 -0.7553136
vn 0.1740146 -0.1907671 -0.9660885
v -0.3984078 1.1309878 -0.7917543
vn -0.6544583 0.4503678 -0.6073329
v -1.4301828 1.0834994 -0.3990363
vn -0.0422777 0.4163548 -0.9082187
v -1.3677037 3.2561479 -0.5639004
vn -0.0284780 0.3510949 -0.9359068
v -1.5028701 3.2972775 -0.5551353
vn -0.4696710 0.1346907 -0.8725065
v -1.9729992 1.0940864 -0.2162190
vn -0.2094252 -0.4233476 -0.8814296
v -0.7036752 5.0474181 -0.5646864
vn 0.1252134 -0.1264114 -0.9840436
v -0.1377540 1.1521370 -0.7623861
vn 0.2067328 -0.0611020 -0.9764876
v -0.7486239 1.1232318 -0.8745816
vn 0.2294447 -0.8297516 -0.5087902
v 0.8702331 1.1207466 -0.0082422
vn 0.1423187 -0.0741958 -0.9870362
v -0.2384064 1.2446977 -0.7773381
vn 0.2110738 -0.0880622 -0.9734952
v -0.5041140 1.1926143 -0.8269605
vn 0.2672786 -0.1786034 -0.9469230
v -1.9546844 4.2103610 -0.2305458
vn -0.5789362 0.3677730 -0.7277196
v -1.4124030 1.2210207 -0.3560949
vn -0.7450522 0.3066283 -0.5923482
v -2.0541189 1.1243310 -0.1486722
vn 0.3376010 -0.7705118 -0.5406821
v 1.1198055 1.2062852 -0.0257550
vn 0.2300733 -0.6439391 -0.7296635
v 1.0604961 1.2377115 -0.0842253
vn 0.1102520 -0.1921681 -0.9751492
v 0.1554621 1.2460896 -0.7219701
vn 0.2337475 0.3381130 -0.9116149
v 0.5598198 3.0092351 -0.6638187
vn -0.3349098 0.3290102 -0.8829427
v -1.8153235 3.2245350 -0.5112690
vn -0.3649021 0.4202186 -0.8308206
v -1.8712301 1.2043827 -0.2221206
vn 0.3353976 -0.6655371 -0.6667600
v 0.7637085 1.1845167 -0.1207542
vn 0.1238070 -0.4541838 -0.8822635
v -0.0068484 1.3018483 -0.7537326
vn 0.1110537 -0.4674362 -0.8770236
v -0.2432652 1.3031719 -0.7842021
vn 0.1165933 -0.0448130 -0.9921682
v -0.5208735 1.2971226 -0.8299557
vn -0.0048071 0.4124812 -0.9109534
v -0.7925001 1.3402206 -0.8462922
vn 0.0646418 0.1400267 -0.9880354
v 0.1141935 3.2832992 -0.6061137
vn -0.4376794 0.1478007 -0.8869001
v -1.7469711 2.8707120 -0.6184809
vn -0.5460591 0.6929578 -0.4707749
v -1.9836711 1.2702378 -0.0826164
vn -0.3775150 0.1119385 -0.9192128
v -1.8287976 2.8251910 -0.5704701
vn 0.1755257 -0.5489755 -0.8172006
v 0.9405676 1.2794784 -0.1402350
vn -0.6004291 -0.4567752 0.6563851
v -1.0062270 1.0902786 1.4726988
vn 0.4757506 -0.2365054 -0.8471875
v 0.5175834 1.3300683 -0.6920157
vn 0.0967144 -0.2478646 -0.9639551
v 0.3191298 1.3248467 -0.7477851
vn 0.2127128 -0.6340325 -0.7434757
v 0.1315293 1.3742013 -0.8036697
vn 0.0306150 -0.7120748 -0.7014358
v -0.2475192 1.3544616 -0.8532321
vn 0.0007845 -0.4043205 -0.9146171
v -0.4724523 1.3513157 -0.8363338
vn 0.3342785 -0.5092416 -0.7930517
v 0.8697099 1.3409355 -0.1855890
vn 0.0959626 -0.4256785 -0.8997716
v 0.2450592 1.3515910 -0.7553622
vn 0.1214847 -0.7135637 -0.6899770
v -0.0288873 1.3613470 -0.8192484
vn 0.1173420 -0.5145940 -0.8493668
v -0.0511002 1.4345760 -0.8978679
vn -0.1323819 0.5923295 -0.7947458
v -0.9460749 1.3422122 -0.8423823
vn -0.0010197 -0.6317888 -0.7751399
v -1.0085895 4.7074404 -0.3307461
vn -0.3150878 0.3475234 -0.8831462
v -1.5225353 1.2932887 -0.3005604
vn 0.1224496 -0.3158107 -0.9408877
v 1.1067268 1.4205960 -0.1831713
vn 0.5740861 -0.6379007 -0.5133302
v 0.7492689 1.2793374 -0.2105097
vn 0.5212918 -0.6058983 -0.6009510
v 0.7368726 1.4510868 -0.5901828
vn 0.3078931 -0.3527384 -0.8836161
v 0.4189212 1.3673750 -0.7411953
vn 0.3157509 -0.3860370 -0.8667623
v 0.4012839 1.4589090 -0.7965450
vn 0.3356336 -0.4845973 -0.8077843
v 0.1119267 1.4438397 -0.8707791
vn 0.0061289 -0.5129592 -0.8583912
v -0.2638410 1.4117055 -0.8964489
vn -0.1113061 -0.4431577 -0.8895068
v -0.4126131 1.5559518 -0.9673043
vn -0.1828755 -0.1345308 -0.9738881
v -0.6360252 1.3997127 -0.8385396
vn 0.2774309 -0.5544500 -0.7846129
v 1.1908063 1.3697574 -0.1358223
vn 0.1184442 -0.2187812 -0.9685586
v 1.0088220 1.4615319 -0.1917138
vn -0.3634556 0.0903397 -0.9272211
v -1.9605635 2.9788373 -0.5046045
vn 0.2114382 -0.1757827 -0.9614543
v 0.0386043 1.5115100 -0.9107231
vn 0.0831087 -0.4350714 -0.8965521
v -0.2453925 1.4953740 -0.9321417
vn -0.1894421 -0.4677615 -0.8633140
v -0.5155305 1.4463151 -0.8922579
vn -0.3586625 0.3684905 -0.8576573
v -0.7814835 1.4307750 -0.7844850
vn -0.3131182 -0.9410002 0.1283577
v -2.5424104 3.3235052 1.1846514
vn -0.4715106 0.1672850 -0.8658484
v -1.5395061 1.4481207 -0.2379315
vn -0.4731225 0.1479582 -0.8684835
v -2.4751952 3.8296459 -0.1403892
vn 0.0669704 -0.0203027 -0.9975484
v 1.1599107 1.5509001 -0.2007306
vn -0.5776020 0.2695763 -0.7705222
v -2.2692947 2.9832134 -0.3578283
vn 0.4252239 -0.4955270 -0.7573887
v 0.6085341 1.5404757 -0.7468614
vn 0.2036642 -0.3496926 -0.9144595
v 0.1783080 1.5292999 -0.8735808
vn -0.6628690 -0.2064103 -0.7197219
v -0.7658487 1.5441812 -0.8065404
vn -0.3201161 0.8735515 -0.3666518
v -1.0668801 1.4819967 -0.3859512
vn -0.5253481 0.0018854 -0.8508853
v -1.2845694 4.8660545 -0.3101253
vn -0.4436098 0.0694488 -0.8935251
v -1.9678080 5.2997131 -1.8151419
vn -0.6179490 0.4222524 -0.6632058
v -1.0245324 5.2328391 -0.3993765
vn 0.2601350 -0.3156257 -0.9125296
v 1.3101954 1.5048668 -0.1795305
vn -0.5019326 -0.1009867 -0.8589909
v -1.5102723 4.6638589 -0.1557831
vn 0.6812022 -0.2114482 -0.7008947
v 0.7639254 1.6208910 -0.6507303
vn 0.1864343 -0.4564451 -0.8700001
v 0.3044937 1.4777563 -0.8325177
vn -0.4629035 -0.3665653 -0.8070627
v -0.6612957 1.6083606 -0.9040683
vn -0.5817646 0.3913745 -0.7130049
v -0.9862656 1.5503289 -0.3266595
vn -0.1789804 0.6261278 -0.7589005
v -1.1284146 1.4860431 -0.3487842
vn -0.1484703 0.1481939 -0.9777501
v -1.2225189 1.4785533 -0.3385860
vn -0.3288974 0.2211892 -0.9180969
v -1.3915551 1.4247255 -0.3025794
vn 0.1919689 -0.0314574 -0.9808968
v 1.3341951 1.5987903 -0.1899837
vn 0.4609006 -0.4318864 -0.7752708
v 0.9961686 1.5306195 -0.2171475
vn 0.3449716 -0.4210120 -0.8388942
v 0.4703505 1.5350780 -0.7919343
vn -0.0424673 -0.2141753 -0.9758717
v 0.2050251 1.6503050 -0.9168339
vn 0.2133114 -0.3032012 -0.9287450
v 0.0642741 1.6650840 -0.9400320
vn 0.2060941 -0.2026058 -0.9573276
v 0.0177855 1.5860385 -0.9154149
vn 0.1541434 -0.3066919 -0.9392443
v -0.1094442 1.5560701 -0.9437382
vn 0.2006875 -0.2354339 -0.9509445
v -0.2827368 1.6619766 -1.0096194
vn -0.3438055 -0.3932576 -0.8527287
v -0.5790645 1.7467431 -1.0175910
vn 0.2988759 0.1137103 -0.9474931
v -1.8325281 4.0158567 -0.2167467
vn -0.0816093 -0.1903347 -0.9783213
v -1.2992928 1.6697052 -0.3420633
vn 0.9922691 -0.1238867 -0.0073617
v -1.8324163 5.0501318 -1.7757618
vn 0.4324706 -0.2384111 -0.8695570
v 1.4272407 1.5883088 -0.1539009
vn -0.0224101 0.4835288 -0.8750416
v -1.1220908 3.3452325 -0.5472993
vn 0.3849577 -0.3272324 -0.8629755
v 0.5991747 1.6322913 -0.8132469
vn 0.2567242 -0.2096873 -0.9434638
v 0.1619244 1.7514771 -0.9271128
vn 0.0329172 -0.3799868 -0.9244061
v -0.3181077 1.6080873 -1.0021005
vn -0.0295092 0.1621095 -0.9863315
v -1.0499487 1.5699468 -0.3104214
vn -0.3272862 -0.0755505 -0.9419002
v -1.3941369 1.5391302 -0.2948994
vn -0.3933016 0.3426508 -0.8531730
v -2.0383608 3.4480810 -0.2853219
vn -0.6304502 -0.6202879 -0.4666643
v -2.1314461 4.5483265 -1.3403780
vn -0.4267113 -0.7164177 -0.5519631
v -0.1767114 1.0437186 -0.7267341
vn 0.2928087 -0.1836732 -0.9383641
v 0.5052642 1.6666701 -0.8485368
vn 0.2373544 -0.2196102 -0.9462739
v 0.3213312 1.6406283 -0.8930256
vn 0.2220020 -0.2669215 -0.9377996
v -0.0354804 1.7847726 -1.0008277
vn 0.1657121 -0.2816853 -0.9450889
v -0.1569777 1.6706687 -0.9852065
vn -0.5845428 -0.0793270 -0.8074757
v -1.5511749 1.5741228 -0.2221416
vn -0.6239951 -0.2439394 -0.7423771
v -1.5787908 1.8013128 -0.2687007
vn -0.4372073 0.2423639 -0.8660886
v -2.1779578 2.9328816 -0.4330353
vn 0.0483439 0.2559673 -0.9654759
v 1.3299378 1.6745403 -0.1810881
vn 0.3138153 0.0970647 -0.9445096
v 1.1539019 1.6480446 -0.1854675
vn 0.6005064 0.0294247 -0.7990785
v 1.1651586 1.7342478 -0.1577544
vn 0.1600630 -0.2816312 -0.9460781
v -0.2760462 1.7853040 -1.0331132
vn -0.0376343 -0.1379446 -0.9897247
v -1.0578767 1.6585469 -0.3163518
vn 0.1150862 -0.0278722 -0.9929644
v -1.1500934 1.6351062 -0.3271596
vn 0.2381272 -0.5420927 0.8058727
v -0.5318262 1.0886862 1.5666674
vn 0.3543280 0.0985368 -0.9299151
v 1.5001947 1.7428740 -0.1386354
vn -0.0083739 0.4114564 -0.9113910
v 1.3840190 1.7783643 -0.1433088
vn 0.3067633 -0.0802848 -0.9483938
v 0.4533090 1.7945952 -0.8593725
vn 0.2429524 -0.0606867 -0.9681380
v 0.3093714 1.7275958 -0.8998575
vn 0.1122964 -0.2880202 -0.9510173
v -0.1840602 1.8077037 -1.0408750
vn 0.1042328 -0.3213678 -0.9412005
v -0.3695466 1.7818917 -1.0580554
vn 0.0683953 -0.2829364 -0.9566970
v -0.4340073 1.8940805 -1.1059761
vn -0.2491254 -0.2981929 -0.9214215
v -1.3995078 1.7952285 -0.3640752
vn 0.1564534 0.3517629 -0.9229221
v -1.6971624 3.7440827 -0.2156571
vn -0.4386257 -0.1728886 -0.8818827
v -2.3771250 3.6166255 -0.1702344
vn -0.4216113 -0.0031207 -0.9067713
v -2.3800437 3.7681952 -0.1835277
vn 0.5215199 -0.0186126 -0.8530361
v 0.6702000 1.7547668 -0.7804236
vn 0.2710468 -0.2484348 -0.9299537
v 0.2288112 1.8629500 -0.9340752
vn 0.2949911 -0.2291110 -0.9276252
v 0.0993051 1.8137052 -0.9744321
vn -0.1683143 -0.3750446 -0.9115985
v -0.5043564 1.8382568 -1.0778799
vn -0.7763750 -0.2415420 -0.5821507
v -0.9747573 1.7158904 -0.3631419
vn -0.4731597 -0.4351671 -0.7659958
v -1.0232472 1.8439968 -0.3915939
vn -0.3084768 -0.2756733 -0.9104100
v -1.0169094 1.7107599 -0.3314271
vn 0.0478251 -0.2815732 -0.9583472
v -1.1587074 1.7490987 -0.3451725
vn -0.1078603 -0.3136039 -0.9434080
v -1.3502519 1.8817183 -0.4017135
vn 0.4334816 0.1897388 -0.8809614
v -1.7068802 4.0196218 -0.1688121
vn -0.4251469 -0.2216039 -0.8775772
v -1.3456167 4.7238097 -0.2601948
vn -0.7028822 -0.7110966 -0.0172692
v -2.3582864 2.0897062 0.3543222
vn -0.0367913 0.1956474 -0.9799839
v -0.7119006 3.0558467 -0.7150920
vn -0.1547818 0.2034362 -0.9667763
v -0.8436879 2.9796717 -0.7074039
vn -0.2416747 -0.3972388 -0.8853218
v -1.5023016 4.4992957 -0.1092591
vn -0.1666062 0.1960881 -0.9663291
v -0.9914526 2.8787577 -0.7027938
vn 0.4215157 -0.1145738 -0.8995540
v 0.5856117 1.8619431 -0.8187741
vn 0.0024714 0.2364273 -0.9716461
v -1.1659412 3.1001961 -0.6192420
vn -0.3999636 -0.2616091 -0.8784018
v -1.4685882 1.6884327 -0.3066264
vn 0.2462053 -0.1441287 -0.9584414
v -1.6197912 4.3495965 -0.0332802
vn -0.0089873 0.1405772 -0.9900289
v -1.3659168 2.9553254 -0.6518853
vn -0.1076578 0.2371621 -0.9654863
v -1.5273288 3.0223711 -0.6485829
vn 0.6054479 -0.0211247 -0.7956046
v 0.6973749 1.8837759 -0.7514397
vn 0.3353440 -0.4431498 -0.8313619
v 0.2922384 1.8954420 -0.9342411
vn 0.2223295 -0.0508588 -0.9736442
v -0.0259842 1.9367889 -1.0347279
vn 0.1804297 -0.1635550 -0.9698943
v -0.2557920 1.9200519 -1.0755144
vn -0.4020671 -0.3153819 -0.8595792
v -1.4535450 1.9438237 -0.3908973
vn -0.1516251 0.2999241 -0.9418362
v -1.5697548 3.1844440 -0.5781372
vn -0.2888605 0.2874173 -0.9132092
v -1.6579604 3.0650046 -0.5969130
vn -0.3687461 0.1802472 -0.9118867
v -1.7712603 2.9709663 -0.5766885
vn -0.2457330 0.2300544 -0.9416423
v -1.7354027 3.1300488 -0.5557722
vn -0.5087561 0.0717946 -0.8579119
v -0.8134038 5.1996469 -0.5561667
vn 0.6070482 -0.1284274 -0.7842187
v 0.6849600 2.0124772 -0.7889253
vn 0.3064036 -0.1736433 -0.9359300
v 0.4355718 1.9378663 -0.8956707
vn 0.2039224 -0.2054926 -0.9571773
v 0.3441399 2.0274432 -0.9270351
vn -0.1418326 -0.2541662 -0.9567043
v -0.5321808 1.9878249 -1.1297193
vn 0.1450877 0.0876602 -0.9855279
v -1.9517925 4.0356312 -0.2426997
vn -0.5200927 -0.0152783 -0.8539733
v -2.2748797 4.2733817 -0.1742700
vn 0.0414546 -0.3377591 -0.9403193
v -1.2408705 1.8491199 -0.3844131
vn -0.5457607 -0.5684453 -0.6156421
v -1.6844367 1.8576466 -0.1726233
vn -0.2928807 -0.8038702 -0.5177003
v -1.8637834 1.8853607 -0.1356078
vn -0.4268973 -0.0653894 -0.9019329
v -1.1187744 4.9347172 -0.4088115
vn -0.1451877 -0.5887724 -0.7951526
v -0.5945676 4.9528484 -0.5282694
vn 0.2890791 -0.0965506 -0.9524239
v 0.1886433 1.9624906 -0.9768912
vn 0.2243390 -0.1755831 -0.9585628
v -0.1777515 2.0854690 -1.0780044
vn 0.2553807 -0.1710352 -0.9515921
v -0.3161589 2.0399754 -1.0955118
vn -0.4733160 -0.4116565 -0.7787881
v -1.0615710 2.0045230 -0.4630458
vn -0.4080736 -0.5231282 -0.7482064
v -1.6198350 1.9391609 -0.2797647
vn -0.3568716 -0.7215755 -0.5932719
v -1.9155693 1.9671692 -0.2081799
vn 0.1359063 0.0855628 -0.9870200
v -1.9176264 3.8322728 -0.2564838
vn -0.1949928 -0.6061296 0.7710932
v -0.8082210 1.0855215 1.6005554
vn 0.4536830 -0.1138481 -0.8838611
v 0.5885595 2.0102217 -0.8506836
vn 0.3035763 -0.0984469 -0.9477076
v 0.3682554 2.0980184 -0.9465948
vn 0.2414351 -0.1698695 -0.9554337
v 0.1627953 2.0474389 -0.9819156
vn 0.2358763 -0.0622388 -0.9697880
v -0.1322526 1.9985760 -1.0461074
vn -0.4202521 -0.3257179 -0.8469333
v -0.6573405 2.0143437 -1.0960726
vn -0.3312728 -0.3794783 -0.8638602
v -1.3692945 4.6400847 -0.2189082
vn -0.2820857 -0.5471246 -0.7880878
v -1.5502038 2.0055199 -0.3636105
vn -0.1916206 -0.7618946 -0.6187069
v -1.7431554 1.9939785 -0.3013302
vn 0.2936664 0.3453891 -0.8913285
v -1.7097678 4.2935586 -0.0672090
vn -0.5079771 0.2038155 -0.8369101
v -2.4195333 3.9359562 -0.1331934
vn 0.3206495 0.1934032 -0.9272428
v -1.6963294 3.8552816 -0.1860441
vn 0.4070093 0.0171218 -0.9132635
v 0.5327424 2.1041560 -0.8821404
vn 0.2676090 -0.2581899 -0.9282905
v 0.1949415 2.1237562 -1.0057594
vn 0.2113691 -0.2356813 -0.9485660
v 0.0227493 2.1130338 -1.0338768
vn 0.2042416 -0.1853228 -0.9612184
v -0.3970785 2.0787847 -1.1375247
vn -0.1600301 0.0679162 -0.9847730
v -2.0217233 3.5669065 -0.2619042
vn -0.0278299 -0.4052822 -0.9137679
v -1.1435857 1.9248692 -0.4148742
vn -0.0247317 0.3528317 -0.9353599
v 0.0555822 3.3910069 -0.5938281
vn -0.6741524 -0.7155033 0.1832313
v -2.2785242 2.0451183 0.5435391
vn 0.2656120 -0.1401353 -0.9538409
v -0.3000597 2.1801443 -1.1298411
vn -0.0726934 -0.1775771 -0.9814184
v -0.5392821 2.1184132 -1.1533164
vn -0.3457570 -0.1952452 -0.9177862
v -0.6910797 2.1833539 -1.1421791
vn -0.6039049 -0.3007648 -0.7381324
v -0.7836030 2.1353245 -1.0635459
vn -0.0112431 -0.0833149 -0.9964598
v -2.0560625 4.1788125 -0.2341398
vn -0.6309132 -0.3544144 -0.6901732
v -1.0578911 2.1320295 -0.5403558
vn 0.0017083 -0.3768956 -0.9262542
v -1.2467453 2.0932202 -0.5032230
vn 0.0471136 -0.5732840 -0.8180011
v -1.5849520 2.1089675 -0.4459488
vn -0.4880582 -0.6911941 -0.5329633
v -2.0093656 2.0291693 -0.2042832
vn 0.5455483 0.2514258 -0.7994761
v -0.3073341 5.3687482 -0.8861661
vn -0.3050901 0.0168560 -0.9521744
v -2.2581794 3.8040295 -0.2407251
vn -0.4868395 -0.7997903 0.3511737
v -2.6207969 3.3744946 1.2614847
vn 0.4724855 -0.1431345 -0.8696379
v 0.2625090 2.2290468 -1.0019463
vn 0.4452314 -0.6078420 -0.6574931
v -1.9274857 4.8135071 -1.7112441
vn -0.1792856 -0.2840947 -0.9418848
v -1.3306203 2.2011666 -0.5362329
vn -0.2614415 -0.3634878 -0.8941616
v -1.3728774 2.0833595 -0.4778634
vn -0.1892003 -0.4166146 -0.8891769
v -1.4387232 2.1762896 -0.4832097
vn -0.1311846 -0.6818298 -0.7196518
v -1.7346789 2.0861404 -0.4324941
vn -0.5096892 -0.7012525 -0.4984595
v -2.1621480 2.1461444 -0.2241432
vn 0.5676746 0.0113996 -0.8231742
v 0.7641879 2.2228348 -0.7481562
vn 0.3923649 0.0934224 -0.9150531
v 0.4715919 2.2126906 -0.8924330
vn 0.2339051 -0.1079694 -0.9662459
v 0.1446420 2.2129195 -1.0365735
vn 0.2282170 -0.1552704 -0.9611494
v -0.0675858 2.2176397 -1.0766157
vn 0.1884556 -0.1443744 -0.9714116
v -0.2215047 2.2439885 -1.1167150
vn -0.0869344 -0.0404254 -0.9953935
v -0.6067602 2.3128557 -1.1713288
vn -0.8928620 -0.2545787 -0.3714663
v -1.0204854 2.1630383 -0.6246945
vn -0.1136902 -0.3285676 -0.9376128
v -1.1548010 2.1851962 -0.5250669
vn -0.3196079 -0.6012459 -0.7323620
v -1.9317765 2.1934900 -0.4600602
vn -0.3635858 -0.7030045 -0.6112201
v -1.9344199 2.1056206 -0.3678525
vn 0.0280985 -0.7038949 -0.7097482
v -0.7156299 4.8493586 -0.4351257
vn 0.4781279 0.0351212 -0.8775877
v 0.6631335 2.1807780 -0.8070042
vn 0.4162218 0.0311901 -0.9087281
v 0.4659711 2.2976089 -0.8882082
vn 0.4544378 -0.0004563 -0.8907784
v 0.3472215 2.2458172 -0.9415158
vn 0.1235442 -0.0383575 -0.9915975
v -0.4419468 2.3292224 -1.1547202
vn 0.0938176 -0.0387630 -0.9948345
v -0.4805646 2.2286639 -1.1659325
vn 0.1044814 -0.5437115 -0.8327433
v -1.5331087 2.1921585 -0.4872918
vn -0.0931324 -0.4927461 -0.8651749
v -1.7396863 2.2205365 -0.5256696
vn -0.4791187 -0.6655323 -0.5722867
v -2.0882516 2.1696868 -0.3280329
vn -0.3849455 -0.2779667 -0.8800861
v -2.2798831 3.5142395 -0.1967316
vn -0.0207263 0.3236325 -0.9459559
v -1.1396298 3.2254360 -0.5992728
vn 0.4619227 0.0735934 -0.8838617
v 0.3208863 2.3966761 -0.9602874
vn 0.2066596 -0.1008156 -0.9732050
v -0.1603002 2.3479373 -1.1243081
vn -0.5657800 -0.1474146 -0.8112718
v -0.7824597 2.2857387 -1.1034061
vn -0.1880381 -0.4952002 -0.8481854
v -1.1748313 4.7156653 -0.3174153
vn -0.3441608 -0.4149162 -0.8422576
v -1.9682964 2.2758002 -0.5025018
vn -0.5162604 -0.4891332 -0.7030106
v -2.1053281 2.2698998 -0.4151763
vn -0.6022867 -0.5246555 -0.6016539
v -2.2287409 2.2442508 -0.2806137
vn -0.3577892 -0.0733882 -0.9309141
v -1.9028668 5.1556163 -1.8423651
vn 0.6813782 -0.0155071 -0.7317672
v 0.9205467 2.2718060 -0.6233427
vn 0.4356068 0.0536048 -0.8985395
v 0.5791503 2.3705361 -0.8323197
vn 0.1237755 -0.0807726 -0.9890174
v -0.2579763 2.3801618 -1.1371554
vn -0.3232737 -0.0661350 -0.9439917
v -0.6960033 2.2970550 -1.1515950
vn -0.0397446 -0.3086526 -0.9503441
v -1.1435345 2.2917035 -0.5593308
vn -0.0503527 -0.3412739 -0.9386143
v -1.3269340 2.3299239 -0.5707974
vn 0.0766555 -0.4915659 -0.8674600
v -1.5307649 2.2711520 -0.5456070
vn -0.0990145 0.0615848 -0.9931785
v -2.1178539 3.8984494 -0.2628876
vn 0.6010444 0.0870054 -0.7944657
v 0.8444298 2.3635609 -0.6729735
vn 0.3611366 0.0767285 -0.9293509
v 0.2280480 2.3830776 -1.0114368
vn 0.2559077 0.0297883 -0.9662422
v 0.1485072 2.3408175 -1.0322925
vn -0.0443944 -0.1043019 -0.9935544
v -0.4757505 2.4349666 -1.1755677
vn -0.0781144 0.1180541 -0.9899300
v -0.5550624 2.5003161 -1.1703216
vn -0.5861095 0.1693762 -0.7923303
v -2.3921804 4.0820560 -0.1244463
vn -0.2927825 -0.2396968 -0.9256479
v -0.9294054 4.9903970 -0.4872348
vn -0.6095953 -0.3427048 -0.7148055
v -1.0724940 2.3174505 -0.5812206
vn 0.0685201 -0.4269983 -0.9016526
v -1.4683423 2.3725910 -0.5872710
vn -0.0372378 -0.4320692 -0.9010713
v -1.6519758 2.3426757 -0.5926644
vn 0.5136545 0.0945806 -0.8527682
v 0.7111800 2.4072125 -0.7635036
vn 0.4174384 0.0689722 -0.9060839
v 0.3676233 2.5037010 -0.9231474
vn 0.3596720 0.1398532 -0.9225385
v 0.0556497 2.5407836 -1.0451550
vn 0.2967162 -0.0444630 -0.9539301
v -0.0062571 2.3682423 -1.0734624
vn 0.4153886 0.0347116 -0.9089816
v -0.0128130 2.4884212 -1.0914198
vn 0.2272352 0.0406240 -0.9729922
v -0.1323048 2.4838352 -1.1240175
vn -0.1398571 0.4120653 -0.9003567
v -0.9960696 3.1734960 -0.6194277
vn -0.2388889 -0.3405457 -0.9093738
v -1.1762091 2.4460914 -0.6171300
vn -0.2400772 -0.2515905 -0.9375848
v -1.8106623 2.3929982 -0.5812662
vn 0.0196313 0.2210155 -0.9750727
v -1.2531549 3.1190119 -0.6249882
vn 0.1228008 0.0096927 -0.9923840
v -0.3361203 2.4813995 -1.1546884
vn -0.2886747 0.0986235 -0.9523342
v -0.6954450 2.4506097 -1.1498748
vn -0.5675039 0.0160039 -0.8232152
v -0.8169957 2.4171286 -1.0986201
vn -0.7827504 -0.2606854 -0.5651062
v -1.0641054 2.4058821 -0.6697773
vn 0.0278859 -0.3013981 -0.9530905
v -1.3459263 2.4599371 -0.6142056
vn 0.0616503 -0.2798717 -0.9580559
v -1.5194366 2.4692829 -0.6409767
vn -0.1319108 -0.2057730 -0.9696685
v -1.6656783 2.4578280 -0.6406137
vn -0.7112445 -0.6823042 0.1690927
v -2.6426883 3.3406453 0.5554845
vn 0.1628007 -0.9198977 0.3567690
v -2.1610825 3.3323753 1.3608420
vn -0.4940366 0.1057661 -0.8629841
v -1.0007935 5.0959187 -0.4634697
vn -0.3806785 -0.8565300 0.3484827
v -2.0051711 1.8651153 0.6473052
vn 0.5615060 0.0085908 -0.8274281
v 0.9219168 2.4590697 -0.6012138
vn 0.4673847 0.1653868 -0.8684462
v 0.4867296 2.5944114 -0.8685603
vn -0.4160643 0.2561905 -0.8725004
v -2.0956688 3.0083675 -0.4454349
vn -0.2566564 -0.1253365 -0.9583414
v -1.9150852 2.4511380 -0.5672658
vn -0.4055075 -0.2413557 -0.8816525
v -2.0374446 2.4040887 -0.5138460
vn -0.6150259 0.1689003 -0.7702051
v -1.3725624 4.9022260 -0.2453415
vn 0.4072955 0.1530153 -0.9003870
v 0.3518262 2.6403234 -0.9258033
vn 0.3550178 0.1036188 -0.9290993
v 0.2200044 2.5581000 -0.9848815
vn 0.2487455 0.2541152 -0.9346396
v -0.1030695 2.6105366 -1.0938300
vn -0.5529416 0.2227693 -0.8028882
v -0.8089233 2.5353842 -1.0908521
vn -0.5128950 -0.2431586 -0.8232938
v -1.0966011 2.5594857 -0.6772860
vn -0.2897902 -0.2692609 -0.9184336
v -1.1637328 2.5569813 -0.6575280
vn -0.2799296 -0.0423398 -0.9590864
v -1.7303083 2.5877502 -0.6329496
vn -0.2856769 0.0032214 -0.9583206
v -1.8774543 2.5918360 -0.5750787
vn -0.1037632 -0.0368358 -0.9939197
v -2.1418600 3.7406538 -0.2578326
vn 0.0484093 0.3365162 -0.9404325
v 0.4440471 2.9712272 -0.6852876
vn -0.4920566 -0.1515514 -0.8572704
v -0.6348858 5.2475557 -0.6593133
vn 0.0333284 0.2870695 -0.9573298
v -0.4447275 2.6186652 -1.1495121
vn -0.3358130 0.4983727 -0.7992836
v -0.6985725 2.6840410 -1.0808175
vn -0.0233449 -0.0744205 -0.9969537
v -1.5478696 2.5326619 -0.6480288
vn -0.3665827 -0.0050335 -0.9303719
v -2.0844312 2.5696938 -0.5159526
vn -0.4629736 0.3554385 -0.8119846
v -2.1275163 3.2264538 -0.3448989
vn 0.5310088 0.0997742 -0.8414718
v 0.9043596 2.5885198 -0.6122442
vn -0.2335755 0.5282771 -0.8163124
v -1.6673433 3.4703076 -0.4393797
vn 0.1541504 0.3478794 -0.9247798
v -0.2429433 2.6721025 -1.0965660
vn -0.7081363 -0.1430765 -0.6914276
v -2.4361892 3.3615265 -0.0264897
vn -0.1244167 0.4703766 -0.8736511
v -0.5631651 2.6951413 -1.1097513
vn -0.2193041 0.2881878 -0.9321231
v -0.6330126 2.5976300 -1.1354715
vn -0.5202954 0.4939229 -0.6966584
v -0.7742973 2.6666877 -1.0524676
vn -0.0281838 -0.0328511 -0.9990628
v -1.4695439 2.7219529 -0.6545151
vn -0.1752225 -0.3236693 -0.9298039
v -1.0762461 1.0432800 -0.9253560
vn -0.0762528 -0.9049463 -0.4186378
v -0.9949317 1.0081962 -0.8916564
vn 0.0568992 -0.9828011 -0.1756827
v -0.7789206 1.0046099 -0.7896336
vn 0.0890139 -0.9602532 -0.2645569
v -0.5015259 1.0083492 -0.7387626
vn 0.0233071 -0.9628165 -0.2691491
v -0.1604589 1.0148703 -0.6780128
vn 0.1115775 -0.9366596 -0.3319930
v 0.1945305 1.0287900 -0.6256479
vn 0.3663475 -0.8661812 -0.3398820
v 0.4185105 1.0464001 -0.5583861
vn -0.5734109 -0.5656203 -0.5926834
v -1.2739794 1.0256730 -0.8178195
vn -0.0348378 -0.9990773 -0.0251185
v -0.9972330 1.0073628 -0.8015835
vn 0.0168395 -0.9998330 -0.0071001
v 0.1884405 1.0249740 -0.5629269
vn -0.3806588 -0.9086692 -0.1715200
v -1.3279737 1.0099099 -0.6574326
vn 0.0028623 -0.9950694 0.0991399
v -0.7101438 1.0089291 -0.6965328
vn -0.0062307 -0.9904155 0.1379799
v -0.3467574 1.0168629 -0.6316278
vn 0.0040203 -0.9944161 0.1054538
v -0.0612192 1.0216182 -0.5799321
vn -0.0979701 -0.8896906 0.4459289
v 0.0519717 1.0337899 -0.4982361
vn 0.0203958 -0.8882971 0.4588161
v -0.8194821 1.0173020 -0.6406125
vn -0.0698222 -0.8572308 0.5101768
v -0.4011324 1.0308473 -0.5707116
vn -0.0544539 -0.9936092 0.0988717
v 0.2876619 1.0262166 -0.4627215
vn -0.1157273 -0.6046548 0.7880354
v -0.4494462 1.0763454 -0.5397714
vn -0.1233716 -0.6233982 0.7721102
v -0.0704229 1.0770938 -0.4778922
vn -0.2319928 -0.6270999 0.7435893
v 0.0676329 1.0923462 -0.4435191
vn 0.1225907 -0.9683551 0.2173935
v -1.0559740 1.0150563 -0.6152487
vn -0.0242321 -0.6632517 0.7480040
v -0.7822635 1.0775580 -0.5821551
vn -0.4054897 -0.8139701 0.4159696
v 0.2482218 1.0693561 -0.3794610
vn -0.7631863 -0.6255395 0.1620094
v 0.3142092 1.0422781 -0.3378861
vn 0.1477669 -0.9873973 -0.0566700
v 0.4216614 1.0345029 -0.4348719
vn 0.5420642 -0.7381824 0.4015636
v -1.1091156 1.0704108 -0.4502337
vn -0.1194278 -0.8313802 0.5427191
v -0.0741585 1.1522632 -0.4247709
vn -0.0200651 -0.9996629 -0.0164750
v -1.1844567 1.0085466 -0.7083741
vn 0.3108341 -0.9435184 0.1146966
v -1.2327453 1.0201800 -0.3599262
vn 0.1894008 -0.7340143 0.6521890
v -0.9476943 1.0677699 -0.5761245
vn -0.0719147 -0.8134746 0.5771373
v -0.6025893 1.1419334 -0.5166237
vn -0.0764484 -0.8157403 0.5733441
v -0.3333975 1.1487087 -0.4693908
vn -0.2800710 -0.7915756 0.5431099
v 0.1335678 1.1311557 -0.3887295
vn 0.0685082 -0.9975569 -0.0136726
v 0.4761144 1.0324869 -0.0889995
vn -0.7137940 -0.5221279 -0.4667769
v -1.4361600 1.0240890 -0.4625475
vn -0.0509087 -0.9962574 -0.0698542
v -1.4256492 1.0086815 -0.3841377
vn 0.3700325 -0.7994508 0.4732383
v -1.0022203 1.1273112 -0.4847457
vn 0.0583253 -0.8894452 0.4533050
v -0.8355441 1.1521299 -0.5163126
vn -0.0059579 -0.9896135 0.1436303
v -0.2551959 1.1708685 -0.3900240
vn -0.4411874 -0.8884589 0.1264693
v 0.1936575 1.1449556 -0.3049458
vn -0.3702621 -0.8991650 -0.2332558
v 0.2224413 1.0397756 -0.0903504
vn -0.0359735 -0.9991463 -0.0203132
v 0.3589860 1.0300621 -0.1787139
vn 0.6736250 -0.7058010 -0.2192586
v 0.6124446 1.0670274 -0.1134207
vn 0.0049510 -0.9948905 0.1008388
v -0.5786634 1.1628771 -0.4260786
vn -0.0568384 -0.9924143 0.1090107
v -0.0341703 1.1753027 -0.3114411
vn -0.2396162 -0.9708490 -0.0060299
v 0.1144476 1.1707340 -0.2424819
vn -0.6630233 -0.7036893 -0.2553850
v 0.2256246 1.1020020 -0.2028429
vn 0.3451778 -0.9273574 -0.1444317
v 0.5990436 1.0453197 -0.0569547
vn 0.0386014 -0.9992083 0.0096306
v -1.3517520 1.0080147 -0.3758253
vn 0.0926585 -0.9891699 0.1138299
v -0.9226454 1.1591944 -0.4215231
vn -0.2458182 -0.7570219 -0.6053852
v -1.5449944 1.0118732 -0.3624753
vn 0.0151062 -0.9998288 -0.0106936
v -0.7127058 1.1575725 -0.3327981
vn -0.4715894 -0.8313044 -0.2941709
v 0.1192041 1.1462566 -0.1138905
vn 0.0398812 -0.9769686 0.2096231
v 0.2864562 1.0269786 0.0514860
vn 0.2157837 -0.9354874 -0.2798228
v 0.8725965 1.0739998 0.1068927
vn -0.0278790 -0.9972228 -0.0690607
v -1.6789560 1.0058973 -0.2737386
vn 0.0229492 -0.9994729 -0.0229650
v -0.5857053 1.1551564 -0.1363035
vn -0.0513278 -0.9511641 0.3043883
v 0.4909041 1.0318437 0.0688458
vn -0.1652208 -0.9716392 0.1691726
v 0.6397422 1.0387212 0.1693320
vn 0.7782471 -0.6101204 0.1486092
v -1.1901090 1.0852200 -0.2201931
vn 0.0288365 -0.9992959 -0.0240033
v -0.4275519 1.1594410 -0.1290912
vn -0.5495805 -0.7701427 -0.3237922
v 0.0697869 1.0604460 0.0697380
vn 0.0725131 -0.7343864 0.6748471
v 0.4204290 1.0711141 0.1166367
vn -0.0139356 -0.6437494 0.7651095
v 0.4596840 1.0871910 0.1098855
vn 0.1340303 -0.9780522 -0.1595300
v 0.7125939 1.0401213 0.1196559
vn 0.2608436 -0.9515129 -0.1630455
v 0.9710754 1.0744803 0.2107389
vn -0.2882618 -0.6821684 -0.6719757
v -1.9114770 1.0133079 -0.2401968
vn -0.0266079 -0.9983674 -0.0505428
v -1.9280065 1.0068750 -0.1537596
vn 0.3894157 -0.9048649 0.1719738
v -1.1419979 1.1555580 -0.2192388
vn 0.0311442 -0.9992656 -0.0223262
v -0.2829264 1.1666307 -0.2245461
vn -0.0848399 -0.9950336 -0.0520607
v 0.1190334 1.0260063 0.1492635
vn 0.1946483 -0.8551660 0.4804198
v 0.2828778 1.0809120 0.1358253
vn 0.1834405 -0.9827983 -0.0213829
v 0.8957706 1.0494039 0.2950479
vn 0.0098567 -0.9999488 -0.0022858
v -1.5819018 1.0049369 -0.0543525
vn 0.1332288 -0.9905251 -0.0333186
v -1.2381301 1.0156621 -0.0564024
vn 0.0020205 -0.9992822 -0.0378286
v -0.0933150 1.1683856 -0.0833817
vn 0.3898308 -0.9208170 -0.0113186
v 0.1865823 1.0540230 0.1964784
vn -0.4031460 -0.8698742 0.2842397
v 0.6269370 1.0781131 0.2635470
vn 0.3491907 -0.9364407 -0.0338327
v 1.0681803 1.0957992 0.2944659
vn -0.4307007 -0.6991502 -0.5706890
v -2.0123501 1.0152030 -0.1850649
vn -0.6790425 -0.6847667 -0.2645674
v -0.0243420 1.1227251 0.1431645
vn -0.1777376 -0.9838204 0.0225117
v 0.0944769 1.0237592 0.3528666
vn 0.0346467 -0.9989678 -0.0293786
v 0.1475160 1.0199130 0.2749983
vn -0.1414213 -0.9878934 0.0637704
v 0.7539240 1.0364074 0.3303774
vn 0.1732412 -0.9784808 0.1120836
v 0.8474586 1.0513911 0.4805010
vn -0.4229632 -0.8036636 0.4186013
v -2.0109892 1.9543788 0.8187858
vn 0.0278309 -0.9994543 -0.0177922
v -1.3914051 1.0081569 -0.0268305
vn 0.0709373 -0.9972776 -0.0201354
v -0.9949020 1.1458621 -0.0157560
vn 0.0484788 -0.9986165 -0.0203705
v -0.9622260 1.1497020 -0.0126327
vn 0.0200110 -0.9995655 -0.0216438
v -0.6507807 1.1479803 0.1353024
vn -0.1229090 -0.9914007 -0.0449237
v 0.7179225 1.0445013 0.5321748
vn 0.4571456 -0.8868662 -0.0669790
v 1.2815735 1.1993121 0.2679648
vn -0.0035349 -0.9999745 -0.0062116
v -1.7581224 1.0038669 -0.0065001
vn -0.0014289 -0.9994742 0.0323924
v -1.1194320 1.0089900 0.1371741
vn 0.0171504 -0.9995988 -0.0225420
v -0.3127197 1.1546571 0.1868781
vn -0.2415635 -0.9565428 -0.1633185
v -0.0416907 1.1595408 0.0718995
vn -0.5743833 -0.8086502 -0.1271562
v -0.0092535 1.0638744 0.2478216
vn -0.5770323 -0.8158116 0.0385379
v -0.0422670 1.0857924 0.3883365
vn -0.4771022 -0.8782387 -0.0327134
v 0.6675870 1.0974990 0.4193910
vn -0.7525095 -0.5742368 -0.3224619
v -2.1288550 1.0303719 -0.0235122
vn -0.1854974 -0.9822465 -0.0279734
v -2.0719855 1.0115288 -0.0059283
vn -0.0356560 -0.9992563 0.0146800
v -1.9447691 1.0051758 0.0846675
vn -0.0453555 -0.9972115 0.0592643
v -1.4117898 1.0050558 0.1069392
vn -0.3467208 -0.9379543 0.0051468
v -0.1108614 1.1451834 0.3914040
vn 0.2940395 -0.9412211 0.1662633
v 1.0042754 1.0934201 0.4880088
vn 0.3744350 -0.9187033 0.1256298
v 1.1174883 1.1252975 0.4444746
vn -0.0169223 -0.9295103 0.3684078
v -1.3702782 1.0111092 0.1929009
vn -0.1868368 -0.9227821 0.3369946
v -1.1591781 1.0181192 0.2565195
vn 0.0065866 -0.9999675 0.0046508
v -0.2851923 1.1505792 0.4671198
vn -0.1910842 -0.9097354 -0.3686032
v 0.6449940 1.0742130 0.5450820
vn 0.4603097 -0.8801942 0.1156426
v 1.3462938 1.2369298 0.4802475
vn -0.9819714 -0.0403114 -0.1846811
v -2.1742203 1.0876778 0.0465978
vn -0.6599846 -0.7512540 0.0061449
v -2.1449440 1.0335891 0.1260795
vn 0.0246104 -0.9992797 -0.0288884
v -0.8337270 1.1418869 0.2381283
vn 0.0171450 -0.9997735 -0.0126118
v -0.4966923 1.1485941 0.3064737
vn 0.2347038 -0.9717054 -0.0265092
v 0.2431305 1.0452870 0.5440380
vn 0.3352293 -0.9148306 0.2251809
v 0.7076838 1.0767181 0.7601307
vn 0.4046233 -0.8742958 0.2681174
v 1.2378404 1.2175522 0.6225579
vn 0.1666653 -0.9803146 0.1058589
v -1.5405260 1.0093710 0.2409882
vn 0.1404004 -0.7277486 0.6713194
v -1.4131290 1.0664849 0.2424117
vn -0.6675484 -0.7026871 0.2461912
v -0.0423105 1.1099982 0.5094609
vn -0.4341417 -0.8940654 0.1103096
v 0.0275142 1.0441014 0.4690407
vn -0.2976148 -0.9322662 0.2056824
v 0.0866637 1.0390875 0.5654931
vn -0.0252379 -0.9992962 0.0277542
v 0.3983760 1.0313851 0.6427110
vn 0.0504151 -0.9978177 0.0426406
v 0.4296810 1.0327650 0.6477960
vn 0.0417701 -0.9990911 0.0084926
v 0.5247030 1.0393890 0.6612270
vn 0.2653918 -0.9283243 0.2603481
v 0.8960538 1.0874647 0.5961660
vn -0.4027429 -0.7105773 0.5769559
v -1.1766599 1.0897861 0.3236970
vn 0.0674934 -0.9967591 0.0437720
v -0.9092129 1.0198621 0.4411920
vn 0.2271277 -0.9688134 0.0990646
v 0.6024369 1.0551810 0.8405631
vn 0.5622284 -0.7576970 0.3313527
v 0.7496703 1.1431373 0.8828871
vn 0.2779029 -0.8937479 0.3521148
v 1.0075239 1.1491179 0.6878601
vn 0.5316843 -0.7935781 0.2958809
v 1.4704716 1.3372090 0.6197835
vn -0.2323233 -0.7499838 0.6193144
v -1.7467791 1.9982194 1.0515084
vn -0.1346031 -0.9872648 0.0847954
v -2.0199249 1.0153933 0.2617989
vn -0.2608997 -0.9554724 0.1378551
v -1.0407698 1.0148612 0.3731574
vn 0.3858542 -0.9135951 0.1282986
v -0.8940960 1.0286100 0.4905930
vn -0.5253924 -0.7309278 0.4355542
v 0.0510714 1.0893266 0.6353880
vn 0.4731563 -0.7485055 0.4646102
v 1.3541106 1.3387631 0.7654953
vn 0.3138956 -0.7970983 0.5158525
v -2.0662947 3.3066528 1.1701390
vn -0.0416531 -0.9987068 0.0291508
v -1.7304168 1.0086807 0.4212093
vn 0.0611326 -0.9977891 -0.0260730
v -1.5963150 1.0075589 0.4196100
vn -0.8921013 -0.4517748 0.0073972
v -1.0713481 1.0767480 0.4650870
vn 0.7166768 -0.6647894 0.2107832
v -0.8658450 1.0619010 0.5205000
vn 0.8591092 -0.5078593 -0.0633282
v -0.7974150 1.1322780 0.4711590
vn -0.3654443 -0.9037473 0.2229156
v -0.0329232 1.1444352 0.6128103
vn 0.2400282 -0.7655551 0.5969186
v 1.0514313 1.2292181 0.8091117
vn -0.4244335 -0.8628159 0.2745999
v -2.0905638 1.0343634 0.2939529
vn -0.1425243 -0.9826531 0.1186580
v -1.6205701 0.9992970 0.4754400
vn -0.4876188 -0.7016237 0.5195692
v 0.1344504 1.1135349 0.7426590
vn -0.3351162 -0.8401362 0.4264602
v 0.1998165 1.0561420 0.7294779
vn -0.1543733 -0.9686428 0.1946794
v 0.2514990 1.0424610 0.7217193
vn 0.3519526 -0.8332573 0.4263939
v 1.1664931 1.2309895 0.7492971
vn -0.0037870 -0.9974428 0.0713687
v -0.0793257 1.1618122 0.7539378
vn -0.2546214 -0.9149668 0.3130554
v 0.0966669 1.1612532 0.7769625
vn -0.6015179 -0.6805902 0.4182980
v 0.2700495 1.1067280 0.8544657
vn -0.2074842 -0.9782369 -0.0017088
v 0.3959094 1.0450736 0.9489294
vn 0.5719953 -0.7967366 0.1950186
v 0.6687480 1.1115993 0.9930305
vn 0.3832119 -0.7640329 0.5190399
v 0.8684517 1.1748006 0.8170443
vn -0.4728147 -0.8811326 -0.0071809
v -2.6332042 3.3544235 1.1143293
vn 0.0301205 -0.9994069 0.0166887
v -0.5361147 1.1461167 0.6072966
vn -0.6348473 -0.7710348 0.0497411
v 0.3026226 1.1114308 0.9246750
vn 0.4188175 -0.6891193 0.5913598
v 1.2688966 1.3630731 0.8712276
vn -0.3004338 -0.6511624 0.6969413
v -2.5302403 3.4164038 1.3954043
vn 0.0515762 -0.8276424 0.5588810
v -2.2138715 3.2686887 1.1765175
vn -0.4570045 -0.5959777 0.6602709
v -1.5373001 1.9271759 1.0277412
vn -0.2343044 -0.9650180 0.1176511
v -1.8533217 1.0205358 0.5070174
vn -0.6462038 -0.6298277 -0.4309731
v -1.0999531 1.0591260 0.6909600
vn 0.0241763 -0.9978840 0.0603586
v -0.4479054 1.1593053 0.8813499
vn -0.2880790 -0.9533824 0.0898468
v -2.4268358 3.2901673 1.1373069
vn -0.6509781 -0.7375367 -0.1796302
v -2.6946785 3.4161596 0.9853593
vn -0.4587640 -0.7494481 0.4773501
v -2.0896652 2.0618513 0.9338364
vn -0.1302006 -0.9340802 0.3324784
v -2.3534939 3.2966497 1.2755376
vn -0.4295969 -0.6992038 0.5714548
v -2.2747242 3.2384701 1.1138625
vn -0.0169491 -0.9989708 0.0420716
v -1.6722188 1.0238415 0.8002308
vn -0.5326973 -0.2013316 -0.8220092
v -1.1483880 1.0628700 0.7314180
vn -0.2325564 -0.9695631 -0.0765828
v -1.0585002 1.0253934 0.6823458
vn 0.0320127 -0.9992425 0.0221261
v -0.7739421 1.1359501 0.5994438
vn -0.3636578 -0.9038020 0.2255990
v 0.2071929 1.1701281 0.8864553
vn 0.1055524 -0.9917967 0.0720974
v 0.4634697 1.0455732 1.1095467
vn 0.3928596 -0.9074070 0.1492441
v 0.5738469 1.0692191 1.0992684
vn -0.3178005 -0.7920420 0.5212219
v -1.9099492 1.9814352 0.9548424
vn 0.1942729 -0.6302715 0.7516754
v 1.1881441 1.3481859 0.8997708
vn -0.7943209 -0.5887507 0.1497562
v -2.4088292 2.1510727 0.4798590
vn -0.0895778 -0.6426775 0.7608820
v -1.6255629 2.0196810 1.1080682
vn -0.6384698 -0.7550109 -0.1493818
v -2.1933062 4.4541507 -0.8624541
vn -0.1643658 -0.5278711 0.8332683
v -1.7699995 2.2125463 1.2359124
vn -0.3036875 -0.8606886 -0.4086430
v -1.7856219 1.8312078 -0.0712614
vn -0.5711928 -0.7954834 -0.2023487
v -1.8837540 1.0379028 0.7051692
vn -0.0296452 -0.9989515 0.0348881
v -1.2568650 1.0100490 0.8082000
vn -0.8205478 -0.5289961 -0.2164826
v 0.2694246 1.1291821 1.0170240
vn -0.1715113 -0.9825321 -0.0722110
v 0.2558634 1.0466399 1.0879531
vn -0.6882172 -0.5598161 0.4614792
v -2.6941166 3.4494319 1.2831495
vn -0.3442330 -0.5111580 0.7875412
v -1.9663625 2.2329111 1.1750422
vn -0.3197670 -0.9067199 -0.2749694
v -1.9393256 1.8516968 0.0067656
vn -0.1595636 -0.9866704 0.0319535
v 0.1574907 1.1852130 0.9981360
vn 0.5971203 -0.7077354 0.3775685
v 0.6075096 1.1109951 1.1798156
vn -0.4657398 -0.7830848 -0.4121464
v -2.0101922 1.8987861 -0.0524817
vn -0.3409844 -0.9193311 -0.1963671
v -1.9343930 1.8195441 0.1270296
vn -0.8440765 -0.5361285 -0.0100583
v -1.7165889 1.7100141 0.1475274
vn -0.6135730 -0.6137392 0.4968425
v -2.2308843 2.1731114 0.9429012
vn -0.0804543 -0.9965973 0.0179165
v -1.8605701 1.0302954 0.9564984
vn -0.0191393 -0.9957960 0.0895770
v -1.4061246 1.0333239 0.9153939
vn 0.0164354 -0.9980609 0.0600350
v -0.6244284 1.1520288 0.8360529
vn 0.3236054 -0.8757190 0.3583237
v 0.4931805 1.0690533 1.2384312
vn 0.4097238 -0.8484587 0.3350289
v -2.0726149 3.3615041 1.3596019
vn -0.2993357 -0.9350008 -0.1901882
v -2.1543472 4.4583955 -1.0391847
vn -0.5145510 -0.8196522 -0.2518086
v -2.0861630 1.8922426 0.1072746
vn -0.8143737 -0.5638505 0.1373619
v -2.5459168 2.3517630 0.4938603
vn -0.7558304 -0.6331981 0.1666750
v -2.7356634 3.4766679 0.7411662
vn -0.6398939 -0.7466614 0.1817485
v -2.6648328 3.4077508 0.7162092
vn 0.1824660 -0.7889891 0.5866877
v -2.1390848 3.3976090 1.4833359
vn -0.0598191 -0.5755775 0.8155564
v -1.6463085 2.1084700 1.1648461
vn -0.7524241 -0.3598262 0.5517092
v -2.3162663 3.2147660 1.0421487
vn -0.3385800 -0.9358440 -0.0977733
v -1.8372533 1.7702231 0.2427498
vn -0.7172945 -0.6798841 -0.1524674
v -1.9765694 1.0507524 0.8824956
vn -0.0057000 -0.9995391 0.0298202
v -1.7366829 1.0325871 1.0879729
vn 0.0158508 -0.9995935 0.0236974
v -1.5554314 1.0341082 1.0390553
vn 0.2130769 -0.9768592 -0.0185546
v -1.0450380 1.0416421 1.0373460
vn 0.4441436 -0.8824745 0.1548394
v -0.9295410 1.1457570 0.9717030
vn 0.0231089 -0.9972498 0.0704190
v -0.1488393 1.1809471 1.1010660
vn 0.1372704 -0.9401781 0.3118044
v 0.3667251 1.0553244 1.2786174
vn -0.2150013 -0.6399083 0.7377614
v -2.2469466 3.4376590 1.5232944
vn -0.2867978 -0.5430045 0.7892358
v -2.4140730 3.4073889 1.3993032
vn -0.5838534 -0.7338648 0.3472142
v -2.2232268 2.0875809 0.8179320
vn -0.7170745 -0.5551772 0.4214055
v -2.3700786 2.2901795 0.8774427
vn -0.3826600 -0.9213405 0.0685794
v -1.9589125 1.0433692 1.0123302
vn -0.0158828 -0.9992868 0.0342580
v -1.0096920 1.0303230 1.1074229
vn 0.0566850 -0.9983898 0.0021511
v 0.1479555 1.0444441 1.3038633
vn 0.2054031 -0.5375471 0.8178343
v 0.3404232 1.0863906 1.3395684
vn -0.2364194 -0.6290617 0.7405317
v -1.8170778 2.1346362 1.1596129
vn -0.6246700 -0.7808815 0.0034022
v -2.6693840 3.4352608 0.8533809
vn -0.4477212 -0.8921576 -0.0600043
v -2.0563056 1.8327144 0.3167328
vn -0.1215835 -0.3799097 0.9169984
v -2.4813287 3.4946926 1.4555559
vn -0.0107356 -0.9979537 0.0630342
v -1.2573963 1.0340316 0.9960012
vn 0.0189681 -0.9961224 0.0859102
v -0.3386940 1.1858760 1.1653230
vn 0.0628204 -0.9585118 0.2780448
v -0.0847857 1.0465602 1.3683424
vn -0.3175543 -0.9481294 0.0144958
v -1.9368364 1.7845242 0.3918504
vn -0.2248046 -0.9742353 0.0181259
v -1.7574432 1.7340437 0.4028862
vn 0.0313864 -0.9970111 0.0705953
v -0.6996000 1.1750851 1.1541990
vn 0.0254170 -0.9967035 0.0770462
v -0.5447970 1.1796690 1.1820869
vn 0.0137874 -0.9997817 0.0156982
v -0.4941420 1.0443840 1.3105409
vn 0.1772403 -0.5608094 0.8087513
v 0.0987198 1.0750041 1.3807383
vn -0.4837491 -0.8704547 -0.0910794
v -2.5568888 3.3602135 0.9125082
vn -0.3835590 -0.9129507 -0.1392965
v -2.5693419 3.3395157 1.0270435
vn -0.6952066 -0.6851386 -0.2174235
v -2.2359109 2.0004208 0.1408599
vn -0.5829061 -0.8069096 -0.0954857
v -2.1333890 1.8825442 0.2639865
vn -0.2724903 -0.9434690 0.1887204
v -1.8344815 1.7650323 0.4961832
vn 0.0186012 -0.9973660 0.0701073
v -1.4073682 1.0388154 1.1921912
vn 0.0392152 -0.9835395 0.1763871
v -1.2228105 1.0400469 1.2147759
vn -0.0215364 -0.9982875 0.0543899
v -0.7896930 1.0397400 1.3042051
vn 0.2391707 -0.4443441 0.8633399
v -0.0955098 1.0868973 1.4361930
vn -0.4907415 -0.8601761 0.1388158
v -2.3982148 3.2750034 1.0235940
vn -0.2431418 -0.8605977 0.4474970
v -1.7913651 1.8949583 0.8636754
vn -0.1905286 -0.5713347 0.7982954
v -1.5352980 2.0418565 1.1219499
vn -0.2030468 -0.5181302 0.8308508
v -1.5037974 2.1279945 1.1844304
vn -0.6627399 -0.7452059 0.0737840
v -2.1837039 1.9319965 0.4561785
vn -0.4747908 -0.8729765 0.1117400
v -2.0553370 1.8364395 0.4606224
vn -0.0839196 -0.7969878 0.5981371
v -1.1802963 1.0632054 1.2747768
vn 0.0881910 -0.9482010 0.3051840
v -0.2439177 1.0502504 1.4250720
vn -0.3459286 -0.6694558 0.6573906
v -1.9824200 2.1060822 1.0665858
vn 0.3503510 -0.9024084 -0.2508254
v -2.0580781 4.4976830 -1.2015405
vn -0.5597440 -0.7575766 0.3358042
v -2.1516628 2.0106912 0.7487925
vn -0.7036772 -0.7094541 -0.0389007
v -2.2534504 1.9967113 0.3073227
vn -0.8558792 -0.3241451 0.4029898
v -1.9543995 1.0783695 1.1932524
vn -0.6454115 -0.3385768 0.6846969
v -1.1069580 1.0777392 1.3438251
vn 0.2602848 -0.5075499 0.8213677
v -0.2843412 1.0793279 1.4830264
vn -0.3699842 -0.3322596 0.8675916
v -2.5552788 3.5120428 1.4441826
vn -0.2968538 -0.8642456 0.4061495
v -1.9009919 1.8837078 0.7694283
vn -0.3615227 -0.9041932 0.2274553
v -1.9989998 1.8300509 0.5430372
vn -0.2673497 -0.8930702 0.3618698
v -1.7450278 1.7995558 0.6781818
vn -0.4302199 -0.8735673 0.2275766
v -1.9263663 1.0497768 1.1820576
vn 0.0182545 -0.9914117 0.1294976
v -1.6027737 1.0368006 1.2834725
vn 0.0352944 -0.9789982 0.2007905
v -0.5409447 1.0457991 1.4779427
vn 0.3193389 -0.0507865 0.9462788
v -0.3432123 1.1292231 1.5082719
vn -0.0825951 -0.8630450 0.4983285
v -2.2549596 3.3462858 1.4012154
vn -0.6980290 -0.6866210 -0.2032417
v -2.3150518 2.0947933 0.1518168
vn -0.6878799 -0.7257944 0.0066194
v -2.1840408 1.9314777 0.3626724
vn -0.7176078 -0.6559814 0.2339391
v -2.3406601 2.1298547 0.6396645
vn -0.2618531 -0.9262977 0.2709346
v -1.8379011 1.0407124 1.2598469
vn 0.0094673 -0.9232950 0.3839749
v -1.6321125 1.0502193 1.3462377
vn 0.1130469 -0.9075536 0.4044341
v -1.3726285 1.0562094 1.3055435
vn -0.2844307 -0.9108222 0.2991694
v -1.0149732 1.0550646 1.4087367
vn -0.1563985 -0.9462074 0.2832510
v -0.8597289 1.0525014 1.5164832
vn 0.0956222 -0.8962086 0.4332049
v -0.4591932 1.0573922 1.5040143
vn 0.7950911 -0.5598819 -0.2331578
v -1.9585094 4.6777339 -1.4959779
vn 0.5276821 -0.8144424 -0.2413197
v -1.9940357 4.4614615 -0.9473790
vn 0.8704019 -0.4488685 -0.2022816
v -1.8628794 4.9164972 -1.7515780
vn 0.8456075 -0.4873992 -0.2176928
v -1.8982468 4.5737195 -0.9666519
vn 0.2483217 -0.8410046 -0.4806742
v -1.3126717 4.4320221 -0.0642996
vn 0.4534895 -0.8598353 -0.2345858
v -1.9709082 4.3684893 -0.5692413
vn 0.4344572 -0.7974163 -0.4187771
v -2.0014095 4.6076469 -1.4729129
vn 0.3918211 -0.7754748 -0.4950910
v -0.3144843 5.0004859 -0.6523827
vn 0.3255412 -0.5040227 -0.7999900
v -1.8823354 4.9192595 -1.7819483
vn -0.2308026 -0.6070788 -0.7603852
v -2.1123970 4.2387600 -0.2537724
vn 0.4905998 0.1681129 -0.8550146
v -1.8459115 4.2112885 -0.1882041
vn -0.3009111 -0.5340144 -0.7901146
v -0.3435738 5.1661897 -0.8053494
vn -0.1935257 -0.2840485 -0.9390763
v -1.9119343 4.9731112 -1.8031083
vn 0.1428073 -0.7580140 -0.6364126
v -0.8465647 4.7274432 -0.3299847
vn 0.2384711 -0.8992863 -0.3666276
v -0.5541381 4.7903147 -0.3350853
vn 0.6089683 -0.7638707 -0.2136803
v -2.0010214 4.5710325 -1.3579917
vn -0.0080677 -0.5950271 -0.8036652
v -1.4968923 4.4012580 -0.0558426
vn 0.2531331 -0.8614075 -0.4403416
v -0.9434891 4.6381388 -0.2304069
vn 0.0870104 -0.8106462 -0.5790354
v -2.0234299 4.6523027 -1.5478275
vn -0.1625648 -0.2496590 -0.9545906
v -0.3271995 5.2947903 -0.8773890
vn -0.5212969 -0.8004425 -0.2958738
v -2.1625080 4.4896650 -1.1779758
vn 0.7324392 -0.6554992 -0.1839936
v -1.9269249 4.4633422 -0.7769913
vn 0.8076059 -0.2293580 -0.5432935
v -1.8916992 4.3024950 -0.2247231
vn 0.6308151 0.0593992 -0.7736563
v -1.5913005 4.2277651 -0.0142224
vn 0.0638109 -0.7183560 -0.6927430
v -1.1780823 4.5615692 -0.1986114
vn 0.7289969 -0.6331096 -0.2602611
v -1.9439080 4.5631847 -1.0855657
vn 0.7373634 -0.6077299 -0.2948892
v -1.9320097 4.7503200 -1.6276910
vn 0.2827281 -0.7879190 -0.5470360
v -1.9853436 4.2655048 -0.2812989
vn 0.1758165 -0.9540002 -0.2428422
v -2.0325429 4.3815622 -0.6999990
vn 0.8355131 -0.5188076 -0.1809873
v -1.9419475 4.6230202 -1.2139446
vn 0.2785015 -0.9193681 -0.2778474
v -0.7279677 4.7063074 -0.2355279
vn -0.0018880 -0.8076460 -0.5896648
v -0.4716954 4.8937035 -0.4918971
vn -0.2658845 -0.9431990 -0.1992013
v -2.1266298 4.3213854 -0.4472544
vn -0.0972857 -0.5994219 -0.7944992
v -1.3302549 4.5341430 -0.1705794
vn 0.9311693 -0.3267322 -0.1617707
v -1.8869044 4.4084334 -0.3929586
vn 0.6925780 -0.6623522 -0.2857018
v -1.9126620 4.3286624 -0.3418719
vn 0.0220279 -0.9395801 -0.3416198
v -2.0464368 4.3172798 -0.4495251
vn 0.6251608 -0.5061010 -0.5941681
v -1.5081432 4.3009691 0.0454590
vn -0.0770789 -0.5308945 -0.8439252
v -0.8560677 4.8625436 -0.4435809
vn 0.3169930 -0.8975493 -0.3064650
v -1.9743211 4.3077359 -0.3775614
vn 0.5617546 0.2700868 -0.7819750
v -1.6853759 4.1323218 -0.1220229
vn 0.0636275 -0.9737099 -0.2187248
v -2.0660064 4.4170012 -0.8621961
vn 0.8909151 -0.1665708 -0.4225217
v -1.8289626 5.1006341 -1.8251816
vn -0.2936402 -0.6229876 -0.7250255
v -0.4168647 5.0361505 -0.6569169
vn 0.0340777 -0.9180140 -0.3950811
v -2.0823901 4.5365543 -1.3361561
vn -0.3354036 -0.9255217 0.1758243
v -1.6511940 1.7192910 0.5097270
# 2503 vertices, 0 vertices normals

f 1069//1069 1647//1647 1578//1578
f 1058//1058 909//909 939//939
f 421//421 1176//1176 238//238
f 1055//1055 1101//1101 1042//1042
f 238//238 1059//1059 1126//1126
f 1254//1254 30//30 1261//1261
f 1065//1065 1071//1071 1//1
f 1037//1037 1130//1130 1120//1120
f 1570//1570 2381//2381 1585//1585
f 2434//2434 2502//2502 2473//2473
f 1632//1632 1654//1654 1646//1646
f 1144//1144 1166//1166 669//669
f 1202//1202 1440//1440 305//305
f 1071//1071 1090//1090 1//1
f 1555//1555 1570//1570 1584//1584
f 1184//1184 1174//1174 404//404
f 65//65 432//432 12//12
f 1032//1032 1085//1085 574//574
f 1789//1789 2207//2207 2223//2223
f 1154//1154 1118//1118 1184//1184
f 1141//1141 1086//1086 1154//1154
f 99//99 1117//1117 342//342
f 404//404 1174//1174 419//419
f 489//489 2000//2000 1998//1998
f 1118//1118 1174//1174 1184//1184
f 1196//1196 403//403 136//136
f 1495//1495 717//717 1490//1490
f 1804//1804 402//402 1207//1207
f 2272//2272 1398//1398 891//891
f 1100//1100 1002//1002 804//804
f 1596//1596 1595//1595 2381//2381
f 208//208 420//420 1207//1207
f 402//402 208//208 1207//1207
f 1455//1455 1935//1935 1925//1925
f 1176//1176 1059//1059 238//238
f 1150//1150 1040//1040 348//348
f 1957//1957 1537//1537 2051//2051
f 1124//1124 1189//1189 939//939
f 1804//1804 1207//1207 1823//1823
f 1381//1381 1300//1300 1109//1109
f 383//383 384//384 1182//1182
f 1085//1085 1086//1086 1141//1141
f 1040//1040 1046//1046 132//132
f 220//220 1495//1495 1188//1188
f 420//420 261//261 1207//1207
f 261//261 420//420 1065//1065
f 1055//1055 1133//1133 1101//1101
f 1054//1054 421//421 403//403
f 182//182 1109//1109 2//2
f 1181//1181 1207//1207 320//320
f 545//545 1570//1570 1561//1561
f 35//35 342//342 432//432
f 1024//1024 574//574 1141//1141
f 432//432 342//342 12//12
f 1489//1489 1081//1081 1547//1547
f 1181//1181 320//320 1805//1805
f 1516//1516 1683//1683 1507//1507
f 357//357 1117//1117 1047//1047
f 1561//1561 1570//1570 1555//1555
f 1090//1090 1196//1196 1206//1206
f 1047//1047 1203//1203 1051//1051
f 1165//1165 202//202 1121//1121
f 1099//1099 341//341 301//301
f 1174//1174 240//240 419//419
f 922//922 921//921 833//833
f 1121//1121 1080//1080 385//385
f 815//815 21//21 1183//1183
f 35//35 99//99 342//342
f 1083//1083 398//398 262//262
f 106//106 94//94 1317//1317
f 94//94 292//292 1317//1317
f 292//292 95//95 1317//1317
f 940//940 1039//1039 1033//1033
f 1300//1300 1306//1306 433//433
f 21//21 212//212 471//471
f 1120//1120 1131//1131 1037//1037
f 833//833 921//921 688//688
f 1117//1117 357//357 342//342
f 106//106 271//271 94//94
f 386//386 227//227 1375//1375
f 1130//1130 1044//1044 1053//1053
f 419//419 240//240 219//219
f 1255//1255 1244//1244 32//32
f 1557//1557 1081//1081 1489//1489
f 2062//2062 2120//2120 2109//2109
f 2034//2034 2110//2110 430//430
f 23//23 315//315 1111//1111
f 291//291 94//94 271//271
f 291//291 292//292 94//94
f 50//50 386//386 95//95
f 964//964 734//734 665//665
f 1616//1616 1585//1585 1611//1611
f 445//445 1084//1084 402//402
f 574//574 1085//1085 1141//1141
f 1654//1654 341//341 1653//1653
f 220//220 1188//1188 1640//1640
f 342//342 69//69 12//12
f 417//417 261//261 328//328
f 292//292 50//50 95//95
f 204//204 227//227 386//386
f 50//50 204//204 386//386
f 1276//1276 1471//1471 1311//1311
f 1206//1206 1196//1196 136//136
f 1033//1033 1055//1055 1042//1042
f 1037//1037 1044//1044 1130//1130
f 1180//1180 320//320 417//417
f 1121//1121 202//202 1080//1080
f 325//325 203//203 271//271
f 291//291 76//76 292//292
f 292//292 237//237 50//50
f 2159//2159 1696//1696 1767//1767
f 583//583 929//929 850//850
f 1584//1584 1585//1585 1616//1616
f 1495//1495 1490//1490 1188//1188
f 1557//1557 1489//1489 1660//1660
f 1078//1078 1069//1069 1494//1494
f 1972//1972 1992//1992 1971//1971
f 183//183 1226//1226 2000//2000
f 325//325 429//429 203//203
f 292//292 76//76 237//237
f 1152//1152 227//227 1143//1143
f 1488//1488 1412//1412 1489//1489
f 1638//1638 1646//1646 1653//1653
f 1947//1947 1869//1869 2468//2468
f 203//203 306//306 291//291
f 306//306 76//76 291//291
f 237//237 248//248 50//50
f 204//204 1143//1143 227//227
f 2395//2395 14//14 429//429
f 1502//1502 881//881 2500//2500
f 1//1 1090//1090 202//202
f 1652//1652 1653//1653 1099//1099
f 2117//2117 1863//1863 2496//2496
f 50//50 248//248 204//204
f 160//160 792//792 994//994
f 884//884 888//888 857//857
f 544//544 2117//2117 2496//2496
f 1090//1090 1206//1206 202//202
f 2463//2463 879//879 2492//2492
f 429//429 306//306 203//203
f 498//498 188//188 418//418
f 865//865 884//884 857//857
f 994//994 998//998 1014//1014
f 884//884 897//897 888//888
f 1795//1795 948//948 1802//1802
f 208//208 1035//1035 1071//1071
f 1065//1065 1//1 1066//1066
f 377//377 435//435 1377//1377
f 304//304 429//429 14//14
f 304//304 306//306 429//429
f 73//73 60//60 74//74
f 248//248 592//592 204//204
f 846//846 2264//2264 829//829
f 897//897 912//912 906//906
f 1004//1004 991//991 992//992
f 1422//1422 1421//1421 1233//1233
f 980//980 10//10 303//303
f 1058//1058 922//922 909//909
f 2436//2436 2449//2449 2418//2418
f 394//394 435//435 377//377
f 435//435 475//475 446//446
f 475//475 474//474 446//446
f 336//336 337//337 361//361
f 338//338 235//235 372//372
f 624//624 148//148 129//129
f 812//812 306//306 596//596
f 1726//1726 992//992 1019//1019
f 945//945 1514//1514 1511//1511
f 1069//1069 1627//1627 1628//1628
f 1812//1812 1823//1823 1181//1181
f 1165//1165 1121//1121 169//169
f 447//447 475//475 435//435
f 2487//2487 2458//2458 901//901
f 42//42 59//59 46//46
f 401//401 7//7 187//187
f 1010//1010 970//970 797//797
f 1513//1513 220//220 1640//1640
f 2474//2474 2491//2491 2462//2462
f 594//594 307//307 1014//1014
f 398//398 1513//1513 1640//1640
f 307//307 594//594 1026//1026
f 545//545 2381//2381 1570//1570
f 403//403 421//421 238//238
f 445//445 402//402 127//127
f 1611//1611 1631//1631 1616//1616
f 1805//1805 1180//1180 1148//1148
f 394//394 447//447 435//435
f 2341//2341 2413//2413 2376//2376
f 75//75 74//74 60//60
f 541//541 47//47 42//42
f 47//47 59//59 42//42
f 541//541 42//42 28//28
f 917//917 931//931 1103//1103
f 897//897 906//906 883//883
f 2484//2484 2068//2068 779//779
f 888//888 883//883 857//857
f 261//261 1065//1065 328//328
f 363//363 1307//1307 349//349
f 377//377 363//363 394//394
f 444//444 747//747 464//464
f 323//323 338//338 362//362
f 92//92 116//116 74//74
f 592//592 634//634 97//97
f 982//982 1027//1027 1004//1004
f 1020//1020 982//982 1004//1004
f 1084//1084 1054//1054 1035//1035
f 208//208 402//402 1084//1084
f 421//421 1119//1119 1176//1176
f 1207//1207 1181//1181 1823//1823
f 1179//1179 1187//1187 1160//1160
f 263//263 296//296 1343//1343
f 1298//1298 296//296 1307//1307
f 1307//1307 296//296 349//349
f 405//405 363//363 349//349
f 405//405 394//394 363//363
f 405//405 447//447 394//394
f 362//362 372//372 384//384
f 338//338 372//372 362//362
f 983//983 1004//1004 987//987
f 122//122 134//134 139//139
f 415//415 440//440 414//414
f 75//75 92//92 74//74
f 226//226 186//186 246//246
f 796//796 787//787 700//700
f 1119//1119 1059//1059 1176//1176
f 122//122 114//114 91//91
f 624//624 129//129 116//116
f 641//641 558//558 631//631
f 1311//1311 1318//1318 1487//1487
f 100//100 1162//1162 1170//1170
f 1653//1653 341//341 1099//1099
f 1316//1316 1983//1983 273//273
f 263//263 277//277 296//296
f 296//296 358//358 349//349
f 436//436 447//447 405//405
f 109//109 554//554 570//570
f 504//504 1385//1385 2501//2501
f 115//115 122//122 91//91
f 2068//2068 2460//2460 779//779
f 43//43 777//777 163//163
f 378//378 405//405 349//349
f 358//358 378//378 349//349
f 448//448 447//447 436//436
f 448//448 476//476 447//447
f 78//78 77//77 108//108
f 75//75 60//60 47//47
f 1764//1764 2481//2481 1795//1795
f 717//717 714//714 1512//1512
f 1490//1490 717//717 1501//1501
f 238//238 1126//1126 168//168
f 1878//1878 1866//1866 826//826
f 2025//2025 2360//2360 2367//2367
f 251//251 278//278 263//263
f 278//278 277//277 263//263
f 277//277 318//318 296//296
f 296//296 318//318 358//358
f 318//318 350//350 358//358
f 378//378 436//436 405//405
f 384//384 372//372 1182//1182
f 454//454 440//440 415//415
f 987//987 1004//1004 992//992
f 493//493 476//476 448//448
f 323//323 788//788 338//338
f 403//403 238//238 136//136
f 1565//1565 1503//1503 1474//1474
f 297//297 277//277 278//278
f 297//297 318//318 277//277
f 358//358 350//350 378//378
f 378//378 388//388 436//436
f 476//476 493//493 500//500
f 73//73 105//105 60//60
f 323//323 337//337 312//312
f 953//953 1573//1573 2358//2358
f 142//142 161//161 119//119
f 454//454 443//443 440//440
f 1862//1862 1871//1871 1405//1405
f 297//297 319//319 318//318
f 560//560 47//47 541//541
f 170//170 1323//1323 111//111
f 357//357 1047//1047 1050//1050
f 1119//1119 98//98 1059//1059
f 1838//1838 1877//1877 1900//1900
f 2359//2359 230//230 251//251
f 350//350 364//364 378//378
f 449//449 448//448 436//436
f 449//449 493//493 448//448
f 185//185 186//186 226//226
f 443//443 469//469 479//479
f 874//874 165//165 2480//2480
f 463//463 444//444 464//464
f 64//64 105//105 91//91
f 1182//1182 440//440 1129//1129
f 1958//1958 1651//1651 2502//2502
f 1238//1238 2034//2034 191//191
f 251//251 279//279 278//278
f 278//278 279//279 297//297
f 364//364 388//388 378//378
f 483//483 493//493 449//449
f 134//134 148//148 139//139
f 244//244 268//268 259//259
f 910//910 942//942 930//930
f 105//105 115//115 91//91
f 24//24 30//30 18//18
f 1132//1132 487//487 1059//1059
f 1869//1869 1947//1947 2021//2021
f 2497//2497 2494//2494 2463//2463
f 2359//2359 2385//2385 230//230
f 230//230 280//280 251//251
f 251//251 280//280 279//279
f 279//279 308//308 297//297
f 297//297 308//308 319//319
f 319//319 364//364 318//318
f 364//364 350//350 318//318
f 388//388 395//395 436//436
f 436//436 395//395 449//449
f 493//493 472//472 500//500
f 122//122 129//129 134//134
f 125//125 142//142 124//124
f 373//373 400//400 393//393
f 24//24 557//557 30//30
f 2264//2264 2278//2278 2251//2251
f 1261//1261 30//30 1269//1269
f 1730//1730 1862//1862 1877//1877
f 252//252 280//280 230//230
f 343//343 364//364 319//319
f 364//364 343//343 388//388
f 63//63 64//64 91//91
f 399//399 393//393 416//416
f 416//416 444//444 463//463
f 162//162 189//189 142//142
f 768//768 373//373 326//326
f 189//189 661//661 177//177
f 189//189 199//199 661//661
f 847//847 887//887 864//864
f 533//533 747//747 444//444
f 1744//1744 1022//1022 1418//1418
f 1170//1170 524//524 729//729
f 121//121 1342//1342 128//128
f 1236//1236 1244//1244 26//26
f 280//280 281//281 279//279
f 281//281 308//308 279//279
f 343//343 319//319 308//308
f 343//343 365//365 388//388
f 388//388 365//365 395//395
f 365//365 406//406 395//395
f 406//406 449//449 395//395
f 483//483 477//477 493//493
f 477//477 491//491 472//472
f 493//493 477//477 472//472
f 78//78 109//109 77//77
f 166//166 174//174 196//196
f 481//481 150//150 814//814
f 63//63 59//59 64//64
f 326//326 373//373 393//393
f 643//643 260//260 43//43
f 230//230 253//253 252//252
f 449//449 441//441 483//483
f 441//441 477//477 483//483
f 415//415 416//416 463//463
f 226//226 246//246 245//245
f 464//464 470//470 454//454
f 323//323 362//362 337//337
f 52//52 37//37 1283//1283
f 253//253 281//281 252//252
f 281//281 280//280 252//252
f 309//309 308//308 281//281
f 330//330 343//343 308//308
f 366//366 365//365 343//343
f 441//441 449//449 406//406
f 464//464 814//814 15//15
f 883//883 906//906 887//887
f 337//337 362//362 371//371
f 479//479 498//498 290//290
f 247//247 746//746 1003//1003
f 25//25 37//37 557//557
f 640//640 930//930 669//669
f 2486//2486 2499//2499 2459//2459
f 309//309 330//330 308//308
f 343//343 330//330 366//366
f 441//441 437//437 477//477
f 290//290 498//498 418//418
f 124//124 119//119 108//108
f 77//77 124//124 108//108
f 589//589 125//125 109//109
f 570//570 589//589 109//109
f 125//125 162//162 142//142
f 1045//1045 433//433 1034//1034
f 1207//1207 261//261 320//320
f 2004//2004 2474//2474 2495//2495
f 1215//1215 1228//1228 2285//2285
f 365//365 396//396 406//406
f 396//396 422//422 406//406
f 422//422 437//437 441//441
f 406//406 422//422 441//441
f 59//59 47//47 60//60
f 51//51 78//78 66//66
f 361//361 371//371 383//383
f 196//196 215//215 214//214
f 463//463 454//454 415//415
f 27//27 41//41 535//535
f 53//53 1283//1283 37//37
f 84//84 1299//1299 1283//1283
f 1805//1805 320//320 1180//1180
f 254//254 253//253 222//222
f 254//254 281//281 253//253
f 309//309 366//366 330//330
f 396//396 365//365 366//366
f 456//456 477//477 437//437
f 484//484 491//491 477//477
f 2480//2480 2485//2485 2493//2493
f 418//418 188//188 187//187
f 53//53 85//85 1283//1283
f 85//85 84//84 1283//1283
f 420//420 1071//1071 1065//1065
f 264//264 281//281 254//254
f 298//298 309//309 281//281
f 368//368 366//366 367//367
f 368//368 396//396 366//366
f 1639//1639 1564//1564 1139//1139
f 560//560 48//48 47//47
f 82//82 471//471 212//212
f 25//25 38//38 37//37
f 202//202 1206//1206 1080//1080
f 264//264 298//298 281//281
f 298//298 331//331 309//309
f 309//309 331//331 366//366
f 331//331 367//367 366//366
f 396//396 368//368 422//422
f 422//422 456//456 437//437
f 491//491 1192//1192 313//313
f 1699//1699 2064//2064 1710//1710
f 462//462 443//443 479//479
f 371//371 362//362 384//384
f 2502//2502 2476//2476 2464//2464
f 371//371 384//384 383//383
f 21//21 732//732 212//212
f 1571//1571 1629//1629 1627//1627
f 38//38 39//39 53//53
f 37//37 38//38 53//53
f 39//39 85//85 53//53
f 1173//1173 1184//1184 404//404
f 1006//1006 2142//2142 1674//1674
f 201//201 255//255 254//254
f 255//255 264//264 254//254
f 368//368 407//407 422//422
f 450//450 456//456 422//422
f 450//450 484//484 456//456
f 456//456 484//484 477//477
f 314//314 1192//1192 491//491
f 2027//2027 2501//2501 2489//2489
f 2475//2475 2471//2471 2488//2488
f 551//551 492//492 732//732
f 464//464 481//481 814//814
f 1081//1081 1494//1494 1547//1547
f 201//201 231//231 255//255
f 407//407 450//450 422//422
f 484//484 494//494 491//491
f 494//494 327//327 491//491
f 327//327 314//314 491//491
f 876//876 797//797 995//995
f 847//847 856//856 829//829
f 125//125 143//143 162//162
f 134//134 129//129 148//148
f 1564//1564 1571//1571 1627//1627
f 417//417 320//320 261//261
f 328//328 1065//1065 1066//1066
f 170//170 156//156 201//201
f 156//156 231//231 201//201
f 231//231 282//282 255//255
f 282//282 264//264 255//255
f 450//450 485//485 484//484
f 484//484 485//485 494//494
f 2463//2463 2486//2486 2479//2479
f 159//159 185//185 167//167
f 492//492 68//68 212//212
f 732//732 492//492 212//212
f 68//68 82//82 212//212
f 1311//1311 1471//1471 1296//1296
f 101//101 156//156 111//111
f 332//332 264//264 282//282
f 332//332 298//298 264//264
f 332//332 331//331 298//298
f 331//331 332//332 367//367
f 407//407 423//423 450//450
f 450//450 423//423 485//485
f 804//804 1002//1002 1443//1443
f 2484//2484 779//779 946//946
f 689//689 443//443 462//462
f 440//440 689//689 1129//1129
f 166//166 167//167 174//174
f 38//38 31//31 39//39
f 112//112 145//145 101//101
f 101//101 145//145 156//156
f 156//156 256//256 231//231
f 332//332 423//423 368//368
f 367//367 332//332 368//368
f 368//368 423//423 407//407
f 946//946 779//779 920//920
f 1432//1432 1261//1261 1449//1449
f 461//461 478//478 453//453
f 464//464 15//15 470//470
f 31//31 54//54 39//39
f 39//39 54//54 85//85
f 86//86 101//101 85//85
f 145//145 210//210 156//156
f 282//282 283//283 332//332
f 283//283 369//369 332//332
f 369//369 423//423 332//332
f 423//423 408//408 485//485
f 854//854 876//876 965//965
f 78//78 108//108 66//66
f 440//440 443//443 689//689
f 374//374 2465//2465 961//961
f 929//929 519//519 979//979
f 54//54 86//86 85//85
f 156//156 241//241 256//256
f 256//256 282//282 231//231
f 256//256 283//283 282//282
f 389//389 423//423 369//369
f 389//389 408//408 423//423
f 408//408 457//457 485//485
f 457//457 49//49 485//485
f 485//485 49//49 494//494
f 494//494 135//135 327//327
f 175//175 83//83 314//314
f 1167//1167 1140//1140 1483//1483
f 196//196 174//174 215//215
f 697//697 16//16 68//68
f 1038//1038 82//82 16//16
f 140//140 117//117 141//141
f 1654//1654 1653//1653 1646//1646
f 1234//1234 54//54 31//31
f 86//86 112//112 101//101
f 210//210 241//241 156//156
f 923//923 917//917 911//911
f 697//697 34//34 16//16
f 145//145 193//193 210//210
f 256//256 265//265 283//283
f 265//265 310//310 283//283
f 283//283 310//310 369//369
f 310//310 344//344 369//369
f 344//344 370//370 369//369
f 370//370 389//389 369//369
f 409//409 408//408 389//389
f 409//409 466//466 408//408
f 466//466 457//457 408//408
f 466//466 49//49 457//457
f 49//49 135//135 494//494
f 174//174 225//225 215//215
f 1014//1014 766//766 602//602
f 826//826 2220//2220 2215//2215
f 1078//1078 1494//1494 1081//1081
f 1273//1273 70//70 86//86
f 120//120 112//112 86//86
f 146//146 145//145 112//112
f 146//146 193//193 145//145
f 265//265 256//256 241//241
f 223//223 265//265 241//241
f 486//486 49//49 466//466
f 175//175 327//327 135//135
f 105//105 122//122 115//115
f 480//480 15//15 681//681
f 225//225 234//234 215//215
f 731//731 34//34 697//697
f 86//86 54//54 1273//1273
f 70//70 120//120 86//86
f 193//193 241//241 210//210
f 299//299 310//310 265//265
f 310//310 333//333 344//344
f 344//344 351//351 370//370
f 424//424 466//466 409//409
f 135//135 49//49 175//175
f 214//214 215//215 234//234
f 48//48 75//75 47//47
f 34//34 9//9 1038//1038
f 16//16 34//34 1038//1038
f 203//203 291//291 271//271
f 9//9 558//558 754//754
f 1195//1195 397//397 1120//1120
f 120//120 146//146 112//112
f 146//146 194//194 193//193
f 266//266 265//265 223//223
f 266//266 299//299 265//265
f 299//299 333//333 310//310
f 333//333 351//351 344//344
f 382//382 383//383 392//392
f 399//399 416//416 415//415
f 266//266 333//333 299//299
f 351//351 352//352 370//370
f 424//424 486//486 466//466
f 487//487 175//175 49//49
f 7//7 117//117 187//187
f 1182//1182 414//414 440//440
f 41//41 42//42 46//46
f 290//290 289//289 497//497
f 2502//2502 2464//2464 2473//2473
f 372//372 399//399 414//414
f 1570//1570 1585//1585 1584//1584
f 1066//1066 1//1 1165//1165
f 1//1 202//202 1165//1165
f 120//120 70//70 102//102
f 157//157 146//146 120//120
f 194//194 223//223 193//193
f 223//223 241//241 193//193
f 352//352 379//379 370//370
f 370//370 379//379 389//389
f 410//410 409//409 389//389
f 2478//2478 1409//1409 1958//1958
f 806//806 945//945 1002//1002
f 157//157 194//194 146//146
f 267//267 266//266 223//223
f 267//267 333//333 266//266
f 379//379 410//410 389//389
f 410//410 438//438 409//409
f 438//438 424//424 409//409
f 190//190 205//205 143//143
f 337//337 371//371 361//361
f 2215//2215 830//830 826//826
f 1631//1631 1646//1646 1638//1638
f 102//102 157//157 120//120
f 157//157 195//195 194//194
f 195//195 223//223 194//194
f 195//195 211//211 223//223
f 223//223 211//211 267//267
f 267//267 300//300 333//333
f 300//300 334//334 351//351
f 333//333 300//300 351//351
f 351//351 334//334 352//352
f 410//410 411//411 438//438
f 438//438 486//486 424//424
f 487//487 49//49 486//486
f 875//875 594//594 989//989
f 108//108 581//581 66//66
f 225//225 245//245 244//244
f 312//312 336//336 335//335
f 151//151 754//754 107//107
f 274//274 1386//1386 300//300
f 352//352 334//334 379//379
f 923//923 1729//1729 1096//1096
f 244//244 245//245 268//268
f 463//463 464//464 454//454
f 414//414 399//399 415//415
f 15//15 480//480 470//470
f 1647//1647 1069//1069 1078//1078
f 909//909 922//922 833//833
f 387//387 417//417 328//328
f 133//133 157//157 102//102
f 1314//1314 133//133 102//102
f 133//133 195//195 157//157
f 1148//1148 1179//1179 1160//1160
f 1046//1046 1167//1167 182//182
f 379//379 411//411 410//410
f 792//792 339//339 229//229
f 391//391 7//7 668//668
f 185//185 226//226 174//174
f 461//461 290//290 497//497
f 2027//2027 504//504 2501//2501
f 1196//1196 1054//1054 403//403
f 728//728 1019//1019 752//752
f 2459//2459 2483//2483 2461//2461
f 1291//1291 1264//1264 55//55
f 133//133 1356//1356 195//195
f 195//195 1356//1356 211//211
f 412//412 438//438 411//411
f 4//4 486//486 438//438
f 458//458 4//4 438//438
f 4//4 487//487 486//486
f 1720//1720 1572//1572 1771//1771
f 245//245 275//275 268//268
f 1869//1869 2021//2021 2059//2059
f 235//235 399//399 372//372
f 64//64 60//60 105//105
f 836//836 2492//2492 879//879
f 1315//1315 133//133 1314//1314
f 1331//1331 1382//1382 1356//1356
f 1310//1310 926//926 1128//1128
f 7//7 1121//1121 117//117
f 119//119 161//161 611//611
f 380//380 379//379 334//334
f 379//379 380//380 411//411
f 467//467 4//4 458//458
f 495//495 487//487 4//4
f 495//495 1126//1126 487//487
f 416//416 400//400 533//533
f 479//479 469//469 498//498
f 74//74 116//116 73//73
f 478//478 461//461 497//497
f 393//393 400//400 416//416
f 61//61 1291//1291 55//55
f 505//505 1999//1999 2474//2474
f 1999//1999 2491//2491 2474//2474
f 199//199 189//189 36//36
f 1164//1164 1165//1165 169//169
f 1179//1179 387//387 249//249
f 390//390 411//411 380//380
f 411//411 390//390 412//412
f 458//458 438//438 412//412
f 495//495 168//168 1126//1126
f 480//480 469//469 470//470
f 116//116 122//122 105//105
f 418//418 187//187 140//140
f 185//185 174//174 167//167
f 166//166 148//148 167//167
f 470//470 469//469 443//443
f 40//40 55//55 32//32
f 61//61 71//71 1291//1291
f 71//71 103//103 1291//1291
f 1184//1184 1173//1173 1154//1154
f 634//634 514//514 97//97
f 425//425 458//458 412//412
f 917//917 923//923 931//931
f 2472//2472 2489//2489 853//853
f 754//754 641//641 567//567
f 44//44 567//567 1163//1163
f 454//454 470//470 443//443
f 40//40 32//32 1249//1249
f 33//33 40//40 1249//1249
f 56//56 55//55 40//40
f 56//56 61//61 55//55
f 451//451 1265//1265 439//439
f 1180//1180 417//417 1179//1179
f 1099//1099 301//301 1077//1077
f 1189//1189 1058//1058 939//939
f 1059//1059 221//221 1132//1132
f 598//598 1074//1074 1075//1075
f 412//412 426//426 425//425
f 650//650 186//186 185//185
f 234//234 244//244 259//259
f 226//226 245//245 225//225
f 1033//1033 1042//1042 1030//1030
f 2492//2492 836//836 247//247
f 7//7 169//169 1121//1121
f 1462//1462 1322//1322 1482//1482
f 425//425 467//467 458//458
f 496//496 4//4 467//467
f 1751//1751 2468//2468 2480//2480
f 290//290 418//418 140//140
f 326//326 789//789 762//762
f 142//142 177//177 161//161
f 165//165 1751//1751 2480//2480
f 87//87 103//103 71//71
f 103//103 87//87 104//104
f 1180//1180 1179//1179 1148//1148
f 417//417 387//387 1179//1179
f 2081//2081 2060//2060 2031//2031
f 1154//1154 1173//1173 1141//1141
f 181//181 131//131 197//197
f 442//442 425//425 426//426
f 614//614 144//144 143//143
f 876//876 1010//1010 797//797
f 40//40 45//45 56//56
f 56//56 45//45 61//61
f 87//87 71//71 61//61
f 1563//1563 1437//1437 1590//1590
f 1121//1121 385//385 117//117
f 1148//1148 1160//1160 1137//1137
f 1449//1449 1459//1459 1439//1439
f 1028//1028 2462//2462 929//929
f 442//442 459//459 425//425
f 459//459 467//467 425//425
f 168//168 495//495 4//4
f 496//496 168//168 4//4
f 1763//1763 1403//1403 1444//1444
f 140//140 187//187 117//117
f 244//244 234//234 225//225
f 246//246 740//740 269//269
f 372//372 414//414 1182//1182
f 40//40 547//547 45//45
f 45//45 62//62 61//61
f 62//62 87//87 61//61
f 87//87 88//88 104//104
f 1084//1084 517//517 1054//1054
f 387//387 328//328 1064//1064
f 2467//2467 2497//2497 2485//2485
f 286//286 1363//1363 302//302
f 205//205 189//189 162//162
f 290//290 140//140 289//289
f 214//214 234//234 224//224
f 393//393 399//399 809//809
f 315//315 1131//1131 397//397
f 302//302 321//321 353//353
f 1164//1164 169//169 391//391
f 427//427 459//459 442//442
f 217//217 496//496 467//467
f 217//217 168//168 496//496
f 978//978 969//969 2074//2074
f 361//361 383//383 382//382
f 269//269 276//276 245//245
f 1440//1440 11//11 305//305
f 62//62 88//88 87//87
f 328//328 1066//1066 1064//1064
f 1066//1066 1165//1165 1164//1164
f 242//242 287//287 302//302
f 1363//1363 242//242 302//302
f 287//287 321//321 302//302
f 1179//1179 249//249 1187//1187
f 983//983 1020//1020 1004//1004
f 464//464 747//747 481//481
f 788//788 323//323 276//276
f 269//269 245//245 246//246
f 88//88 89//89 1325//1325
f 171//171 172//172 242//242
f 360//360 353//353 321//321
f 360//360 1354//1354 353//353
f 1057//1057 1064//1064 1164//1164
f 2184//2184 2188//2188 2183//2183
f 460//460 459//459 451//451
f 460//460 467//467 459//459
f 149//149 168//168 217//217
f 149//149 136//136 168//168
f 116//116 129//129 122//122
f 109//109 124//124 77//77
f 159//159 167//167 148//148
f 28//28 42//42 41//41
f 57//57 88//88 62//62
f 45//45 57//57 62//62
f 1336//1336 1325//1325 89//89
f 89//89 72//72 1336//1336
f 147//147 172//172 171//171
f 172//172 258//258 242//242
f 258//258 257//257 242//242
f 257//257 287//287 242//242
f 257//257 321//321 287//287
f 345//345 360//360 321//321
f 360//360 381//381 1354//1354
f 1069//1069 938//938 1655//1655
f 387//387 473//473 249//249
f 270//270 217//217 467//467
f 130//130 136//136 149//149
f 851//851 847//847 829//829
f 983//983 987//987 975//975
f 189//189 177//177 142//142
f 88//88 72//72 89//89
f 184//184 258//258 172//172
f 257//257 288//288 321//321
f 1265//1265 451//451 459//459
f 270//270 149//149 217//217
f 226//226 225//225 174//174
f 27//27 28//28 41//41
f 109//109 125//125 124//124
f 547//547 57//57 45//45
f 57//57 58//58 88//88
f 88//88 58//58 72//72
f 2476//2476 2484//2484 2458//2458
f 147//147 184//184 172//172
f 184//184 213//213 258//258
f 258//258 243//243 257//257
f 243//243 288//288 257//257
f 345//345 321//321 288//288
f 391//391 169//169 7//7
f 468//468 460//460 451//451
f 468//468 488//488 460//460
f 270//270 467//467 460//460
f 488//488 270//270 460//460
f 1206//1206 136//136 130//130
f 481//481 793//793 150//150
f 143//143 205//205 162//162
f 142//142 119//119 124//124
f 58//58 90//90 72//72
f 90//90 128//128 72//72
f 147//147 173//173 184//184
f 173//173 213//213 184//184
f 213//213 233//233 258//258
f 258//258 233//233 243//243
f 354//354 360//360 345//345
f 354//354 381//381 360//360
f 1026//1026 991//991 307//307
f 268//268 312//312 259//259
f 1206//1206 130//130 1080//1080
f 116//116 105//105 73//73
f 139//139 148//148 166//166
f 275//275 312//312 268//268
f 188//188 401//401 187//187
f 2479//2479 2459//2459 2461//2461
f 58//58 63//63 90//90
f 1064//1064 1066//1066 1164//1164
f 1064//1064 473//473 387//387
f 288//288 311//311 345//345
f 311//311 354//354 345//345
f 996//996 994//994 307//307
f 452//452 468//468 439//439
f 452//452 478//478 468//468
f 478//478 488//488 468//468
f 141//141 130//130 149//149
f 1564//1564 1639//1639 1563//1563
f 547//547 41//41 57//57
f 2081//2081 2107//2107 2060//2060
f 382//382 381//381 354//354
f 497//497 270//270 488//488
f 289//289 149//149 270//270
f 289//289 141//141 149//149
f 114//114 122//122 139//139
f 59//59 60//60 64//64
f 275//275 323//323 312//312
f 401//401 668//668 7//7
f 41//41 46//46 57//57
f 57//57 46//46 58//58
f 1459//1459 1345//1345 1269//1269
f 1342//1342 121//121 158//158
f 166//166 173//173 158//158
f 213//213 224//224 233//233
f 233//233 259//259 243//243
f 243//243 322//322 288//288
f 322//322 311//311 288//288
f 453//453 478//478 452//452
f 497//497 289//289 270//270
f 912//912 911//911 906//906
f 276//276 323//323 275//275
f 276//276 275//275 245//245
f 46//46 63//63 58//58
f 90//90 121//121 128//128
f 173//173 214//214 213//213
f 213//213 214//214 224//224
f 259//259 322//322 243//243
f 336//336 311//311 322//322
f 336//336 354//354 311//311
f 361//361 382//382 354//354
f 1043//1043 439//439 1290//1290
f 497//497 488//488 478//478
f 385//385 130//130 141//141
f 385//385 1080//1080 130//130
f 144//144 190//190 143//143
f 535//535 41//41 547//547
f 121//121 166//166 158//158
f 335//335 336//336 322//322
f 354//354 336//336 361//361
f 2004//2004 2481//2481 1764//1764
f 698//698 439//439 1043//1043
f 289//289 140//140 141//141
f 923//923 1096//1096 931//931
f 650//650 185//185 159//159
f 46//46 59//59 63//63
f 63//63 91//91 90//90
f 90//90 114//114 121//121
f 121//121 139//139 166//166
f 173//173 196//196 214//214
f 259//259 335//335 322//322
f 2478//2478 2502//2502 2434//2434
f 312//312 337//337 336//336
f 90//90 91//91 114//114
f 114//114 139//139 121//121
f 166//166 196//196 173//173
f 224//224 234//234 233//233
f 234//234 259//259 233//233
f 259//259 312//312 335//335
f 1124//1124 916//916 1189//1189
f 542//542 541//541 530//530
f 462//462 479//479 290//290
f 269//269 783//783 276//276
f 813//813 567//567 641//641
f 276//276 783//783 788//788
f 82//82 1038//1038 1333//1333
f 816//816 701//701 703//703
f 672//672 137//137 603//603
f 625//625 635//635 624//624
f 2457//2457 2439//2439 1973//1973
f 767//767 533//533 529//529
f 2468//2468 1869//1869 2480//2480
f 662//662 190//190 639//639
f 711//711 720//720 719//719
f 630//630 639//639 614//614
f 161//161 654//654 638//638
f 781//781 991//991 982//982
f 1227//1227 31//31 516//516
f 648//648 639//639 630//630
f 630//630 614//614 590//590
f 2098//2098 544//544 1899//1899
f 578//578 579//579 586//586
f 697//697 492//492 551//551
f 529//529 533//533 400//400
f 869//869 859//859 870//870
f 1732//1732 924//924 914//914
f 1004//1004 1027//1027 991//991
f 801//801 591//591 603//603
f 636//636 676//676 651//651
f 876//876 949//949 965//965
f 2207//2207 1789//1789 1859//1859
f 76//76 739//739 237//237
f 188//188 681//681 15//15
f 578//578 604//604 599//599
f 797//797 616//616 995//995
f 510//510 2035//2035 1365//1365
f 76//76 812//812 617//617
f 617//617 739//739 76//76
f 1468//1468 93//93 1765//1765
f 596//596 546//546 812//812
f 1457//1457 1305//1305 1477//1477
f 760//760 197//197 150//150
f 671//671 773//773 765//765
f 586//586 609//609 604//604
f 591//591 700//700 632//632
f 476//476 2312//2312 474//474
f 2084//2084 2027//2027 2489//2489
f 582//582 590//590 571//571
f 1555//1555 2449//2449 1996//1996
f 674//674 546//546 596//596
f 812//812 655//655 617//617
f 161//161 177//177 661//661
f 599//599 604//604 636//636
f 700//700 787//787 576//576
f 776//776 675//675 572//572
f 776//776 674//674 675//675
f 617//617 634//634 739//739
f 591//591 632//632 649//649
f 612//612 546//546 674//674
f 617//617 655//655 634//634
f 728//728 752//752 706//706
f 571//571 2311//2311 2305//2305
f 775//775 674//674 776//776
f 775//775 612//612 674//674
f 612//612 628//628 546//546
f 546//546 628//628 812//812
f 812//812 628//628 655//655
f 620//620 630//630 615//615
f 620//620 648//648 630//630
f 667//667 653//653 646//646
f 810//810 782//782 785//785
f 150//150 197//197 814//814
f 534//534 1517//1517 2000//2000
f 702//702 572//572 2378//2378
f 748//748 776//776 572//572
f 655//655 613//613 634//634
f 911//911 917//917 905//905
f 648//648 679//679 662//662
f 727//727 771//771 713//713
f 750//750 807//807 799//799
f 639//639 190//190 144//144
f 662//662 679//679 200//200
f 702//702 748//748 572//572
f 775//775 776//776 748//748
f 628//628 718//718 655//655
f 626//626 658//658 645//645
f 791//791 778//778 790//790
f 612//612 811//811 628//628
f 613//613 514//514 634//634
f 1380//1380 1756//1756 1673//1673
f 570//570 590//590 614//614
f 720//720 741//741 719//719
f 1074//1074 795//795 835//835
f 614//614 639//639 144//144
f 612//612 775//775 811//811
f 718//718 735//735 655//655
f 655//655 735//735 613//613
f 798//798 338//338 788//788
f 636//636 652//652 676//676
f 571//571 590//590 555//555
f 528//528 730//730 687//687
f 690//690 702//702 2312//2312
f 476//476 690//690 2312//2312
f 811//811 718//718 628//628
f 721//721 778//778 727//727
f 748//748 702//702 690//690
f 735//735 686//686 613//613
f 1517//1517 2002//2002 2127//2127
f 654//654 685//685 667//667
f 569//569 588//588 606//606
f 513//513 531//531 538//538
f 538//538 549//549 548//548
f 549//549 553//553 548//548
f 550//550 588//588 549//549
f 1903//1903 869//869 870//870
f 691//691 775//775 748//748
f 691//691 600//600 775//775
f 600//600 811//811 775//775
f 811//811 563//563 718//718
f 563//563 736//736 718//718
f 718//718 736//736 735//735
f 736//736 647//647 735//735
f 735//735 647//647 686//686
f 686//686 745//745 613//613
f 745//745 514//514 613//613
f 569//569 606//606 605//605
f 654//654 667//667 638//638
f 851//851 857//857 847//847
f 588//588 569//569 549//549
f 690//690 691//691 748//748
f 680//680 514//514 745//745
f 2127//2127 2002//2002 2094//2094
f 747//747 701//701 481//481
f 400//400 373//373 529//529
f 600//600 536//536 811//811
f 536//536 563//563 811//811
f 1306//1306 227//227 1152//1152
f 522//522 24//24 18//18
f 523//523 24//24 522//522
f 865//865 857//857 851//851
f 2031//2031 2060//2060 1540//1540
f 767//767 701//701 747//747
f 618//618 652//652 609//609
f 652//652 636//636 609//609
f 573//573 22//22 710//710
f 642//642 699//699 730//730
f 1522//1522 1518//1518 2476//2476
f 500//500 629//629 691//691
f 690//690 500//500 691//691
f 691//691 629//629 600//600
f 780//780 644//644 641//641
f 579//579 578//578 561//561
f 131//131 668//668 197//197
f 197//197 668//668 814//814
f 789//789 809//809 798//798
f 622//622 760//760 150//150
f 621//621 563//563 536//536
f 673//673 745//745 686//686
f 673//673 818//818 745//745
f 818//818 680//680 745//745
f 680//680 96//96 514//514
f 2495//2495 2462//2462 1028//1028
f 1028//1028 583//583 575//575
f 663//663 794//794 664//664
f 629//629 761//761 600//600
f 761//761 757//757 600//600
f 600//600 757//757 536//536
f 621//621 696//696 563//563
f 755//755 736//736 563//563
f 696//696 755//755 563//563
f 633//633 736//736 755//755
f 633//633 647//647 736//736
f 623//623 686//686 647//647
f 633//633 623//623 647//647
f 686//686 623//623 673//673
f 819//819 680//680 818//818
f 680//680 819//819 96//96
f 1729//1729 1677//1677 1096//1096
f 2482//2482 1899//1899 2471//2471
f 537//537 536//536 757//757
f 536//536 537//537 621//621
f 673//673 819//819 818//818
f 2428//2428 222//222 230//230
f 25//25 24//24 523//523
f 25//25 557//557 24//24
f 38//38 25//25 19//19
f 710//710 22//22 272//272
f 663//663 759//759 794//794
f 1120//1120 878//878 1195//1195
f 537//537 696//696 621//621
f 696//696 633//633 755//755
f 822//822 2215//2215 2220//2220
f 97//97 96//96 1053//1053
f 750//750 784//784 743//743
f 887//887 905//905 864//864
f 768//768 784//784 373//373
f 512//512 513//513 548//548
f 573//573 664//664 22//22
f 696//696 715//715 633//633
f 673//673 521//521 819//819
f 2454//2454 2453//2453 2445//2445
f 883//883 887//887 847//847
f 306//306 812//812 76//76
f 642//642 528//528 759//759
f 798//798 809//809 235//235
f 994//994 792//792 998//998
f 587//587 626//626 586//586
f 1900//1900 1918//1918 1937//1937
f 645//645 652//652 618//618
f 537//537 786//786 696//696
f 521//521 593//593 819//819
f 515//515 19//19 523//523
f 741//741 749//749 719//719
f 789//789 326//326 809//809
f 539//539 581//581 550//550
f 657//657 777//777 723//723
f 684//684 713//713 660//660
f 692//692 712//712 720//720
f 652//652 666//666 692//692
f 507//507 761//761 629//629
f 472//472 507//507 629//629
f 507//507 757//757 761//761
f 623//623 633//633 673//673
f 724//724 521//521 673//673
f 515//515 516//516 19//19
f 304//304 675//675 674//674
f 178//178 778//778 721//721
f 947//947 1447//1447 2358//2358
f 626//626 645//645 618//618
f 586//586 626//626 618//618
f 784//784 768//768 742//742
f 753//753 537//537 757//757
f 537//537 753//753 786//786
f 724//724 981//981 521//521
f 521//521 981//981 593//593
f 979//979 559//559 850//850
f 637//637 660//660 677//677
f 787//787 631//631 576//576
f 141//141 117//117 385//385
f 809//809 399//399 235//235
f 641//641 754//754 558//558
f 542//542 553//553 561//561
f 742//742 768//768 762//762
f 444//444 416//416 533//533
f 528//528 687//687 796//796
f 813//813 598//598 566//566
f 1490//1490 1501//1501 1557//1557
f 753//753 757//757 507//507
f 786//786 715//715 696//696
f 633//633 724//724 673//673
f 2090//2090 2062//2062 2109//2109
f 646//646 653//653 660//660
f 660//660 694//694 683//683
f 677//677 660//660 683//683
f 1872//1872 839//839 838//838
f 1224//1224 18//18 30//30
f 326//326 393//393 809//809
f 799//799 529//529 373//373
f 313//313 507//507 472//472
f 715//715 774//774 633//633
f 974//974 699//699 841//841
f 703//703 820//820 816//816
f 692//692 711//711 676//676
f 1014//1014 355//355 766//766
f 875//875 752//752 1019//1019
f 627//627 646//646 660//660
f 711//711 692//692 720//720
f 652//652 692//692 676//676
f 799//799 373//373 784//784
f 813//813 566//566 567//567
f 2462//2462 2482//2482 2475//2475
f 764//764 644//644 780//780
f 1479//1479 1924//1924 1916//1916
f 753//753 738//738 786//786
f 738//738 607//607 786//786
f 786//786 607//607 715//715
f 715//715 524//524 774//774
f 633//633 774//774 724//724
f 559//559 979//979 672//672
f 758//758 798//798 783//783
f 683//683 694//694 705//705
f 820//820 703//703 562//562
f 764//764 687//687 644//644
f 744//744 743//743 725//725
f 313//313 753//753 507//507
f 607//607 524//524 715//715
f 664//664 801//801 22//22
f 646//646 627//627 610//610
f 800//800 820//820 562//562
f 750//750 769//769 807//807
f 767//767 747//747 533//533
f 578//578 586//586 604//604
f 862//862 593//593 981//981
f 688//688 2382//2382 1083//1083
f 306//306 304//304 674//674
f 738//738 584//584 607//607
f 168//168 136//136 238//238
f 773//773 552//552 765//765
f 2473//2473 2464//2464 2458//2458
f 773//773 793//793 552//552
f 626//626 619//619 658//658
f 1007//1007 1139//1139 1013//1013
f 562//562 529//529 799//799
f 744//744 750//750 743//743
f 659//659 683//683 693//693
f 677//677 683//683 659//659
f 313//313 737//737 753//753
f 753//753 737//737 738//738
f 607//607 729//729 524//524
f 27//27 518//518 28//28
f 553//553 569//569 580//580
f 657//657 163//163 777//777
f 580//580 569//569 605//605
f 789//789 798//798 758//758
f 769//769 562//562 807//807
f 820//820 671//671 816//816
f 638//638 646//646 611//611
f 1074//1074 598//598 644//644
f 750//750 799//799 784//784
f 1931//1931 907//907 898//898
f 2483//2483 2487//2487 2461//2461
f 737//737 584//584 738//738
f 1439//1439 1438//1438 1431//1431
f 2098//2098 1213//1213 544//544
f 48//48 578//578 75//75
f 796//796 631//631 787//787
f 815//815 732//732 21//21
f 581//581 588//588 550//550
f 625//625 636//636 651//651
f 778//778 1011//1011 810//810
f 693//693 705//705 725//725
f 693//693 683//683 705//705
f 236//236 1921//1921 1966//1966
f 584//584 729//729 607//607
f 2237//2237 1866//1866 2227//2227
f 530//530 541//541 28//28
f 237//237 739//739 248//248
f 512//512 530//530 28//28
f 727//727 778//778 771//771
f 684//684 727//727 713//713
f 2237//2237 2220//2220 826//826
f 542//542 561//561 560//560
f 528//528 796//796 700//700
f 808//808 785//785 671//671
f 739//739 592//592 248//248
f 895//895 905//905 896//896
f 740//740 246//246 186//186
f 272//272 137//137 979//979
f 770//770 769//769 744//744
f 712//712 742//742 720//720
f 1213//1213 2026//2026 544//544
f 1888//1888 1235//1235 2438//2438
f 555//555 554//554 2311//2311
f 737//737 313//313 1192//1192
f 1585//1585 1612//1612 1611//1611
f 695//695 721//721 685//685
f 518//518 17//17 28//28
f 769//769 770//770 562//562
f 719//719 749//749 740//740
f 648//648 669//669 679//679
f 773//773 657//657 723//723
f 606//606 637//637 619//619
f 2072//2072 2062//2062 2042//2042
f 606//606 619//619 626//626
f 549//549 569//569 553//553
f 161//161 638//638 611//611
f 910//910 917//917 942//942
f 917//917 1103//1103 942//942
f 991//991 1026//1026 992//992
f 979//979 137//137 672//672
f 785//785 163//163 657//657
f 710//710 2488//2488 2472//2472
f 611//611 581//581 119//119
f 808//808 671//671 820//820
f 1820//1820 1900//1900 1870//1870
f 759//759 700//700 591//591
f 637//637 677//677 619//619
f 2494//2494 2490//2490 2463//2463
f 671//671 765//765 816//816
f 687//687 764//764 780//780
f 1019//1019 992//992 1026//1026
f 1726//1726 1719//1719 987//987
f 713//713 771//771 694//694
f 51//51 2355//2355 78//78
f 510//510 526//526 525//525
f 525//525 526//526 1249//1249
f 526//526 33//33 1249//1249
f 2311//2311 554//554 2335//2335
f 827//827 848//848 840//840
f 603//603 591//591 649//649
f 758//758 269//269 740//740
f 1595//1595 1612//1612 1586//1586
f 1694//1694 1048//1048 1699//1699
f 682//682 740//740 186//186
f 22//22 801//801 603//603
f 555//555 570//570 554//554
f 1053//1053 110//110 97//97
f 615//615 582//582 601//601
f 814//814 668//668 188//188
f 725//725 705//705 744//744
f 528//528 700//700 759//759
f 640//640 648//648 620//620
f 703//703 701//701 562//562
f 886//886 892//892 582//582
f 631//631 731//731 576//576
f 1087//1087 1835//1835 1747//1747
f 882//882 864//864 895//895
f 956//956 950//950 1103//1103
f 1502//1502 2500//2500 2470//2470
f 205//205 190//190 200//200
f 815//815 878//878 616//616
f 616//616 878//878 995//995
f 1183//1183 878//878 815//815
f 1601//1601 1827//1827 881//881
f 527//527 535//535 526//526
f 2184//2184 2183//2183 2175//2175
f 1142//1142 1125//1125 1133//1133
f 235//235 338//338 798//798
f 160//160 339//339 792//792
f 599//599 92//92 75//75
f 598//598 1116//1116 566//566
f 631//631 558//558 731//731
f 771//771 770//770 744//744
f 730//730 528//528 642//642
f 841//841 699//699 642//642
f 668//668 401//401 188//188
f 510//510 527//527 526//526
f 749//749 758//758 740//740
f 706//706 721//721 695//695
f 694//694 726//726 705//705
f 694//694 744//744 726//726
f 906//906 911//911 905//905
f 661//661 695//695 161//161
f 708//708 815//815 616//616
f 535//535 547//547 33//33
f 794//794 759//759 591//591
f 778//778 808//808 790//790
f 269//269 758//758 783//783
f 771//771 744//744 694//694
f 800//800 808//808 820//820
f 571//571 886//886 582//582
f 854//854 948//948 1010//1010
f 906//906 905//905 887//887
f 625//625 651//651 635//635
f 2000//2000 1226//1226 534//534
f 2140//2140 1504//1504 2016//2016
f 601//601 620//620 615//615
f 620//620 601//601 640//640
f 648//648 640//640 669//669
f 698//698 452//452 439//439
f 671//671 785//785 657//657
f 1561//1561 2356//2356 545//545
f 685//685 653//653 667//667
f 685//685 727//727 684//684
f 568//568 616//616 797//797
f 708//708 732//732 815//815
f 93//93 229//229 339//339
f 865//865 851//851 839//839
f 942//942 1103//1103 950//950
f 589//589 614//614 125//125
f 606//606 610//610 627//627
f 951//951 834//834 873//873
f 92//92 599//599 625//625
f 1878//1878 830//830 1902//1902
f 2482//2482 2098//2098 1899//1899
f 568//568 708//708 616//616
f 708//708 551//551 732//732
f 2434//2434 2487//2487 2483//2483
f 160//160 964//964 665//665
f 2316//2316 2391//2391 2309//2309
f 762//762 758//758 749//749
f 570//570 614//614 589//589
f 888//888 897//897 883//883
f 2000//2000 1517//1517 1388//1388
f 685//685 721//721 727//727
f 588//588 610//610 606//606
f 653//653 685//685 684//684
f 651//651 650//650 635//635
f 760//760 1151//1151 6//6
f 793//793 622//622 150//150
f 651//651 676//676 650//650
f 744//744 769//769 750//750
f 541//541 542//542 560//560
f 476//476 500//500 690//690
f 473//473 1064//1064 1057//1057
f 561//561 578//578 560//560
f 636//636 625//625 599//599
f 876//876 995//995 949//949
f 829//829 856//856 846//846
f 682//682 704//704 740//740
f 791//791 790//790 770//770
f 2466//2466 2500//2500 2460//2460
f 579//579 587//587 586//586
f 1352//1352 1208//1208 1095//1095
f 1684//1684 1479//1479 1916//1916
f 604//604 609//609 636//636
f 751//751 721//721 706//706
f 810//810 608//608 782//782
f 672//672 603//603 649//649
f 475//475 447//447 476//476
f 794//794 591//591 801//801
f 682//682 186//186 650//650
f 808//808 800//800 790//790
f 644//644 598//598 813//813
f 704//704 719//719 740//740
f 1011//1011 608//608 810//810
f 1192//1192 584//584 737//737
f 687//687 780//780 796//796
f 2337//2337 474//474 2312//2312
f 638//638 667//667 646//646
f 706//706 1186//1186 728//728
f 733//733 575//575 568//568
f 595//595 551//551 708//708
f 595//595 540//540 551//551
f 1308//1308 501//501 1852//1852
f 665//665 339//339 160//160
f 527//527 2447//2447 535//535
f 558//558 9//9 731//731
f 723//723 793//793 773//773
f 660//660 713//713 694//694
f 693//693 725//725 666//666
f 562//562 767//767 529//529
f 550//550 538//538 531//531
f 2267//2267 2287//2287 2233//2233
f 996//996 964//964 160//160
f 2068//2068 2470//2470 2466//2466
f 704//704 711//711 719//719
f 741//741 762//762 749//749
f 605//605 606//606 626//626
f 548//548 542//542 530//530
f 995//995 878//878 709//709
f 1898//1898 1684//1684 1916//1916
f 778//778 791//791 771//771
f 782//782 163//163 785//785
f 789//789 758//758 762//762
f 857//857 883//883 847//847
f 733//733 970//970 1028//1028
f 838//838 829//829 825//825
f 2447//2447 511//511 535//535
f 22//22 603//603 137//137
f 705//705 726//726 744//744
f 605//605 587//587 580//580
f 512//512 548//548 530//530
f 743//743 784//784 742//742
f 790//790 800//800 770//770
f 778//778 810//810 808//808
f 1014//1014 998//998 355//355
f 708//708 568//568 595//595
f 656//656 697//697 551//551
f 540//540 656//656 551//551
f 143//143 125//125 614//614
f 1000//1000 1020//1020 983//983
f 778//778 178//178 1011//1011
f 676//676 704//704 682//682
f 637//637 627//627 660//660
f 606//606 627//627 637//637
f 701//701 552//552 481//481
f 808//808 810//810 785//785
f 590//590 570//570 555//555
f 716//716 595//595 568//568
f 2355//2355 2335//2335 554//554
f 912//912 1729//1729 911//911
f 1076//1076 1456//1456 1546//1546
f 697//697 68//68 492//492
f 676//676 711//711 704//704
f 839//839 851//851 838//838
f 1028//1028 575//575 733//733
f 1020//1020 844//844 982//982
f 716//716 568//568 575//575
f 844//844 781//781 982//982
f 1238//1238 2156//2156 2034//2034
f 553//553 580//580 561//561
f 580//580 579//579 561//561
f 452//452 461//461 453//453
f 560//560 578//578 48//48
f 564//564 540//540 595//595
f 632//632 656//656 540//540
f 564//564 632//632 540//540
f 75//75 578//578 599//599
f 518//518 27//27 535//535
f 511//511 518//518 535//535
f 783//783 798//798 788//788
f 642//642 759//759 663//663
f 720//720 742//742 741//741
f 605//605 626//626 587//587
f 580//580 587//587 579//579
f 725//725 712//712 666//666
f 562//562 701//701 767//767
f 1729//1729 923//923 911//911
f 712//712 743//743 742//742
f 619//619 677//677 658//658
f 161//161 695//695 654//654
f 770//770 800//800 562//562
f 2084//2084 2489//2489 2472//2472
f 575//575 559//559 716//716
f 716//716 564//564 595//595
f 654//654 695//695 685//685
f 843//843 855//855 2064//2064
f 34//34 731//731 9//9
f 527//527 510//510 1973//1973
f 723//723 622//622 793//793
f 992//992 1726//1726 987//987
f 693//693 666//666 652//652
f 2472//2472 853//853 573//573
f 624//624 159//159 148//148
f 671//671 657//657 773//773
f 681//681 188//188 498//498
f 797//797 970//970 733//733
f 565//565 656//656 632//632
f 565//565 697//697 656//656
f 565//565 731//731 697//697
f 1949//1949 951//951 920//920
f 85//85 111//111 84//84
f 662//662 200//200 190//190
f 44//44 324//324 754//754
f 33//33 547//547 40//40
f 658//658 693//693 652//652
f 658//658 652//652 645//645
f 664//664 794//794 801//801
f 666//666 712//712 692//692
f 639//639 648//648 662//662
f 611//611 646//646 610//610
f 850//850 559//559 575//575
f 1447//1447 2490//2490 1106//1106
f 1972//1972 1955//1955 1935//1935
f 582//582 615//615 590//590
f 66//66 581//581 539//539
f 780//780 641//641 631//631
f 796//796 780//780 631//631
f 1049//1049 1192//1192 83//83
f 1348//1348 13//13 1519//1519
f 799//799 807//807 562//562
f 581//581 611//611 588//588
f 687//687 795//795 644//644
f 663//663 8//8 642//642
f 1936//1936 1972//1972 1935//1935
f 650//650 676//676 682//682
f 615//615 630//630 590//590
f 730//730 795//795 687//687
f 742//742 762//762 741//741
f 548//548 553//553 542//542
f 1048//1048 1692//1692 1074//1074
f 658//658 659//659 693//693
f 37//37 52//52 30//30
f 611//611 610//610 588//588
f 649//649 632//632 564//564
f 565//565 576//576 731//731
f 2138//2138 922//922 1058//1058
f 1204//1204 854//854 965//965
f 725//725 743//743 712//712
f 644//644 813//813 641//641
f 660//660 653//653 684//684
f 771//771 791//791 770//770
f 644//644 795//795 1074//1074
f 469//469 480//480 681//681
f 559//559 672//672 564//564
f 716//716 559//559 564//564
f 672//672 649//649 564//564
f 2161//2161 1378//1378 2171//2171
f 474//474 475//475 476//476
f 816//816 765//765 701//701
f 765//765 552//552 701//701
f 513//513 538//538 548//548
f 754//754 324//324 107//107
f 609//609 586//586 618//618
f 25//25 523//523 19//19
f 677//677 659//659 658//658
f 689//689 452//452 698//698
f 1334//1334 1115//1115 1353//1353
f 700//700 565//565 632//632
f 700//700 576//576 565//565
f 481//481 552//552 793//793
f 763//763 901//901 2458//2458
f 550//550 549//549 538//538
f 781//781 964//964 996//996
f 1596//1596 1634//1634 1595//1595
f 198//198 916//916 1124//1124
f 198//198 1124//1124 341//341
f 842//842 973//973 1025//1025
f 842//842 1025//1025 836//836
f 1009//1009 1024//1024 934//934
f 573//573 710//710 2472//2472
f 1100//1100 971//971 1002//1002
f 1501//1501 1081//1081 1557//1557
f 1225//1225 1219//1219 955//955
f 413//413 2138//2138 284//284
f 955//955 1630//1630 522//522
f 341//341 1124//1124 301//301
f 2333//2333 2376//2376 2350//2350
f 1107//1107 218//218 284//284
f 398//398 925//925 1513//1513
f 1513//1513 1442//1442 1495//1495
f 1935//1935 1455//1455 1744//1744
f 1723//1723 1935//1935 1744//1744
f 825//825 1872//1872 838//838
f 1495//1495 1442//1442 1496//1496
f 963//963 1024//1024 1009//1009
f 1511//1511 1514//1514 966//966
f 1775//1775 1729//1729 912//912
f 688//688 262//262 1067//1067
f 714//714 1007//1007 1512//1512
f 919//919 1732//1732 914//914
f 2319//2319 2331//2331 2304//2304
f 2400//2400 2407//2407 2391//2391
f 1674//1674 2164//2164 1780//1780
f 843//843 927//927 899//899
f 1660//1660 988//988 1188//1188
f 1067//1067 262//262 1640//1640
f 1381//1381 1109//1109 1483//1483
f 1437//1437 1381//1381 1483//1483
f 2495//2495 1010//1010 948//948
f 1514//1514 1289//1289 1313//1313
f 899//899 374//374 961//961
f 1438//1438 1430//1430 1422//1422
f 1634//1634 1095//1095 1632//1632
f 2487//2487 973//973 2461//2461
f 1003//1003 499//499 874//874
f 849//849 848//848 827//827
f 1430//1430 1462//1462 1453//1453
f 2496//2496 2084//2084 2471//2471
f 909//909 10//10 980//980
f 730//730 927//927 835//835
f 2031//2031 1540//1540 1536//1536
f 831//831 849//849 2178//2178
f 881//881 834//834 951//951
f 1841//1841 1722//1722 1803//1803
f 1005//1005 670//670 1020//1020
f 1021//1021 670//670 1005//1005
f 1869//1869 2059//2059 2467//2467
f 903//903 902//902 1939//1939
f 2476//2476 2502//2502 1651//1651
f 853//853 8//8 573//573
f 1850//1850 831//831 2178//2178
f 934//934 746//746 247//247
f 934//934 65//65 746//746
f 301//301 285//285 1077//1077
f 968//968 944//944 977//977
f 970//970 2495//2495 1028//1028
f 974//974 2465//2465 374//374
f 899//899 927//927 374//374
f 1882//1882 1898//1898 1916//1916
f 1613//1613 1634//1634 1596//1596
f 909//909 833//833 1396//1396
f 2492//2492 247//247 1003//1003
f 919//919 914//914 1931//1931
f 1459//1459 1299//1299 1458//1458
f 1634//1634 1632//1632 1633//1633
f 844//844 670//670 228//228
f 2494//2494 2497//2497 2467//2467
f 901//901 973//973 2487//2487
f 228//228 1772//1772 734//734
f 1701//1701 1709//1709 1666//1666
f 963//963 574//574 1024//1024
f 847//847 864//864 856//856
f 1730//1730 1736//1736 2239//2239
f 870//870 859//859 848//848
f 2074//2074 2111//2111 2103//2103
f 1140//1140 1590//1590 1483//1483
f 927//927 730//730 974//974
f 2103//2103 978//978 2074//2074
f 756//756 1745//1745 1718//1718
f 848//848 859//859 840//840
f 1296//1296 1482//1482 1320//1320
f 2331//2331 51//51 66//66
f 1067//1067 988//988 962//962
f 1396//1396 833//833 1445//1445
f 1001//1001 1005//1005 1000//1000
f 901//901 1009//1009 973//973
f 1099//1099 1077//1077 817//817
f 933//933 944//944 936//936
f 952//952 958//958 1828//1828
f 988//988 1660//1660 986//986
f 833//833 1067//1067 1445//1445
f 1067//1067 1640//1640 988//988
f 218//218 413//413 284//284
f 1843//1843 180//180 347//347
f 1846//1846 1708//1708 1798//1798
f 2469//2469 2477//2477 855//855
f 1006//1006 1021//1021 1005//1005
f 381//381 382//382 250//250
f 2369//2369 828//828 531//531
f 968//968 977//977 1001//1001
f 2460//2460 1949//1949 779//779
f 1194//1194 1441//1441 1115//1115
f 1001//1001 1000//1000 968//968
f 756//756 678//678 1745//1745
f 963//963 1009//1009 901//901
f 2471//2471 2084//2084 2472//2472
f 841//841 642//642 8//8
f 982//982 991//991 1027//1027
f 670//670 844//844 1020//1020
f 1289//1289 1514//1514 945//945
f 869//869 904//904 890//890
f 1161//1161 1115//1115 1639//1639
f 823//823 2178//2178 849//849
f 746//746 12//12 499//499
f 263//263 428//428 2366//2366
f 1685//1685 1075//1075 1692//1692
f 1002//1002 926//926 806//806
f 1799//1799 1755//1755 216//216
f 944//944 968//968 993//993
f 943//943 944//944 993//993
f 31//31 38//38 19//19
f 531//531 828//828 550//550
f 1501//1501 1078//1078 1081//1081
f 1921//1921 1149//1149 431//431
f 936//936 943//943 932//932
f 1660//1660 1489//1489 1412//1412
f 301//301 980//980 285//285
f 903//903 918//918 902//902
f 869//869 890//890 868//868
f 890//890 903//903 867//867
f 1003//1003 746//746 499//499
f 951//951 1949//1949 2500//2500
f 990//990 841//841 853//853
f 1595//1595 1634//1634 1611//1611
f 374//374 927//927 974//974
f 836//836 1025//1025 247//247
f 1653//1653 1652//1652 1638//1638
f 1303//1303 1545//1545 1142//1142
f 1616//1616 1631//1631 1638//1638
f 1629//1629 1546//1546 1628//1628
f 936//936 932//932 913//913
f 513//513 506//506 531//531
f 868//868 890//890 867//867
f 2330//2330 2369//2369 2353//2353
f 924//924 918//918 914//914
f 907//907 914//914 904//904
f 1258//1258 1421//1421 1267//1267
f 301//301 939//939 980//980
f 1472//1472 1482//1482 1296//1296
f 868//868 867//867 859//859
f 472//472 491//491 313//313
f 272//272 519//519 2488//2488
f 1471//1471 1472//1472 1296//1296
f 1025//1025 934//934 247//247
f 1634//1634 1633//1633 1611//1611
f 2176//2176 1847//1847 2177//2177
f 1310//1310 1289//1289 806//806
f 924//924 933//933 918//918
f 1969//1969 1968//1968 902//902
f 2107//2107 2128//2128 2118//2118
f 1428//1428 1436//1436 1287//1287
f 1139//1139 1564//1564 1617//1617
f 2378//2378 572//572 2384//2384
f 853//853 841//841 8//8
f 2501//2501 961//961 2465//2465
f 1221//1221 1240//1240 1408//1408
f 1069//1069 1578//1578 1627//1627
f 1006//1006 1005//1005 1001//1001
f 1617//1617 1564//1564 1578//1578
f 828//828 539//539 550//550
f 1791//1791 2168//2168 2160//2160
f 1829//1829 1718//1718 1739//1739
f 1968//1968 1939//1939 902//902
f 756//756 1718//1718 665//665
f 1998//1998 2000//2000 1388//1388
f 2451//2451 545//545 2356//2356
f 178//178 997//997 1011//1011
f 1275//1275 325//325 1270//1270
f 1709//1709 872//872 1666//1666
f 2176//2176 1959//1959 1847//1847
f 944//944 943//943 936//936
f 2424//2424 518//518 511//511
f 1445//1445 1067//1067 962//962
f 2007//2007 952//952 1828//1828
f 2052//2052 2061//2061 2081//2081
f 828//828 2303//2303 539//539
f 835//835 1699//1699 1048//1048
f 1709//1709 1706//1706 872//872
f 885//885 574//574 963//963
f 1318//1318 1296//1296 1320//1320
f 859//859 867//867 1902//1902
f 1452//1452 1448//1448 1421//1421
f 943//943 993//993 976//976
f 993//993 1000//1000 983//983
f 854//854 1010//1010 876//876
f 988//988 986//986 962//962
f 2031//2031 2052//2052 2081//2081
f 924//924 1732//1732 1828//1828
f 965//965 949//949 1060//1060
f 781//781 228//228 734//734
f 1718//1718 1765//1765 665//665
f 943//943 976//976 932//932
f 1680//1680 1794//1794 1783//1783
f 1448//1448 1471//1471 1276//1276
f 1276//1276 1267//1267 1421//1421
f 1931//1931 914//914 907//907
f 991//991 781//781 996//996
f 1276//1276 1421//1421 1448//1448
f 10//10 909//909 1396//1396
f 831//831 860//860 849//849
f 1523//1523 1762//1762 1774//1774
f 924//924 1828//1828 937//937
f 307//307 994//994 1014//1014
f 946//946 963//963 901//901
f 978//978 2103//2103 977//977
f 977//977 1006//1006 1001//1001
f 1007//1007 1161//1161 1639//1639
f 1639//1639 1294//1294 1437//1437
f 885//885 1032//1032 574//574
f 1294//1294 1381//1381 1437//1437
f 733//733 568//568 797//797
f 792//792 229//229 1112//1112
f 119//119 581//581 108//108
f 843//843 835//835 927//927
f 1889//1889 860//860 831//831
f 2211//2211 2216//2216 2204//2204
f 2400//2400 2431//2431 2422//2422
f 2103//2103 1006//1006 977//977
f 840//840 1902//1902 830//830
f 827//827 840//840 830//830
f 827//827 830//830 822//822
f 1003//1003 874//874 2492//2492
f 1432//1432 1439//1439 1431//1431
f 781//781 734//734 964//964
f 1937//1937 1936//1936 1723//1723
f 918//918 913//913 902//902
f 958//958 977//977 944//944
f 1850//1850 2178//2178 2177//2177
f 1005//1005 1020//1020 1000//1000
f 991//991 996//996 307//307
f 1396//1396 1445//1445 340//340
f 2179//2179 1763//1763 889//889
f 939//939 909//909 980//980
f 1828//1828 958//958 937//937
f 978//978 977//977 958//958
f 1590//1590 1571//1571 1563//1563
f 779//779 1949//1949 920//920
f 1551//1551 1362//1362 1573//1573
f 2103//2103 2142//2142 1006//1006
f 920//920 885//885 963//963
f 946//946 920//920 963//963
f 1584//1584 1616//1616 1583//1583
f 1453//1453 1472//1472 1452//1452
f 1647//1647 1617//1617 1578//1578
f 1578//1578 1564//1564 1627//1627
f 1628//1628 938//938 1069//1069
f 869//869 868//868 859//859
f 993//993 983//983 976//976
f 912//912 1762//1762 1775//1775
f 752//752 751//751 706//706
f 1628//1628 1546//1546 938//938
f 844//844 228//228 781//781
f 840//840 859//859 1902//1902
f 898//898 907//907 904//904
f 1025//1025 973//973 1009//1009
f 663//663 664//664 573//573
f 763//763 946//946 901//901
f 898//898 904//904 869//869
f 2172//2172 889//889 1763//1763
f 1128//1128 926//926 971//971
f 860//860 848//848 849//849
f 904//904 903//903 890//890
f 2486//2486 2459//2459 2479//2479
f 577//577 782//782 608//608
f 933//933 936//936 918//918
f 2177//2177 1847//1847 1851//1851
f 665//665 1765//1765 339//339
f 937//937 958//958 944//944
f 894//894 981//981 724//724
f 968//968 1000//1000 993//993
f 2192//2192 2195//2195 2205//2205
f 1652//1652 1099//1099 817//817
f 997//997 608//608 1011//1011
f 997//997 577//577 608//608
f 577//577 163//163 782//782
f 1112//1112 998//998 792//792
f 2177//2177 1851//1851 1850//1850
f 1257//1257 1421//1421 1258//1258
f 951//951 873//873 920//920
f 822//822 830//830 2215//2215
f 1899//1899 2496//2496 2471//2471
f 1773//1773 1668//1668 1558//1558
f 904//904 914//914 903//903
f 932//932 1671//1671 913//913
f 873//873 885//885 920//920
f 1013//1013 1617//1617 1647//1647
f 873//873 1032//1032 885//885
f 894//894 862//862 981//981
f 2469//2469 855//855 961//961
f 913//913 1671//1671 1969//1969
f 2477//2477 2064//2064 855//855
f 918//918 936//936 913//913
f 860//860 870//870 848//848
f 937//937 944//944 933//933
f 1501//1501 1013//1013 1647//1647
f 824//824 178//178 751//751
f 824//824 997//997 178//178
f 824//824 577//577 997//997
f 643//643 163//163 577//577
f 863//863 856//856 882//882
f 2128//2128 2153//2153 2134//2134
f 722//722 774//774 880//880
f 722//722 894//894 774//774
f 864//864 905//905 895//895
f 850//850 575//575 583//583
f 914//914 918//918 903//903
f 924//924 937//937 933//933
f 1501//1501 717//717 1013//1013
f 1587//1587 1324//1324 928//928
f 717//717 1512//1512 1013//1013
f 602//602 577//577 824//824
f 766//766 643//643 577//577
f 894//894 709//709 862//862
f 709//709 878//878 862//862
f 976//976 975//975 932//932
f 1324//1324 1596//1596 928//928
f 880//880 524//524 1060//1060
f 2434//2434 2459//2459 2499//2499
f 1324//1324 1613//1613 1596//1596
f 752//752 824//824 751//751
f 602//602 766//766 577//577
f 1014//1014 602//602 594//594
f 1387//1387 1226//1226 2152//2152
f 2153//2153 1387//1387 2152//2152
f 669//669 930//930 950//950
f 1710//1710 1694//1694 1699//1699
f 768//768 326//326 762//762
f 582//582 892//892 601//601
f 974//974 990//990 2465//2465
f 624//624 116//116 625//625
f 835//835 795//795 730//730
f 2458//2458 2484//2484 763//763
f 989//989 602//602 824//824
f 2064//2064 2477//2477 1710//1710
f 976//976 983//983 975//975
f 949//949 722//722 880//880
f 996//996 160//160 994//994
f 2305//2305 863//863 556//556
f 556//556 863//863 886//886
f 601//601 910//910 640//640
f 2264//2264 825//825 829//829
f 989//989 824//824 752//752
f 856//856 864//864 882//882
f 1595//1595 1586//1586 2381//2381
f 1627//1627 1629//1629 1628//1628
f 2174//2174 2180//2180 2173//2173
f 2128//2128 2134//2134 2118//2118
f 137//137 272//272 22//22
f 949//949 880//880 1060//1060
f 995//995 894//894 722//722
f 894//894 995//995 709//709
f 894//894 724//724 774//774
f 886//886 895//895 892//892
f 640//640 910//910 930//930
f 871//871 870//870 860//860
f 846//846 856//856 863//863
f 1026//1026 875//875 1019//1019
f 838//838 851//851 829//829
f 1024//1024 1171//1171 934//934
f 36//36 189//189 205//205
f 863//863 882//882 886//886
f 886//886 882//882 895//895
f 875//875 1026//1026 594//594
f 52//52 1459//1459 1269//1269
f 896//896 917//917 910//910
f 1025//1025 1009//1009 934//934
f 949//949 995//995 722//722
f 2152//2152 1226//1226 1636//1636
f 895//895 896//896 892//892
f 892//892 910//910 601//601
f 942//942 950//950 930//930
f 875//875 989//989 752//752
f 594//594 602//602 989//989
f 766//766 355//355 643//643
f 355//355 260//260 643//643
f 905//905 917//917 896//896
f 965//965 1060//1060 1162//1162
f 892//892 896//896 910//910
f 1101//1101 1052//1052 1042//1042
f 1029//1029 1031//1031 834//834
f 1101//1101 1133//1133 1118//1118
f 342//342 357//357 376//376
f 516//516 515//515 2454//2454
f 1656//1656 2494//2494 2467//2467
f 1056//1056 1303//1303 1133//1133
f 1120//1120 1130//1130 862//862
f 69//69 342//342 376//376
f 1055//1055 1056//1056 1133//1133
f 499//499 69//69 165//165
f 85//85 101//101 111//111
f 1031//1031 1032//1032 834//834
f 200//200 679//679 1166//1166
f 1031//1031 1042//1042 1032//1032
f 1171//1171 65//65 934//934
f 1822//1822 1204//1204 1177//1177
f 1096//1096 956//956 1103//1103
f 514//514 96//96 97//97
f 956//956 1145//1145 1144//1144
f 1185//1185 1166//1166 1144//1144
f 1145//1145 1185//1185 1144//1144
f 1185//1185 200//200 1166//1166
f 375//375 132//132 1041//1041
f 1153//1153 1202//1202 305//305
f 32//32 1244//1244 1249//1249
f 1096//1096 1087//1087 956//956
f 554//554 78//78 2355//2355
f 1191//1191 138//138 110//110
f 65//65 35//35 432//432
f 1087//1087 1110//1110 956//956
f 1110//1110 1146//1146 956//956
f 956//956 1146//1146 1145//1145
f 1146//1146 1156//1156 1145//1145
f 1145//1145 1156//1156 1185//1185
f 950//950 956//956 1144//1144
f 2481//2481 2495//2495 948//948
f 1156//1156 1193//1193 1185//1185
f 1050//1050 1047//1047 1051//1051
f 239//239 151//151 107//107
f 1185//1185 1193//1193 36//36
f 1747//1747 1110//1110 1087//1087
f 1134//1134 1146//1146 1110//1110
f 1146//1146 1157//1157 1156//1156
f 1156//1156 1157//1157 1193//1193
f 1041//1041 1045//1045 1034//1034
f 1397//1397 1134//1134 1110//1110
f 1157//1157 1146//1146 1134//1134
f 1157//1157 1175//1175 1193//1193
f 1193//1193 199//199 36//36
f 1090//1090 1035//1035 1196//1196
f 1456//1456 1150//1150 1051//1051
f 1175//1175 199//199 1193//1193
f 1186//1186 695//695 199//199
f 1186//1186 199//199 1175//1175
f 1175//1175 1157//1157 1134//1134
f 728//728 1186//1186 1175//1175
f 197//197 760//760 6//6
f 1130//1130 593//593 862//862
f 1167//1167 1109//1109 182//182
f 1194//1194 1115//1115 1161//1161
f 2140//2140 1928//1928 1504//1504
f 921//921 922//922 2138//2138
f 1147//1147 1134//1134 1397//1397
f 1719//1719 1147//1147 1397//1397
f 1147//1147 1175//1175 1134//1134
f 1175//1175 1147//1147 728//728
f 341//341 1654//1654 1208//1208
f 754//754 151//151 9//9
f 284//284 2138//2138 1058//1058
f 1188//1188 1557//1557 1660//1660
f 1191//1191 110//110 1053//1053
f 916//916 284//284 1189//1189
f 284//284 1058//1058 1189//1189
f 2094//2094 1465//1465 2127//2127
f 1726//1726 1019//1019 1147//1147
f 1147//1147 1019//1019 728//728
f 593//593 1130//1130 96//96
f 239//239 305//305 1038//1038
f 1036//1036 1131//1131 315//315
f 397//397 1131//1131 1120//1120
f 1053//1053 96//96 1130//1130
f 2467//2467 2485//2485 1869//1869
f 517//517 1089//1089 421//421
f 834//834 1827//1827 1029//1029
f 419//419 1047//1047 1117//1117
f 1034//1034 433//433 1306//1306
f 2239//2239 1862//1862 1730//1730
f 1453//1453 1462//1462 1472//1472
f 1408//1408 1422//1422 1399//1399
f 471//471 23//23 1111//1111
f 1205//1205 1150//1150 1456//1456
f 1205//1205 1040//1040 1150//1150
f 1131//1131 1036//1036 293//293
f 293//293 1068//1068 1044//1044
f 375//375 1041//1041 138//138
f 1205//1205 1140//1140 1046//1046
f 1040//1040 1205//1205 1046//1046
f 1140//1140 1167//1167 1046//1046
f 1104//1104 1049//1049 83//83
f 1052//1052 1085//1085 1032//1032
f 1044//1044 1068//1068 1191//1191
f 1167//1167 1483//1483 1109//1109
f 208//208 1084//1084 1035//1035
f 1040//1040 132//132 375//375
f 1834//1834 20//20 3//3
f 1050//1050 1051//1051 1070//1070
f 1133//1133 1125//1125 1174//1174
f 11//11 1440//1440 1401//1401
f 420//420 208//208 1071//1071
f 1135//1135 1079//1079 1094//1094
f 1086//1086 1101//1101 1118//1118
f 1029//1029 1030//1030 1031//1031
f 1200//1200 1061//1061 294//294
f 1191//1191 1068//1068 138//138
f 1171//1171 1141//1141 65//65
f 1141//1141 1172//1172 65//65
f 1172//1172 35//35 65//65
f 1172//1172 404//404 35//35
f 404//404 99//99 35//35
f 221//221 1104//1104 1063//1063
f 802//802 398//398 1083//1083
f 20//20 1089//1089 3//3
f 2064//2064 1699//1699 835//835
f 1042//1042 1052//1052 1032//1032
f 1433//1433 1261//1261 1432//1432
f 1323//1323 2338//2338 155//155
f 1076//1076 1205//1205 1456//1456
f 1088//1088 1402//1402 1056//1056
f 1150//1150 348//348 1070//1070
f 1200//1200 1089//1089 20//20
f 1097//1097 1162//1162 100//100
f 1032//1032 873//873 834//834
f 21//21 471//471 1111//1111
f 294//294 1097//1097 1104//1104
f 1072//1072 100//100 584//584
f 1151//1151 760//760 622//622
f 132//132 1045//1045 1041//1041
f 1050//1050 1070//1070 1135//1135
f 1088//1088 1039//1039 940//940
f 650//650 159//159 635//635
f 100//100 1170//1170 729//729
f 729//729 584//584 100//100
f 1103//1103 931//931 1096//1096
f 925//925 1443//1443 1513//1513
f 138//138 1102//1102 110//110
f 1034//1034 1306//1306 1152//1152
f 1071//1071 1035//1035 1090//1090
f 100//100 1072//1072 1097//1097
f 23//23 1158//1158 315//315
f 1068//1068 375//375 138//138
f 1586//1586 1612//1612 1585//1585
f 1819//1819 1030//1030 1029//1029
f 1041//1041 1034//1034 1102//1102
f 232//232 375//375 1068//1068
f 348//348 1079//1079 1070//1070
f 1061//1061 1097//1097 294//294
f 1513//1513 1443//1443 1442//1442
f 1200//1200 294//294 1119//1119
f 376//376 1050//1050 1062//1062
f 1094//1094 1036//1036 315//315
f 1200//1200 1119//1119 1089//1089
f 1111//1111 1183//1183 21//21
f 1044//1044 1191//1191 1053//1053
f 698//698 295//295 689//689
f 1079//1079 232//232 1036//1036
f 404//404 1117//1117 99//99
f 1495//1495 1496//1496 717//717
f 1119//1119 294//294 98//98
f 3//3 1089//1089 517//517
f 1132//1132 1063//1063 83//83
f 1132//1132 83//83 175//175
f 132//132 1046//1046 182//182
f 1111//1111 1195//1195 1183//1183
f 1131//1131 1044//1044 1037//1037
f 127//127 402//402 1804//1804
f 219//219 1272//1272 1047//1047
f 1697//1697 1135//1135 1094//1094
f 2140//2140 1854//1854 2117//2117
f 1111//1111 397//397 1195//1195
f 1177//1177 1162//1162 1097//1097
f 1061//1061 1177//1177 1097//1097
f 717//717 1509//1509 714//714
f 2//2 1300//1300 433//433
f 462//462 290//290 461//461
f 98//98 294//294 221//221
f 294//294 1104//1104 221//221
f 714//714 1161//1161 1007//1007
f 1073//1073 1152//1152 1143//1143
f 1697//1697 1094//1094 1360//1360
f 1223//1223 1423//1423 1218//1218
f 836//836 2479//2479 842//842
f 1097//1097 1072//1072 1049//1049
f 348//348 1040//1040 375//375
f 3//3 517//517 316//316
f 180//180 1061//1061 1201//1201
f 348//348 375//375 232//232
f 1432//1432 1431//1431 1415//1415
f 220//220 1513//1513 1495//1495
f 1104//1104 1097//1097 1049//1049
f 306//306 674//674 596//596
f 777//777 455//455 723//723
f 2170//2170 2151//2151 1641//1641
f 1047//1047 419//419 219//219
f 1102//1102 1034//1034 1073//1073
f 1073//1073 1034//1034 1152//1152
f 1035//1035 1054//1054 1196//1196
f 1177//1177 1204//1204 1162//1162
f 746//746 65//65 12//12
f 751//751 178//178 721//721
f 1054//1054 517//517 421//421
f 1051//1051 1150//1150 1070//1070
f 1102//1102 1073//1073 110//110
f 998//998 1136//1136 355//355
f 567//567 566//566 1163//1163
f 1111//1111 315//315 397//397
f 1048//1048 1074//1074 835//835
f 1158//1158 1094//1094 315//315
f 1374//1374 1107//1107 1252//1252
f 1112//1112 1136//1136 998//998
f 472//472 629//629 500//500
f 355//355 1136//1136 260//260
f 260//260 118//118 43//43
f 1104//1104 83//83 1063//1063
f 376//376 357//357 1050//1050
f 1463//1463 1142//1142 1545//1545
f 1036//1036 232//232 293//293
f 1030//1030 1042//1042 1031//1031
f 1079//1079 348//348 232//232
f 221//221 1063//1063 1132//1132
f 1094//1094 1079//1079 1036//1036
f 1076//1076 1629//1629 1205//1205
f 1136//1136 1197//1197 260//260
f 260//260 1197//1197 118//118
f 1204//1204 965//965 1162//1162
f 293//293 232//232 1068//1068
f 1590//1590 1205//1205 1629//1629
f 1205//1205 1590//1590 1140//1140
f 250//250 382//382 392//392
f 1296//1296 1318//1318 1311//1311
f 347//347 1201//1201 20//20
f 1201//1201 1200//1200 20//20
f 132//132 182//182 1045//1045
f 1101//1101 1086//1086 1052//1052
f 1033//1033 1039//1039 1055//1055
f 138//138 1041//1041 1102//1102
f 970//970 1010//1010 2495//2495
f 455//455 777//777 43//43
f 1992//1992 1948//1948 2023//2023
f 20//20 1834//1834 347//347
f 1072//1072 584//584 1049//1049
f 584//584 1192//1192 1049//1049
f 182//182 2//2 1045//1045
f 1163//1163 324//324 44//44
f 1360//1360 1094//1094 1158//1158
f 1450//1450 1360//1360 1158//1158
f 1091//1091 1112//1112 229//229
f 509//509 723//723 455//455
f 207//207 509//509 455//455
f 1251//1251 1257//1257 1266//1266
f 1488//1488 1489//1489 1547//1547
f 2157//2157 1541//1541 1875//1875
f 305//305 107//107 324//324
f 1045//1045 2//2 433//433
f 1070//1070 1079//1079 1135//1135
f 1136//1136 1168//1168 1197//1197
f 1197//1197 359//359 118//118
f 118//118 359//359 43//43
f 359//359 356//356 43//43
f 356//356 455//455 43//43
f 356//356 207//207 455//455
f 1240//1240 1422//1422 1408//1408
f 1163//1163 1153//1153 324//324
f 1201//1201 1061//1061 1200//1200
f 1052//1052 1086//1086 1085//1085
f 1024//1024 1141//1141 1171//1171
f 1112//1112 1105//1105 1136//1136
f 1050//1050 1135//1135 1062//1062
f 1105//1105 1168//1168 1136//1136
f 1168//1168 1178//1178 1197//1197
f 1197//1197 1178//1178 359//359
f 1173//1173 404//404 1172//1172
f 465//465 356//356 359//359
f 1174//1174 1125//1125 240//240
f 1240//1240 1431//1431 1422//1422
f 1098//1098 1113//1113 1105//1105
f 1112//1112 1098//1098 1105//1105
f 1105//1105 1178//1178 1168//1168
f 1178//1178 465//465 359//359
f 1091//1091 1098//1098 1112//1112
f 1133//1133 1174//1174 1118//1118
f 98//98 221//221 1059//1059
f 487//487 1132//1132 175//175
f 980//980 1017//1017 285//285
f 465//465 207//207 356//356
f 180//180 1201//1201 347//347
f 1060//1060 524//524 1170//1170
f 445//445 127//127 316//316
f 1431//1431 1438//1438 1422//1422
f 498//498 469//469 681//681
f 940//940 1807//1807 1759//1759
f 381//381 250//250 1290//1290
f 1113//1113 1122//1122 1105//1105
f 1105//1105 1122//1122 1178//1178
f 1151//1151 509//509 207//207
f 1236//1236 2035//2035 525//525
f 1131//1131 293//293 1044//1044
f 346//346 207//207 465//465
f 346//346 1151//1151 207//207
f 1822//1822 1796//1796 1204//1204
f 1143//1143 204//204 97//97
f 123//123 1128//1128 971//971
f 2153//2153 2152//2152 2134//2134
f 126//126 1151//1151 346//346
f 517//517 445//445 316//316
f 1450//1450 1158//1158 23//23
f 1458//1458 1462//1462 1430//1430
f 1129//1129 152//152 1182//1182
f 1122//1122 1159//1159 1178//1178
f 1178//1178 1198//1198 465//465
f 79//79 346//346 465//465
f 126//126 1155//1155 1151//1151
f 1151//1151 1155//1155 6//6
f 295//295 1129//1129 689//689
f 1073//1073 1143//1143 97//97
f 1098//1098 1123//1123 1113//1113
f 1113//1113 1123//1123 1122//1122
f 1123//1123 1169//1169 1122//1122
f 1178//1178 1159//1159 1198//1198
f 1198//1198 79//79 465//465
f 392//392 383//383 152//152
f 1822//1822 1061//1061 180//180
f 116//116 92//92 625//625
f 421//421 1089//1089 1119//1119
f 1129//1129 295//295 152//152
f 110//110 1073//1073 97//97
f 1173//1173 1172//1172 1141//1141
f 1122//1122 1169//1169 1159//1159
f 79//79 126//126 346//346
f 1155//1155 181//181 6//6
f 971//971 926//926 1002//1002
f 295//295 1043//1043 152//152
f 1039//1039 1088//1088 1056//1056
f 1428//1428 1266//1266 1436//1436
f 404//404 419//419 1117//1117
f 836//836 879//879 2479//2479
f 2464//2464 2476//2476 2458//2458
f 1198//1198 317//317 79//79
f 1124//1124 939//939 301//301
f 44//44 754//754 567//567
f 1039//1039 1056//1056 1055//1055
f 1439//1439 1459//1459 1458//1458
f 1660//1660 1412//1412 986//986
f 1169//1169 1160//1160 1159//1159
f 179//179 1155//1155 126//126
f 1155//1155 131//131 181//181
f 1061//1061 1822//1822 1177//1177
f 1153//1153 305//305 324//324
f 175//175 314//314 327//327
f 1160//1160 1187//1187 1159//1159
f 1159//1159 1187//1187 1198//1198
f 1198//1198 1187//1187 317//317
f 79//79 179//179 126//126
f 1043//1043 250//250 392//392
f 152//152 1043//1043 392//392
f 96//96 819//819 593//593
f 1123//1123 1127//1127 1169//1169
f 317//317 179//179 79//79
f 1057//1057 1155//1155 179//179
f 1155//1155 391//391 131//131
f 131//131 391//391 668//668
f 2381//2381 1586//1586 1585//1585
f 12//12 69//69 499//499
f 262//262 398//398 1640//1640
f 2107//2107 2118//2118 2060//2060
f 2130//2130 2094//2094 2002//2002
f 1187//1187 249//249 317//317
f 1155//1155 1057//1057 391//391
f 1290//1290 439//439 1265//1265
f 305//305 239//239 107//107
f 1127//1127 1160//1160 1169//1169
f 317//317 473//473 179//179
f 473//473 1057//1057 179//179
f 83//83 1192//1192 314//314
f 1043//1043 1290//1290 250//250
f 1807//1807 940//940 1030//1030
f 517//517 1084//1084 445//445
f 1057//1057 1164//1164 391//391
f 2492//2492 2480//2480 2493//2493
f 163//163 643//643 43//43
f 1056//1056 1545//1545 1303//1303
f 1069//1069 1655//1655 1023//1023
f 249//249 473//473 317//317
f 1162//1162 1060//1060 1170//1170
f 1086//1086 1118//1118 1154//1154
f 82//82 68//68 16//16
f 1989//1989 1990//1990 1536//1536
f 1633//1633 1632//1632 1611//1611
f 1487//1487 2372//2372 1305//1305
f 1494//1494 1069//1069 1023//1023
f 1137//1137 1160//1160 1127//1127
f 669//669 1166//1166 679//679
f 390//390 1285//1285 426//426
f 1955//1955 1972//1972 1971//1971
f 1219//1219 1223//1223 2437//2437
f 1254//1254 1261//1261 1223//1223
f 1319//1319 1545//1545 1056//1056
f 1320//1320 1328//1328 2443//2443
f 1261//1261 1433//1433 1223//1223
f 1219//1219 1254//1254 1223//1223
f 254//254 222//222 2428//2428
f 1237//1237 1290//1290 1265//1265
f 1284//1284 1273//1273 1263//1263
f 1277//1277 1291//1291 1301//1301
f 1314//1314 102//102 1301//1301
f 1280//1280 363//363 377//377
f 1313//1313 1353//1353 1514//1514
f 468//468 451//451 439//439
f 1918//1918 1964//1964 1956//1956
f 2026//2026 29//29 2140//2140
f 1354//1354 381//381 1279//1279
f 1224//1224 30//30 1254//1254
f 147//147 158//158 173//173
f 1247//1247 1253//1253 274//274
f 1271//1271 380//380 334//334
f 2043//2043 2072//2072 2042//2042
f 274//274 300//300 267//267
f 1356//1356 1392//1392 211//211
f 13//13 240//240 1142//1142
f 1382//1382 1330//1330 1392//1392
f 1312//1312 1323//1323 155//155
f 240//240 1125//1125 1142//1142
f 2358//2358 1573//1573 1362//1362
f 1236//1236 1249//1249 1244//1244
f 1272//1272 219//219 1348//1348
f 1271//1271 1274//1274 380//380
f 191//191 2034//2034 1982//1982
f 1992//1992 2052//2052 1990//1990
f 462//462 452//452 689//689
f 2262//2262 2286//2286 2261//2261
f 183//183 489//489 1642//1642
f 2485//2485 2480//2480 1869//1869
f 84//84 111//111 1323//1323
f 1190//1190 353//353 1354//1354
f 446//446 434//434 435//435
f 1336//1336 171//171 1341//1341
f 2021//2021 430//430 2059//2059
f 862//862 878//878 1120//1120
f 1263//1263 1273//1273 1248//1248
f 1966//1966 1921//1921 2144//2144
f 1312//1312 84//84 1323//1323
f 240//240 13//13 1348//1348
f 1359//1359 1274//1274 1271//1271
f 1392//1392 1330//1330 1247//1247
f 1520//1520 1333//1333 11//11
f 1368//1368 1253//1253 1247//1247
f 1279//1279 1285//1285 1190//1190
f 2465//2465 990//990 2489//2489
f 1272//1272 1519//1519 805//805
f 1369//1369 1272//1272 805//805
f 1317//1317 95//95 1344//1344
f 1242//1242 1248//1248 1234//1234
f 1368//1368 242//242 1363//1363
f 274//274 1262//1262 1386//1386
f 532//532 597//597 1886//1886
f 2117//2117 2026//2026 2140//2140
f 1392//1392 1247//1247 274//274
f 2162//2162 508//508 985//985
f 1964//1964 1469//1469 1965//1965
f 1315//1315 104//104 1331//1331
f 1392//1392 1356//1356 1382//1382
f 128//128 1342//1342 1336//1336
f 1285//1285 427//427 426//426
f 1219//1219 1224//1224 1254//1254
f 1320//1320 1322//1322 1321//1321
f 1320//1320 1321//1321 1328//1328
f 153//153 2443//2443 1328//1328
f 1321//1321 153//153 1328//1328
f 1235//1235 1244//1244 1243//1243
f 1225//1225 1224//1224 1219//1219
f 1359//1359 353//353 1190//1190
f 1312//1312 1473//1473 1458//1458
f 1336//1336 1342//1342 147//147
f 305//305 1333//1333 1038//1038
f 1336//1336 147//147 171//171
f 516//516 31//31 19//19
f 2479//2479 2461//2461 842//842
f 1237//1237 1265//1265 427//427
f 1263//1263 1278//1278 1284//1284
f 881//881 1827//1827 834//834
f 1237//1237 427//427 1285//1285
f 1299//1299 1312//1312 1458//1458
f 1190//1190 1285//1285 1274//1274
f 1363//1363 286//286 1253//1253
f 2330//2330 2303//2303 828//828
f 427//427 442//442 426//426
f 2493//2493 2463//2463 2492//2492
f 1285//1285 380//380 1274//1274
f 522//522 18//18 1225//1225
f 2471//2471 2472//2472 2488//2488
f 2338//2338 154//154 1321//1321
f 1423//1423 1415//1415 1218//1218
f 1225//1225 18//18 1224//1224
f 1253//1253 286//286 1262//1262
f 286//286 353//353 1359//1359
f 171//171 1368//1368 1383//1383
f 1273//1273 54//54 1234//1234
f 1973//1973 2447//2447 527//527
f 1322//1322 155//155 1321//1321
f 1203//1203 1369//1369 1413//1413
f 1307//1307 363//363 1298//1298
f 1364//1364 1375//1375 1329//1329
f 1329//1329 227//227 1306//1306
f 296//296 1298//1298 1343//1343
f 947//947 2499//2499 1447//1447
f 1203//1203 1047//1047 1272//1272
f 1098//1098 1748//1748 1123//1123
f 1519//1519 1272//1272 1348//1348
f 1277//1277 70//70 1273//1273
f 1282//1282 1337//1337 1361//1361
f 286//286 302//302 353//353
f 103//103 104//104 1315//1315
f 1377//1377 435//435 434//434
f 1449//1449 1261//1261 1345//1345
f 926//926 1310//1310 806//806
f 1263//1263 1248//1248 1242//1242
f 985//985 508//508 597//597
f 1415//1415 1222//1222 1218//1218
f 88//88 1325//1325 104//104
f 170//170 111//111 156//156
f 1384//1384 1282//1282 1361//1361
f 274//274 1253//1253 1262//1262
f 1371//1371 1317//1317 1344//1344
f 1371//1371 1366//1366 1337//1337
f 1345//1345 1459//1459 1449//1449
f 171//171 1383//1383 1341//1341
f 2438//2438 1235//1235 1227//1227
f 2134//2134 1582//1582 2118//2118
f 428//428 1260//1260 1379//1379
f 1336//1336 1341//1341 1325//1325
f 1235//1235 1242//1242 1227//1227
f 1228//1228 1687//1687 2284//2284
f 1854//1854 2140//2140 2016//2016
f 1866//1866 1887//1887 1873//1873
f 1343//1343 1298//1298 1370//1370
f 1384//1384 1361//1361 2440//2440
f 171//171 242//242 1368//1368
f 1344//1344 1309//1309 1366//1366
f 1371//1371 1344//1344 1366//1366
f 1280//1280 1377//1377 1293//1293
f 200//200 1185//1185 205//205
f 1330//1330 1383//1383 1368//1368
f 1255//1255 1264//1264 1263//1263
f 543//543 1367//1367 1876//1876
f 1343//1343 1370//1370 1260//1260
f 1293//1293 1326//1326 1370//1370
f 2440//2440 1361//1361 1302//1302
f 1282//1282 1384//1384 2406//2406
f 271//271 1337//1337 1282//1282
f 170//170 2338//2338 1323//1323
f 1528//1528 1503//1503 2470//2470
f 515//515 1347//1347 2453//2453
f 1997//1997 1705//1705 1998//1998
f 2285//2285 1228//1228 2284//2284
f 1229//1229 1250//1250 1228//1228
f 1330//1330 1368//1368 1247//1247
f 1919//1919 1619//1619 2045//2045
f 1344//1344 1364//1364 1335//1335
f 1222//1222 1240//1240 1221//1221
f 1212//1212 858//858 1741//1741
f 2388//2388 1222//1222 1221//1221
f 1528//1528 2470//2470 2068//2068
f 501//501 1308//1308 2171//2171
f 1295//1295 1311//1311 1487//1487
f 2116//2116 1619//1619 1655//1655
f 1220//1220 1229//1229 1228//1228
f 8//8 663//663 573//573
f 1343//1343 1260//1260 428//428
f 1337//1337 1366//1366 1361//1361
f 1298//1298 1280//1280 1293//1293
f 1269//1269 1345//1345 1261//1261
f 1279//1279 381//381 1290//1290
f 1230//1230 1229//1229 1220//1220
f 1230//1230 1245//1245 1229//1229
f 1245//1245 1250//1250 1229//1229
f 1227//1227 1234//1234 31//31
f 1302//1302 1361//1361 1350//1350
f 1245//1245 1266//1266 1428//1428
f 1992//1992 2023//2023 2052//2052
f 2482//2482 2471//2471 2475//2475
f 452//452 462//462 461//461
f 271//271 1282//1282 1275//1275
f 1991//1991 1989//1989 1934//1934
f 1366//1366 1309//1309 1350//1350
f 1344//1344 1335//1335 1309//1309
f 730//730 699//699 974//974
f 1374//1374 1252//1252 1208//1208
f 597//597 508//508 1912//1912
f 1363//1363 1253//1253 1368//1368
f 1386//1386 1271//1271 300//300
f 1211//1211 1218//1218 1222//1222
f 1376//1376 1377//1377 434//434
f 2399//2399 2437//2437 1211//1211
f 1284//1284 1291//1291 1277//1277
f 1230//1230 1251//1251 1245//1245
f 1251//1251 1266//1266 1245//1245
f 1317//1317 1371//1371 1337//1337
f 1288//1288 1286//1286 1095//1095
f 1095//1095 1286//1286 1352//1352
f 1241//1241 1208//1208 1352//1352
f 1241//1241 1374//1374 1208//1208
f 1284//1284 1278//1278 1291//1291
f 211//211 1392//1392 267//267
f 1344//1344 1375//1375 1364//1364
f 929//929 583//583 1028//1028
f 1361//1361 1366//1366 1350//1350
f 1115//1115 1294//1294 1639//1639
f 1291//1291 103//103 1301//1301
f 1220//1220 1231//1231 1230//1230
f 1231//1231 1251//1251 1230//1230
f 1234//1234 1248//1248 1273//1273
f 1255//1255 55//55 1264//1264
f 1360//1360 1450//1450 1702//1702
f 363//363 1280//1280 1298//1298
f 1369//1369 1203//1203 1272//1272
f 1415//1415 1240//1240 1222//1222
f 1216//1216 1231//1231 1220//1220
f 1243//1243 1263//1263 1235//1235
f 1375//1375 227//227 1329//1329
f 1264//1264 1278//1278 1263//1263
f 855//855 899//899 961//961
f 1286//1286 1241//1241 1352//1352
f 2081//2081 2128//2128 2107//2107
f 1223//1223 1433//1433 1423//1423
f 1473//1473 1312//1312 155//155
f 154//154 153//153 1321//1321
f 1377//1377 1376//1376 1293//1293
f 1392//1392 274//274 267//267
f 334//334 300//300 1271//1271
f 1955//1955 1991//1991 1934//1934
f 1613//1613 1327//1327 1288//1288
f 1327//1327 1286//1286 1288//1288
f 1349//1349 1374//1374 1241//1241
f 2370//2370 2025//2025 2367//2367
f 1315//1315 1331//1331 133//133
f 434//434 446//446 1256//1256
f 1232//1232 1251//1251 1231//1231
f 1243//1243 1244//1244 1255//1255
f 1286//1286 1304//1304 1241//1241
f 1349//1349 1107//1107 1374//1374
f 1359//1359 1271//1271 1386//1386
f 1227//1227 516//516 2431//2431
f 219//219 240//240 1348//1348
f 1270//1270 271//271 1275//1275
f 1255//1255 1263//1263 1243//1243
f 2026//2026 1926//1926 29//29
f 1683//1683 2157//2157 1212//1212
f 1326//1326 1293//1293 1376//1376
f 1255//1255 32//32 55//55
f 104//104 1325//1325 1341//1341
f 519//519 2462//2462 2475//2475
f 2154//2154 2161//2161 2137//2137
f 1376//1376 434//434 1246//1246
f 1246//1246 434//434 1256//1256
f 1257//1257 1251//1251 1232//1232
f 1262//1262 1359//1359 1386//1386
f 2195//2195 2192//2192 2186//2186
f 1308//1308 534//534 1226//1226
f 2026//2026 2117//2117 544//544
f 1327//1327 1613//1613 1324//1324
f 1327//1327 1326//1326 1286//1286
f 1286//1286 1326//1326 1304//1304
f 104//104 1341//1341 1331//1331
f 774//774 524//524 880//880
f 837//837 1517//1517 534//534
f 1127//1127 1123//1123 1567//1567
f 1279//1279 1237//1237 1285//1285
f 1297//1297 1381//1381 1294//1294
f 1217//1217 1232//1232 1216//1216
f 1142//1142 1519//1519 13//13
f 1436//1436 1267//1267 1287//1287
f 1324//1324 1372//1372 1327//1327
f 1304//1304 1246//1246 1241//1241
f 1246//1246 1349//1349 1241//1241
f 1246//1246 1373//1373 1349//1349
f 286//286 1359//1359 1262//1262
f 1382//1382 1383//1383 1330//1330
f 1284//1284 1277//1277 1273//1273
f 489//489 1998//1998 1799//1799
f 1675//1675 1116//1116 1075//1075
f 106//106 1317//1317 1337//1337
f 1311//1311 1295//1295 1281//1281
f 1292//1292 1364//1364 1329//1329
f 1335//1335 1364//1364 1292//1292
f 1334//1334 1294//1294 1115//1115
f 1334//1334 1297//1297 1294//1294
f 1300//1300 1381//1381 1297//1297
f 973//973 842//842 2461//2461
f 1217//1217 1239//1239 1232//1232
f 1232//1232 1239//1239 1257//1257
f 1258//1258 1267//1267 1436//1436
f 1359//1359 1190//1190 1274//1274
f 1862//1862 1405//1405 1877//1877
f 1372//1372 1339//1339 1327//1327
f 1339//1339 1326//1326 1327//1327
f 1373//1373 1351//1351 1349//1349
f 1276//1276 1311//1311 1281//1281
f 1256//1256 2386//2386 1351//1351
f 2//2 1109//1109 1300//1300
f 482//482 1731//1731 520//520
f 803//803 1604//1604 2022//2022
f 1223//1223 1218//1218 1211//1211
f 1341//1341 1383//1383 1382//1382
f 1298//1298 1293//1293 1370//1370
f 1190//1190 1354//1354 1279//1279
f 1324//1324 2398//2398 1372//1372
f 1714//1714 1700//1700 2173//2173
f 183//183 2000//2000 489//489
f 1701//1701 1666//1666 192//192
f 1227//1227 1242//1242 1234//1234
f 1332//1332 1289//1289 1310//1310
f 1517//1517 2005//2005 2130//2130
f 1331//1331 1341//1341 1382//1382
f 525//525 1249//1249 1236//1236
f 23//23 1268//1268 1450//1450
f 1264//1264 1291//1291 1278//1278
f 1281//1281 1287//1287 1267//1267
f 1295//1295 1305//1305 1287//1287
f 1281//1281 1295//1295 1287//1287
f 1487//1487 1305//1305 1295//1295
f 1605//1605 2097//2097 2058//2058
f 1326//1326 1376//1376 1304//1304
f 1304//1304 1376//1376 1246//1246
f 1316//1316 1919//1919 1984//1984
f 2500//2500 1949//1949 2460//2460
f 1332//1332 1313//1313 1289//1289
f 2189//2189 2181//2181 2177//2177
f 1335//1335 1334//1334 1353//1353
f 1292//1292 1297//1297 1334//1334
f 1428//1428 1250//1250 1245//1245
f 969//969 958//958 952//952
f 1217//1217 1233//1233 1239//1239
f 1233//1233 1257//1257 1239//1239
f 1876//1876 1367//1367 1338//1338
f 1379//1379 1260//1260 1372//1372
f 1372//1372 1260//1260 1339//1339
f 1128//1128 1302//1302 1310//1310
f 1310//1310 1302//1302 1332//1332
f 1335//1335 1353//1353 1313//1313
f 1292//1292 1334//1334 1335//1335
f 1297//1297 1329//1329 1300//1300
f 1279//1279 1290//1290 1237//1237
f 1301//1301 103//103 1314//1314
f 70//70 1301//1301 102//102
f 23//23 1333//1333 1268//1268
f 380//380 1285//1285 390//390
f 772//772 325//325 1275//1275
f 1314//1314 103//103 1315//1315
f 2473//2473 2458//2458 2487//2487
f 1276//1276 1281//1281 1267//1267
f 1344//1344 95//95 1375//1375
f 2053//2053 1771//1771 1572//1572
f 1246//1246 1256//1256 1373//1373
f 1373//1373 1256//1256 1351//1351
f 1340//1340 1302//1302 1128//1128
f 1350//1350 1313//1313 1332//1332
f 1329//1329 1297//1297 1292//1292
f 2434//2434 2473//2473 2487//2487
f 106//106 1337//1337 271//271
f 23//23 471//471 1333//1333
f 622//622 723//723 509//509
f 1388//1388 1517//1517 2127//2127
f 1991//1991 1990//1990 1989//1989
f 183//183 1636//1636 1226//1226
f 2133//2133 1605//1605 2151//2151
f 1260//1260 1370//1370 1339//1339
f 1339//1339 1370//1370 1326//1326
f 867//867 1894//1894 1902//1902
f 390//390 426//426 412//412
f 1235//1235 1263//1263 1242//1242
f 1399//1399 1422//1422 1233//1233
f 305//305 11//11 1333//1333
f 1300//1300 1329//1329 1306//1306
f 1302//1302 1350//1350 1332//1332
f 1350//1350 1309//1309 1313//1313
f 1309//1309 1335//1335 1313//1313
f 2470//2470 2102//2102 1502//1502
f 1787//1787 1531//1531 1599//1599
f 1724//1724 1725//1725 1691//1691
f 1827//1827 1601//1601 1927//1927
f 1678//1678 1358//1358 1476//1476
f 1823//1823 1812//1812 1846//1846
f 1805//1805 1824//1824 1708//1708
f 1746//1746 1676//1676 1797//1797
f 325//325 2395//2395 429//429
f 1835//1835 1677//1677 1826//1826
f 1507//1507 1790//1790 1722//1722
f 1526//1526 1672//1672 858//858
f 158//158 147//147 1342//1342
f 1462//1462 1473//1473 1322//1322
f 1474//1474 1414//1414 1565//1565
f 1761//1761 1900//1900 1877//1877
f 940//940 1759//1759 1008//1008
f 1565//1565 1015//1015 1008//1008
f 1924//1924 1533//1533 1933//1933
f 1878//1878 826//826 830//830
f 1565//1565 1414//1414 1015//1015
f 1402//1402 1088//1088 1008//1008
f 1538//1538 1532//1532 1651//1651
f 1015//1015 1552//1552 1008//1008
f 1538//1538 1591//1591 1474//1474
f 1532//1532 1538//1538 1474//1474
f 1474//1474 1591//1591 1414//1414
f 1484//1484 1402//1402 1008//1008
f 1552//1552 1484//1484 1008//1008
f 1414//1414 1460//1460 1015//1015
f 1015//1015 1460//1460 1552//1552
f 806//806 1289//1289 945//945
f 1597//1597 1538//1538 1659//1659
f 1484//1484 1319//1319 1402//1402
f 1056//1056 1402//1402 1319//1319
f 1538//1538 1597//1597 1591//1591
f 1591//1591 960//960 1414//1414
f 1414//1414 960//960 1460//1460
f 1925//1925 1466//1466 1455//1455
f 1552//1552 1400//1400 1484//1484
f 1484//1484 1400//1400 1319//1319
f 1400//1400 113//113 1319//1319
f 1597//1597 1580//1580 1591//1591
f 1460//1460 1400//1400 1552//1552
f 1514//1514 1441//1441 966//966
f 1597//1597 1659//1659 1409//1409
f 1657//1657 113//113 1400//1400
f 1460//1460 1657//1657 1400//1400
f 1288//1288 1095//1095 1634//1634
f 1551//1551 1597//1597 1409//1409
f 1580//1580 1598//1598 1591//1591
f 1591//1591 1598//1598 960//960
f 1536//1536 1990//1990 2031//2031
f 960//960 1657//1657 1460//1460
f 1809//1809 1746//1746 1797//1797
f 1423//1423 1433//1433 1432//1432
f 2478//2478 1362//1362 1409//1409
f 1463//1463 1545//1545 113//113
f 1657//1657 1463//1463 113//113
f 1457//1457 1287//1287 1305//1305
f 1682//1682 1716//1716 1746//1746
f 1434//1434 1761//1761 1885//1885
f 1013//1013 1139//1139 1617//1617
f 2379//2379 1362//1362 2478//2478
f 1420//1420 1597//1597 1551//1551
f 1420//1420 1580//1580 1597//1597
f 1664//1664 1808//1808 1712//1712
f 2256//2256 2250//2250 2231//2231
f 1362//1362 1551//1551 1409//1409
f 2196//2196 2214//2214 2213//2213
f 1691//1691 1725//1725 1777//1777
f 1626//1626 192//192 1666//1666
f 1534//1534 1574//1574 2058//2058
f 1574//1574 1600//1600 1605//1605
f 1600//1600 1606//1606 1605//1605
f 1606//1606 1641//1641 1605//1605
f 1573//1573 1420//1420 1551//1551
f 1657//1657 1485//1485 1463//1463
f 678//678 1806//1806 1742//1742
f 1534//1534 1553//1553 1574//1574
f 1574//1574 1575//1575 1600//1600
f 1810//1810 2170//2170 585//585
f 1623//1623 1641//1641 1606//1606
f 1407//1407 1657//1657 960//960
f 1598//1598 1407//1407 960//960
f 1485//1485 1142//1142 1463//1463
f 1716//1716 1581//1581 1676//1676
f 1738//1738 1743//1743 1733//1733
f 843//843 2064//2064 835//835
f 1539//1539 1575//1575 1574//1574
f 1553//1553 1539//1539 1574//1574
f 1575//1575 1592//1592 1600//1600
f 1592//1592 1624//1624 1606//1606
f 1600//1600 1592//1592 1606//1606
f 1642//1642 585//585 1641//1641
f 1623//1623 1642//1642 1641//1641
f 1485//1485 164//164 1142//1142
f 1738//1738 1516//1516 1743//1743
f 1809//1809 1720//1720 1798//1798
f 1533//1533 1535//1535 1534//1534
f 1592//1592 1607//1607 1624//1624
f 1624//1624 1623//1623 1606//1606
f 1163//1163 566//566 1116//1116
f 1407//1407 1485//1485 1657//1657
f 1432//1432 1449//1449 1439//1439
f 1100//1100 802//802 2382//2382
f 1743//1743 1516//1516 1722//1722
f 1746//1746 1716//1716 1676//1676
f 1535//1535 1539//1539 1534//1534
f 1534//1534 1539//1539 1553//1553
f 1642//1642 1623//1623 1624//1624
f 1095//1095 1208//1208 1654//1654
f 967//967 1407//1407 1598//1598
f 1580//1580 967//967 1598//1598
f 1809//1809 1797//1797 1720//1720
f 1924//1924 1524//1524 1535//1535
f 1533//1533 1924//1924 1535//1535
f 1539//1539 1576//1576 1575//1575
f 1642//1642 216//216 585//585
f 1407//1407 1529//1529 1485//1485
f 1485//1485 1529//1529 164//164
f 1472//1472 1462//1462 1482//1482
f 1415//1415 1431//1431 1240//1240
f 966//966 1194//1194 714//714
f 383//383 1182//1182 152//152
f 474//474 2337//2337 446//446
f 1743//1743 1841//1841 1757//1757
f 1486//1486 1524//1524 1924//1924
f 1535//1535 1525//1525 1539//1539
f 1575//1575 1576//1576 1592//1592
f 1420//1420 967//967 1580//1580
f 1288//1288 1634//1634 1613//1613
f 459//459 427//427 1265//1265
f 1404//1404 2179//2179 1393//1393
f 1404//1404 1403//1403 1800//1800
f 1404//1404 1410//1410 1403//1403
f 1410//1410 1749//1749 1403//1403
f 1349//1349 1351//1351 218//218
f 1486//1486 1498//1498 1524//1524
f 1535//1535 1524//1524 1525//1525
f 1607//1607 1636//1636 1624//1624
f 183//183 1642//1642 1624//1624
f 1636//1636 183//183 1624//1624
f 1107//1107 1349//1349 218//218
f 1351//1351 845//845 218//218
f 164//164 1519//1519 1142//1142
f 845//845 413//413 218//218
f 1525//1525 1576//1576 1539//1539
f 1576//1576 1582//1582 1592//1592
f 1592//1592 2134//2134 1607//1607
f 2134//2134 1636//1636 1607//1607
f 2147//2147 1491//1491 1401//1401
f 1407//1407 1589//1589 1529//1529
f 1529//1529 1519//1519 164//164
f 1693//1693 1763//1763 1444//1444
f 1924//1924 1479//1479 1486//1486
f 1592//1592 1582//1582 2134//2134
f 499//499 165//165 874//874
f 2176//2176 1857//1857 1959//1959
f 2327//2327 2368//2368 2326//2326
f 2358//2358 821//821 953//953
f 953//953 821//821 1573//1573
f 1824//1824 1704//1704 1464//1464
f 1731//1731 1358//1358 1678//1678
f 1394//1394 1410//1410 1404//1404
f 1394//1394 1418//1418 1410//1410
f 1466//1466 1479//1479 1839//1839
f 1486//1486 1479//1479 1498//1498
f 1498//1498 1525//1525 1524//1524
f 1576//1576 2080//2080 1582//1582
f 1785//1785 1684//1684 1898//1898
f 804//804 398//398 802//802
f 804//804 925//925 398//398
f 1447//1447 1562//1562 2358//2358
f 2358//2358 1562//1562 821//821
f 821//821 1620//1620 1573//1573
f 1620//1620 1420//1420 1573//1573
f 1420//1420 1556//1556 967//967
f 1393//1393 1394//1394 1404//1404
f 1525//1525 2080//2080 1576//1576
f 1621//1621 1420//1420 1620//1620
f 1621//1621 1556//1556 1420//1420
f 967//967 1589//1589 1407//1407
f 1505//1505 5//5 1357//1357
f 1266//1266 1258//1258 1436//1436
f 1393//1393 1395//1395 1394//1394
f 2176//2176 2175//2175 1848//1848
f 1455//1455 1466//1466 1839//1839
f 1525//1525 1540//1540 2080//2080
f 1582//1582 2080//2080 2118//2118
f 1100//1100 804//804 802//802
f 1556//1556 1589//1589 967//967
f 1589//1589 1082//1082 1529//1529
f 1093//1093 1685//1685 1357//1357
f 1504//1504 1093//1093 1357//1357
f 1425//1425 1418//1418 1394//1394
f 1475//1475 1479//1479 1466//1466
f 1479//1479 1506//1506 1498//1498
f 1789//1789 1784//1784 1730//1730
f 2501//2501 2465//2465 2489//2489
f 1438//1438 1458//1458 1430//1430
f 1462//1462 1458//1458 1473//1473
f 1454//1454 805//805 1529//1529
f 1082//1082 1454//1454 1529//1529
f 1529//1529 805//805 1519//1519
f 1425//1425 1394//1394 1395//1395
f 1425//1425 1744//1744 1418//1418
f 1479//1479 1475//1475 1506//1506
f 1540//1540 2060//2060 2080//2080
f 1556//1556 1082//1082 1589//1589
f 1443//1443 945//945 1511//1511
f 1506//1506 1536//1536 1498//1498
f 1498//1498 1536//1536 1525//1525
f 1525//1525 1536//1536 1540//1540
f 1670//1670 852//852 1672//1672
f 1998//1998 1388//1388 1389//1389
f 1511//1511 966//966 1509//1509
f 1509//1509 966//966 714//714
f 1442//1442 1443//1443 1496//1496
f 1562//1562 1635//1635 821//821
f 155//155 1322//1322 1473//1473
f 1439//1439 1458//1458 1438//1438
f 1426//1426 1425//1425 1395//1395
f 1475//1475 1499//1499 1506//1506
f 1735//1735 1588//1588 1776//1776
f 2422//2422 2454//2454 2421//2421
f 1423//1423 1432//1432 1415//1415
f 1559//1559 2101//2101 2073//2073
f 845//845 866//866 413//413
f 1429//1429 1620//1620 821//821
f 1620//1620 1429//1429 1621//1621
f 1228//1228 1250//1250 1687//1687
f 1002//1002 945//945 1443//1443
f 2382//2382 802//802 1083//1083
f 1859//1859 1411//1411 1395//1395
f 1411//1411 1426//1426 1395//1395
f 1426//1426 1744//1744 1425//1425
f 1590//1590 1437//1437 1483//1483
f 1480//1480 1475//1475 1466//1466
f 1480//1480 1499//1499 1475//1475
f 1510//1510 1733//1733 1743//1743
f 1663//1663 1696//1696 1658//1658
f 1430//1430 1453//1453 1452//1452
f 1452//1452 1472//1472 1471//1471
f 1452//1452 1471//1471 1448//1448
f 1430//1430 1452//1452 1421//1421
f 1430//1430 1421//1421 1422//1422
f 1429//1429 1082//1082 1556//1556
f 1621//1621 1429//1429 1556//1556
f 1351//1351 2386//2386 845//845
f 1126//1126 1059//1059 487//487
f 1639//1639 1437//1437 1563//1563
f 1504//1504 1928//1928 1093//1093
f 1499//1499 1536//1536 1506//1506
f 1588//1588 1770//1770 1727//1727
f 1110//1110 1747//1747 1397//1397
f 1776//1776 1588//1588 1531//1531
f 1322//1322 1320//1320 1482//1482
f 1590//1590 1629//1629 1571//1571
f 1730//1730 1877//1877 1838//1838
f 1429//1429 935//935 1082//1082
f 1082//1082 935//935 1454//1454
f 804//804 1443//1443 925//925
f 1139//1139 1007//1007 1639//1639
f 1925//1925 1480//1480 1466//1466
f 1934//1934 1989//1989 1480//1480
f 1499//1499 1989//1989 1536//1536
f 1727//1727 1526//1526 1531//1531
f 1593//1593 1614//1614 502//502
f 2455//2455 2431//2431 2400//2400
f 1755//1755 1680//1680 908//908
f 1563//1563 1571//1571 1564//1564
f 1647//1647 1078//1078 1501//1501
f 2490//2490 1635//1635 1106//1106
f 1496//1496 1511//1511 717//717
f 2454//2454 2431//2431 516//516
f 1478//1478 1153//1153 1093//1093
f 1870//1870 1426//1426 1411//1411
f 1426//1426 1723//1723 1744//1744
f 962//962 986//986 1412//1412
f 717//717 1511//1511 1509//1509
f 1825//1825 1704//1704 1824//1824
f 2225//2225 2234//2234 2253//2253
f 1490//1490 1557//1557 1188//1188
f 1635//1635 80//80 821//821
f 805//805 1454//1454 935//935
f 1186//1186 706//706 695//695
f 1194//1194 1161//1161 714//714
f 1512//1512 1007//1007 1013//1013
f 592//592 97//97 204//204
f 1258//1258 1266//1266 1257//1257
f 82//82 1333//1333 471//471
f 1694//1694 1710//1710 1505//1505
f 1643//1643 490//490 1661//1661
f 1661//1661 490//490 1114//1114
f 1518//1518 2068//2068 2484//2484
f 1750//1750 1808//1808 1664//1664
f 1656//1656 1635//1635 2490//2490
f 935//935 1521//1521 805//805
f 1546//1546 1629//1629 1076//1076
f 1301//1301 70//70 1277//1277
f 966//966 1441//1441 1194//1194
f 1148//1148 1825//1825 1824//1824
f 1614//1614 1609//1609 1643//1643
f 1114//1114 1092//1092 1921//1921
f 1770//1770 1739//1739 1670//1670
f 1631//1631 1632//1632 1646//1646
f 821//821 1016//1016 1429//1429
f 1429//1429 1016//1016 935//935
f 1632//1632 1095//1095 1654//1654
f 1083//1083 262//262 688//688
f 1724//1724 1686//1686 1725//1725
f 1644//1644 490//490 1643//1643
f 1092//1092 1149//1149 1921//1921
f 3//3 893//893 1832//1832
f 988//988 1640//1640 1188//1188
f 916//916 1107//1107 284//284
f 1656//1656 80//80 1635//1635
f 1016//1016 821//821 80//80
f 1016//1016 1521//1521 935//935
f 1478//1478 1202//1202 1153//1153
f 1401//1401 1928//1928 29//29
f 1440//1440 1478//1478 1928//1928
f 1849//1849 1700//1700 1865//1865
f 1595//1595 1611//1611 1612//1612
f 1208//1208 198//198 341//341
f 1464//1464 1704//1704 1746//1746
f 2143//2143 984//984 1721//1721
f 1848//1848 1849//1849 1868//1868
f 1662//1662 1114//1114 490//490
f 1669//1669 1787//1787 1682//1682
f 1656//1656 1618//1618 80//80
f 198//198 1208//1208 916//916
f 1440//1440 1928//1928 1401//1401
f 1521//1521 1369//1369 805//805
f 1252//1252 1107//1107 916//916
f 1745//1745 678//678 1672//1672
f 1703//1703 1779//1779 1721//1721
f 1750//1750 1465//1465 1808//1808
f 1609//1609 1644//1644 1643//1643
f 1092//1092 1114//1114 1662//1662
f 1826//1826 1523//1523 1793//1793
f 2262//2262 2261//2261 2224//2224
f 1696//1696 2166//2166 1767//1767
f 1016//1016 1648//1648 1521//1521
f 1208//1208 1252//1252 916//916
f 833//833 688//688 1067//1067
f 1794//1794 1803//1803 1558//1558
f 28//28 17//17 512//512
f 1750//1750 861//861 1566//1566
f 1594//1594 1644//1644 1609//1609
f 1644//1644 1645//1645 490//490
f 490//490 1645//1645 1662//1662
f 2229//2229 2262//2262 2224//2224
f 1602//1602 861//861 1760//1760
f 1530//1530 1777//1777 1760//1760
f 872//872 1706//1706 1673//1673
f 1696//1696 1668//1668 2166//2166
f 1708//1708 1809//1809 1798//1798
f 1581//1581 1716//1716 1814//1814
f 1709//1709 1794//1794 1680//1680
f 1233//1233 1421//1421 1257//1257
f 1724//1724 1476//1476 1686//1686
f 1469//1469 1481//1481 1965//1965
f 1965//1965 1481//1481 1492//1492
f 2073//2073 1549//1549 1559//1559
f 1594//1594 1615//1615 1644//1644
f 1799//1799 1706//1706 1755//1755
f 1725//1725 1686//1686 1837//1837
f 1720//1720 1797//1797 1572//1572
f 1618//1618 2467//2467 2022//2022
f 1618//1618 1579//1579 80//80
f 1648//1648 1016//1016 80//80
f 2134//2134 2152//2152 1636//1636
f 1611//1611 1632//1632 1631//1631
f 1761//1761 1434//1434 1470//1470
f 1559//1559 1577//1577 1594//1594
f 1603//1603 1615//1615 1594//1594
f 1615//1615 1645//1645 1644//1644
f 1637//1637 1662//1662 1645//1645
f 1662//1662 1199//1199 1092//1092
f 1199//1199 1149//1149 1092//1092
f 1451//1451 1108//1108 1149//1149
f 665//665 734//734 756//756
f 1865//1865 1700//1700 1714//1714
f 1709//1709 1841//1841 1794//1794
f 1618//1618 2022//2022 1579//1579
f 1648//1648 1413//1413 1369//1369
f 1521//1521 1648//1648 1369//1369
f 1520//1520 11//11 1401//1401
f 1446//1446 1470//1470 1434//1434
f 1798//1798 1691//1691 1754//1754
f 2063//2063 1544//1544 2073//2073
f 2073//2073 1544//1544 1549//1549
f 1594//1594 1577//1577 1603//1603
f 1615//1615 1637//1637 1645//1645
f 1637//1637 1199//1199 1662//1662
f 1427//1427 1149//1149 1199//1199
f 2167//2167 1108//1108 1451//1451
f 1997//1997 1673//1673 1705//1705
f 1706//1706 1799//1799 1705//1705
f 1841//1841 1709//1709 1757//1757
f 1604//1604 1579//1579 2022//2022
f 1579//1579 707//707 80//80
f 80//80 707//707 1648//1648
f 1520//1520 1401//1401 1491//1491
f 1649//1649 1520//1520 1491//1491
f 1435//1435 1434//1434 1885//1885
f 1470//1470 1469//1469 1461//1461
f 1481//1481 1508//1508 2024//2024
f 2370//2370 1544//1544 2063//2063
f 1549//1549 1568//1568 1559//1559
f 1559//1559 1568//1568 1577//1577
f 1603//1603 1610//1610 1615//1615
f 1615//1615 1610//1610 1637//1637
f 999//999 1199//1199 1637//1637
f 1451//1451 1149//1149 1427//1427
f 1137//1137 1825//1825 1148//1148
f 1706//1706 1705//1705 1673//1673
f 1138//1138 1604//1604 2116//2116
f 1138//1138 1579//1579 1604//1604
f 1413//1413 1648//1648 707//707
f 2360//2360 2024//2024 1508//1508
f 598//598 1075//1075 1116//1116
f 229//229 93//93 1468//1468
f 1839//1839 1479//1479 1684//1684
f 2216//2216 2229//2229 2224//2224
f 1610//1610 1625//1625 1637//1637
f 329//329 999//999 1637//1637
f 1199//1199 1017//1017 1427//1427
f 1017//1017 303//303 1427//1427
f 303//303 1451//1451 1427//1427
f 1792//1792 1754//1754 1777//1777
f 2309//2309 2391//2391 2301//2301
f 1655//1655 1138//1138 2116//2116
f 1138//1138 707//707 1579//1579
f 1649//1649 1491//1491 206//206
f 1406//1406 1885//1885 1398//1398
f 1406//1406 1419//1419 1885//1885
f 1419//1419 1435//1435 1885//1885
f 1434//1434 1435//1435 1446//1446
f 1470//1470 1481//1481 1469//1469
f 1577//1577 1583//1583 1603//1603
f 999//999 1017//1017 1199//1199
f 81//81 67//67 941//941
f 67//67 1650//1650 941//941
f 1259//1259 1815//1815 2164//2164
f 1619//1619 2116//2116 2045//2045
f 1424//1424 707//707 1138//1138
f 1702//1702 1649//1649 206//206
f 1687//1687 1406//1406 1398//1398
f 1477//1477 1481//1481 1470//1470
f 1568//1568 1569//1569 1577//1577
f 1577//1577 1569//1569 1583//1583
f 1603//1603 1583//1583 1610//1610
f 1625//1625 329//329 1637//1637
f 2167//2167 340//340 273//273
f 81//81 273//273 340//340
f 81//81 962//962 67//67
f 1547//1547 1619//1619 1488//1488
f 1830//1830 1739//1739 1770//1770
f 938//938 1424//1424 1138//1138
f 1424//1424 1413//1413 707//707
f 1527//1527 1649//1649 1702//1702
f 1527//1527 1520//1520 1649//1649
f 1527//1527 1268//1268 1520//1520
f 1250//1250 1406//1406 1687//1687
f 1441//1441 1353//1353 1115//1115
f 1203//1203 1413//1413 1051//1051
f 1250//1250 1419//1419 1406//1406
f 1477//1477 2372//2372 1481//1481
f 1481//1481 2372//2372 1508//1508
f 2449//2449 1560//1560 1568//1568
f 1549//1549 2449//2449 1568//1568
f 1568//1568 1560//1560 1569//1569
f 1569//1569 1584//1584 1583//1583
f 1652//1652 329//329 1625//1625
f 329//329 817//817 999//999
f 285//285 1017//1017 999//999
f 303//303 10//10 1451//1451
f 10//10 2167//2167 1451//1451
f 1412//1412 1650//1650 67//67
f 1412//1412 1488//1488 1650//1650
f 1547//1547 1023//1023 1619//1619
f 1023//1023 1655//1655 1619//1619
f 1655//1655 938//938 1138//1138
f 1456//1456 1413//1413 1424//1424
f 1457//1457 1470//1470 1446//1446
f 1457//1457 1477//1477 1470//1470
f 329//329 1652//1652 817//817
f 10//10 340//340 2167//2167
f 938//938 1546//1546 1424//1424
f 1546//1546 1456//1456 1424//1424
f 1259//1259 1548//1548 1779//1779
f 2052//2052 2031//2031 1990//1990
f 1440//1440 1202//1202 1478//1478
f 1428//1428 1419//1419 1250//1250
f 1428//1428 1435//1435 1419//1419
f 1428//1428 1446//1446 1435//1435
f 1934//1934 1935//1935 1955//1955
f 1560//1560 1584//1584 1569//1569
f 1610//1610 1638//1638 1625//1625
f 1638//1638 1652//1652 1625//1625
f 817//817 1077//1077 999//999
f 1077//1077 285//285 999//999
f 980//980 303//303 1017//1017
f 962//962 1412//1412 67//67
f 1494//1494 1023//1023 1547//1547
f 325//325 271//271 1270//1270
f 1443//1443 1511//1511 1496//1496
f 1450//1450 1268//1268 1527//1527
f 1514//1514 1353//1353 1441//1441
f 1287//1287 1446//1446 1428//1428
f 1446//1446 1287//1287 1457//1457
f 1305//1305 2372//2372 1477//1477
f 1992//1992 1990//1990 1991//1991
f 1992//1992 1991//1991 1971//1971
f 1971//1971 1991//1991 1955//1955
f 2449//2449 1549//1549 2418//2418
f 1583//1583 1616//1616 1610//1610
f 1610//1610 1616//1616 1638//1638
f 10//10 1396//1396 340//340
f 340//340 1445//1445 81//81
f 1445//1445 962//962 81//81
f 1790//1790 984//984 1753//1753
f 984//984 2148//2148 1753//1753
f 1588//1588 1713//1713 1770//1770
f 969//969 978//978 958//958
f 1741//1741 1779//1779 1703//1703
f 1758//1758 1846//1846 1754//1754
f 1827//1827 1819//1819 1029//1029
f 1818//1818 1530//1530 1712//1712
f 1750//1750 1566//1566 2127//2127
f 2459//2459 2434//2434 2483//2483
f 1798//1798 1720//1720 1771//1771
f 1794//1794 1841//1841 1803//1803
f 216//216 1755//1755 1810//1810
f 1098//1098 1735//1735 1748//1748
f 1735//1735 1497//1497 1748//1748
f 1502//1502 2102//2102 1601//1601
f 881//881 1502//1502 1601//1601
f 1455//1455 1839//1839 1744//1744
f 1706//1706 1709//1709 1680//1680
f 1212//1212 1741//1741 1703//1703
f 1788//1788 1969//1969 1671//1671
f 1075//1075 1074//1074 1692//1692
f 951//951 2500//2500 881//881
f 2490//2490 2486//2486 2463//2463
f 1748//1748 1497//1497 1781//1781
f 1721//1721 984//984 1840//1840
f 1815//1815 1259//1259 1741//1741
f 1626//1626 1756//1756 1837//1837
f 975//975 987//987 1542//1542
f 2230//2230 2236//2236 2235//2235
f 1772//1772 678//678 734//734
f 1542//1542 1671//1671 975//975
f 1806//1806 1772//1772 1780//1780
f 678//678 1772//1772 1806//1806
f 2218//2218 2225//2225 2268//2268
f 1828//1828 1732//1732 2007//2007
f 1526//1526 1688//1688 1531//1531
f 1752//1752 1526//1526 1554//1554
f 1844//1844 1818//1818 1712//1712
f 1823//1823 1846//1846 1804//1804
f 1781//1781 1669//1669 1704//1704
f 1721//1721 1779//1779 2143//2143
f 1770//1770 1670//1670 1526//1526
f 1497//1497 1669//1669 1781//1781
f 1098//1098 1713//1713 1735//1735
f 1742//1742 1815//1815 1741//1741
f 1526//1526 858//858 1875//1875
f 1599//1599 1531//1531 1688//1688
f 1803//1803 1790//1790 1558//1558
f 1703//1703 1721//1721 1683//1683
f 1832//1832 1766//1766 957//957
f 1542//1542 1679//1679 1671//1671
f 1679//1679 1788//1788 1671//1671
f 1927//1927 1819//1819 1827//1827
f 1718//1718 1745//1745 1739//1739
f 1684//1684 1022//1022 1839//1839
f 1459//1459 1283//1283 1299//1299
f 1022//1022 1410//1410 1418//1418
f 2368//2368 2393//2393 2326//2326
f 1669//1669 1497//1497 1776//1776
f 1875//1875 858//858 1212//1212
f 1739//1739 1745//1745 852//852
f 1964//1964 1918//1918 1461//1461
f 1356//1356 133//133 1331//1331
f 1765//1765 1829//1829 1468//1468
f 858//858 1742//1742 1741//1741
f 1006//1006 1674//1674 1021//1021
f 1723//1723 1936//1936 1935//1935
f 1468//1468 1713//1713 1098//1098
f 1724//1724 1678//1678 1476//1476
f 1680//1680 1783//1783 908//908
f 1731//1731 1543//1543 520//520
f 1683//1683 1721//1721 1840//1840
f 1467//1467 1679//1679 1542//1542
f 1812//1812 1708//1708 1846//1846
f 1679//1679 1975//1975 1788//1788
f 1713//1713 1830//1830 1770//1770
f 1803//1803 1722//1722 1790//1790
f 2301//2301 2391//2391 2349//2349
f 1713//1713 1588//1588 1735//1735
f 1836//1836 1530//1530 1818//1818
f 1837//1837 1756//1756 861//861
f 886//886 571//571 556//556
f 1181//1181 1805//1805 1812//1812
f 1706//1706 1680//1680 1755//1755
f 1677//1677 1729//1729 1775//1775
f 1776//1776 1787//1787 1669//1669
f 1526//1526 1670//1670 1672//1672
f 1727//1727 1770//1770 1526//1526
f 987//987 1467//1467 1542//1542
f 1567//1567 1704//1704 1137//1137
f 1693//1693 1865//1865 1714//1714
f 897//897 1762//1762 912//912
f 1135//1135 1697//1697 1062//1062
f 1697//1697 376//376 1062//1062
f 1543//1543 1731//1731 1678//1678
f 1793//1793 1679//1679 1467//1467
f 1777//1777 1602//1602 1760//1760
f 1846//1846 1798//1798 1754//1754
f 1835//1835 1096//1096 1677//1677
f 1033//1033 1030//1030 940//940
f 1450//1450 1527//1527 1702//1702
f 1717//1717 376//376 1697//1697
f 1711//1711 1717//1717 1697//1697
f 1717//1717 165//165 376//376
f 1840//1840 984//984 1790//1790
f 1669//1669 1746//1746 1704//1704
f 1669//1669 1682//1682 1746//1746
f 2301//2301 2349//2349 2308//2308
f 1882//1882 1444//1444 1898//1898
f 1820//1820 1789//1789 1730//1730
f 861//861 1380//1380 1566//1566
f 2301//2301 2308//2308 2266//2266
f 1771//1771 1543//1543 1691//1691
f 1958//1958 1659//1659 1651//1651
f 1697//1697 1360//1360 1711//1711
f 1711//1711 1737//1737 1717//1717
f 1717//1717 1737//1737 165//165
f 1790//1790 1753//1753 1558//1558
f 1668//1668 1696//1696 1663//1663
f 1360//1360 1702//1702 1711//1711
f 1702//1702 1707//1707 1711//1711
f 1707//1707 1737//1737 1711//1711
f 1737//1737 1751//1751 165//165
f 1444//1444 1782//1782 1693//1693
f 1716//1716 1787//1787 1599//1599
f 1744//1744 1839//1839 1022//1022
f 1898//1898 1444//1444 1785//1785
f 206//206 1707//1707 1702//1702
f 1764//1764 2468//2468 1751//1751
f 316//316 1844//1844 893//893
f 893//893 1844//1844 915//915
f 1845//1845 1804//1804 1758//1758
f 1380//1380 861//861 1756//1756
f 1780//1780 670//670 1021//1021
f 1714//1714 2172//2172 1763//1763
f 1783//1783 1558//1558 1663//1663
f 1750//1750 2127//2127 1465//1465
f 1798//1798 1771//1771 1691//1691
f 1691//1691 1543//1543 1724//1724
f 1872//1872 1910//1910 839//839
f 1737//1737 2044//2044 1751//1751
f 1751//1751 2044//2044 1764//1764
f 1757//1757 1701//1701 482//482
f 1725//1725 1602//1602 1777//1777
f 1836//1836 1845//1845 1530//1530
f 2102//2102 2470//2470 1503//1503
f 2496//2496 1899//1899 544//544
f 763//763 2484//2484 946//946
f 987//987 1719//1719 1467//1467
f 1845//1845 1758//1758 1792//1792
f 1725//1725 1837//1837 1602//1602
f 1872//1872 1866//1866 1873//1873
f 1712//1712 1530//1530 1760//1760
f 489//489 1799//1799 216//216
f 1760//1760 861//861 1750//1750
f 2068//2068 2466//2466 2460//2460
f 1696//1696 2159//2159 2168//2168
f 377//377 1377//1377 1280//1280
f 1797//1797 1676//1676 1572//1572
f 1581//1581 2053//2053 1572//1572
f 1676//1676 1581//1581 1572//1572
f 1764//1764 2498//2498 2468//2468
f 2468//2468 2498//2498 1994//1994
f 1861//1861 1695//1695 1860//1860
f 2481//2481 2004//2004 2495//2495
f 1826//1826 1677//1677 1523//1523
f 1670//1670 1739//1739 852//852
f 2234//2234 2269//2269 2253//2253
f 1724//1724 1543//1543 1678//1678
f 1658//1658 2168//2168 1791//1791
f 1397//1397 1747//1747 1719//1719
f 1696//1696 2168//2168 1658//1658
f 979//979 519//519 272//272
f 1774//1774 1975//1975 1679//1679
f 975//975 1671//1671 932//932
f 1787//1787 1716//1716 1682//1682
f 1835//1835 1826//1826 1747//1747
f 2501//2501 2469//2469 961//961
f 1810//1810 908//908 1791//1791
f 1982//1982 1768//1768 191//191
f 1137//1137 1704//1704 1825//1825
f 1804//1804 1846//1846 1758//1758
f 2004//2004 2044//2044 1737//1737
f 913//913 1969//1969 902//902
f 2498//2498 1795//1795 1801//1801
f 915//915 1844//1844 1712//1712
f 1689//1689 915//915 1712//1712
f 1740//1740 1752//1752 1541//1541
f 695//695 661//661 199//199
f 1865//1865 1693//1693 1782//1782
f 1824//1824 1464//1464 1809//1809
f 1829//1829 1765//1765 1718//1718
f 1816//1816 1768//1768 1982//1982
f 1816//1816 1622//1622 1768//1768
f 1622//1622 2165//2165 1681//1681
f 1768//1768 1622//1622 1681//1681
f 670//670 1772//1772 228//228
f 1283//1283 1459//1459 52//52
f 1785//1785 1444//1444 1749//1749
f 1675//1675 1075//1075 1685//1685
f 1567//1567 1781//1781 1704//1704
f 1858//1858 1857//1857 1848//1848
f 1526//1526 1752//1752 1688//1688
f 1791//1791 2160//2160 1810//1810
f 908//908 1658//1658 1791//1791
f 1813//1813 1773//1773 1558//1558
f 1845//1845 1792//1792 1530//1530
f 69//69 376//376 165//165
f 3//3 1832//1832 1834//1834
f 1722//1722 1516//1516 1507//1507
f 1801//1801 1821//1821 1994//1994
f 1833//1833 1982//1982 2046//2046
f 1821//1821 1833//1833 2046//2046
f 1833//1833 1816//1816 1982//1982
f 1022//1022 1785//1785 1749//1749
f 2160//2160 2170//2170 1810//1810
f 1147//1147 1719//1719 1726//1726
f 1683//1683 1840//1840 1507//1507
f 1467//1467 1719//1719 1793//1793
f 1795//1795 1802//1802 1801//1801
f 1802//1802 1811//1811 1801//1801
f 1801//1801 1811//1811 1821//1821
f 1690//1690 2165//2165 1622//1622
f 1934//1934 1480//1480 1925//1925
f 229//229 1468//1468 1091//1091
f 1780//1780 2164//2164 1742//1742
f 1672//1672 1742//1742 858//858
f 1833//1833 1417//1417 1816//1816
f 1417//1417 1622//1622 1816//1816
f 1831//1831 2165//2165 1690//1690
f 1668//1668 1663//1663 1558//1558
f 1719//1719 1747//1747 1826//1826
f 1760//1760 1750//1750 1664//1664
f 1817//1817 1690//1690 1622//1622
f 1530//1530 1792//1792 1777//1777
f 948//948 1796//1796 1802//1802
f 1796//1796 1811//1811 1802//1802
f 1515//1515 1817//1817 1622//1622
f 1695//1695 1861//1861 1831//1831
f 1783//1783 1663//1663 1658//1658
f 1749//1749 1410//1410 1022//1022
f 854//854 1796//1796 948//948
f 1811//1811 1842//1842 1833//1833
f 1821//1821 1811//1811 1833//1833
f 1833//1833 1842//1842 1417//1417
f 1622//1622 1417//1417 1515//1515
f 127//127 1804//1804 1845//1845
f 1686//1686 1626//1626 1837//1837
f 1608//1608 1690//1690 1817//1817
f 1523//1523 1775//1775 1762//1762
f 127//127 1845//1845 1836//1836
f 1812//1812 1805//1805 1708//1708
f 1523//1523 1677//1677 1775//1775
f 1780//1780 1772//1772 670//670
f 1758//1758 1754//1754 1792//1792
f 1204//1204 1796//1796 854//854
f 1822//1822 1842//1842 1811//1811
f 1608//1608 1831//1831 1690//1690
f 1822//1822 1811//1811 1796//1796
f 1842//1842 1416//1416 1417//1417
f 1417//1417 1416//1416 1515//1515
f 1515//1515 1608//1608 1817//1817
f 1728//1728 1831//1831 1608//1608
f 908//908 1783//1783 1658//1658
f 127//127 1836//1836 316//316
f 1805//1805 1148//1148 1824//1824
f 852//852 1745//1745 1672//1672
f 1478//1478 1093//1093 1928//1928
f 1822//1822 1843//1843 1842//1842
f 1843//1843 959//959 1842//1842
f 1842//1842 959//959 1416//1416
f 1728//1728 1695//1695 1831//1831
f 1728//1728 1860//1860 1695//1695
f 2346//2346 446//446 2337//2337
f 1602//1602 1837//1837 861//861
f 1087//1087 1096//1096 1835//1835
f 1708//1708 1824//1824 1809//1809
f 2004//2004 1737//1737 505//505
f 1567//1567 1748//1748 1781//1781
f 520//520 1543//1543 1883//1883
f 1760//1760 1664//1664 1712//1712
f 128//128 1336//1336 72//72
f 2053//2053 1883//1883 1543//1543
f 1822//1822 180//180 1843//1843
f 1786//1786 1608//1608 1515//1515
f 929//929 2462//2462 519//519
f 512//512 2402//2402 506//506
f 1212//1212 1703//1703 1683//1683
f 1830//1830 1829//1829 1739//1739
f 2053//2053 1543//1543 1771//1771
f 1416//1416 1769//1769 1515//1515
f 1769//1769 1786//1786 1515//1515
f 1786//1786 1728//1728 1608//1608
f 1712//1712 1808//1808 1689//1689
f 1794//1794 1558//1558 1783//1783
f 1497//1497 1735//1735 1776//1776
f 1127//1127 1567//1567 1137//1137
f 1123//1123 1748//1748 1567//1567
f 36//36 205//205 1185//1185
f 959//959 1734//1734 1416//1416
f 1738//1738 1733//1733 1541//1541
f 1774//1774 1762//1762 1974//1974
f 1752//1752 1554//1554 1541//1541
f 1752//1752 1740//1740 1688//1688
f 1526//1526 1875//1875 1554//1554
f 1468//1468 1829//1829 1830//1830
f 1755//1755 908//908 1810//1810
f 1716//1716 1599//1599 1814//1814
f 1806//1806 1780//1780 1742//1742
f 2308//2308 2349//2349 2340//2340
f 1832//1832 915//915 1689//1689
f 1713//1713 1468//1468 1830//1830
f 1814//1814 1599//1599 1346//1346
f 1832//1832 1689//1689 1766//1766
f 1022//1022 1684//1684 1785//1785
f 1093//1093 1153//1153 1116//1116
f 1672//1672 678//678 1742//1742
f 1675//1675 1685//1685 1093//1093
f 1841//1841 1743//1743 1722//1722
f 1814//1814 2053//2053 1581//1581
f 1464//1464 1746//1746 1809//1809
f 2485//2485 2497//2497 2493//2493
f 1416//1416 1734//1734 1769//1769
f 1665//1665 1728//1728 1786//1786
f 1665//1665 1951//1951 1728//1728
f 1951//1951 1860//1860 1728//1728
f 1951//1951 2094//2094 1860//1860
f 1844//1844 1836//1836 1818//1818
f 316//316 1836//1836 1844//1844
f 1776//1776 1531//1531 1787//1787
f 1719//1719 1826//1826 1793//1793
f 2147//2147 1401//1401 29//29
f 2111//2111 2121//2121 1548//1548
f 1741//1741 1259//1259 1779//1779
f 1843//1843 347//347 1834//1834
f 1843//1843 1734//1734 959//959
f 1766//1766 1769//1769 1734//1734
f 957//957 1766//1766 1734//1734
f 1766//1766 1786//1786 1769//1769
f 1766//1766 1689//1689 1786//1786
f 1689//1689 1665//1665 1786//1786
f 1754//1754 1691//1691 1777//1777
f 1507//1507 1840//1840 1790//1790
f 1761//1761 1470//1470 1461//1461
f 1523//1523 1679//1679 1793//1793
f 1091//1091 1468//1468 1098//1098
f 1820//1820 1730//1730 1838//1838
f 1843//1843 1834//1834 1734//1734
f 1808//1808 1951//1951 1665//1665
f 1588//1588 1727//1727 1531//1531
f 893//893 915//915 1832//1832
f 1523//1523 1774//1774 1679//1679
f 272//272 2488//2488 710//710
f 1093//1093 1116//1116 1675//1675
f 2340//2340 2349//2349 2348//2348
f 1832//1832 1734//1734 1834//1834
f 1832//1832 957//957 1734//1734
f 1951//1951 1808//1808 2094//2094
f 1685//1685 1692//1692 1505//1505
f 1043//1043 295//295 698//698
f 2143//2143 1779//1779 2121//2121
f 1689//1689 1808//1808 1665//1665
f 1693//1693 1714//1714 1763//1763
f 1738//1738 2157//2157 1516//1516
f 1114//1114 1921//1921 236//236
f 1268//1268 1333//1333 1520//1520
f 1149//1149 1108//1108 431//431
f 508//508 2144//2144 1912//1912
f 1957//1957 1108//1108 1537//1537
f 431//431 1108//1108 1957//1957
f 1018//1018 1108//1108 2167//2167
f 1338//1338 1957//1957 1681//1681
f 2163//2163 1957//1957 1338//1338
f 1983//1983 1390//1390 2093//2093
f 30//30 557//557 37//37
f 1714//1714 2173//2173 2172//2172
f 1983//1983 1984//1984 1390//1390
f 1984//1984 2065//2065 1390//1390
f 884//884 1762//1762 897//897
f 2065//2065 1984//1984 1214//1214
f 1950//1950 1974//1974 1762//1762
f 884//884 1950//1950 1762//1762
f 2012//2012 1698//1698 1861//1861
f 1214//1214 2116//2116 803//803
f 1950//1950 1938//1938 1974//1974
f 1938//1938 1967//1967 1974//1974
f 1900//1900 1761//1761 1461//1461
f 865//865 1929//1929 884//884
f 884//884 1929//1929 1950//1950
f 2062//2062 2071//2071 2042//2042
f 919//919 1985//1985 1732//1732
f 1593//1593 502//502 2146//2146
f 1995//1995 1213//1213 2098//2098
f 1522//1522 2476//2476 1651//1651
f 2174//2174 1849//1849 2175//2175
f 1480//1480 1989//1989 1499//1499
f 1929//1929 1938//1938 1950//1950
f 1605//1605 2058//2058 1574//1574
f 2097//2097 1605//1605 2133//2133
f 1912//1912 2014//2014 1886//1886
f 2092//2092 2082//2082 2083//2083
f 206//206 1930//1930 505//505
f 2101//2101 2100//2100 2092//2092
f 2073//2073 2101//2101 2092//2092
f 839//839 1910//1910 865//865
f 1910//1910 1901//1901 1929//1929
f 865//865 1910//1910 1929//1929
f 1967//1967 1788//1788 1975//1975
f 2073//2073 2092//2092 2063//2063
f 2101//2101 1593//1593 2100//2100
f 2015//2015 1876//1876 1698//1698
f 1853//1853 1884//1884 2014//2014
f 1831//1831 1698//1698 2165//2165
f 1316//1316 273//273 81//81
f 1901//1901 1920//1920 1929//1929
f 1929//1929 1920//1920 1938//1938
f 1920//1920 1968//1968 1967//1967
f 1938//1938 1920//1920 1967//1967
f 1849//1849 2174//2174 1700//1700
f 2173//2173 1700//1700 2174//2174
f 2062//2062 2072//2072 2091//2091
f 803//803 2467//2467 2059//2059
f 2239//2239 1736//1736 2240//2240
f 1505//1505 1357//1357 1685//1685
f 1358//1358 1686//1686 1476//1476
f 1967//1967 1968//1968 1788//1788
f 1968//1968 1969//1969 1788//1788
f 2065//2065 2110//2110 2156//2156
f 2065//2065 1214//1214 2110//2110
f 2110//2110 1214//1214 503//503
f 273//273 2093//2093 1018//1018
f 273//273 1983//1983 2093//2093
f 532//532 1886//1886 2155//2155
f 2034//2034 2021//2021 1947//1947
f 216//216 1810//1810 585//585
f 1912//1912 543//543 2014//2014
f 1390//1390 2051//2051 1537//1537
f 1872//1872 1873//1873 1910//1910
f 1984//1984 2045//2045 1214//1214
f 597//597 1912//1912 1886//1886
f 1593//1593 2146//2146 2100//2100
f 2071//2071 2062//2062 2090//2090
f 2034//2034 2046//2046 1982//1982
f 2034//2034 1947//1947 2046//2046
f 1214//1214 2045//2045 2116//2116
f 1873//1873 1887//1887 1910//1910
f 1887//1887 1901//1901 1910//1910
f 1562//1562 1447//1447 1106//1106
f 2163//2163 431//431 1957//1957
f 1948//1948 1972//1972 1936//1936
f 1972//1972 1948//1948 1992//1992
f 2014//2014 2015//2015 2013//2013
f 1853//1853 2014//2014 2013//2013
f 1550//1550 1884//1884 1853//1853
f 1947//1947 2468//2468 1994//1994
f 1355//1355 1550//1550 2154//2154
f 1355//1355 1884//1884 1550//1550
f 2081//2081 2108//2108 2128//2128
f 2024//2024 1965//1965 1492//1492
f 2024//2024 2032//2032 1965//1965
f 2116//2116 1604//1604 803//803
f 1901//1901 1911//1911 1920//1920
f 1939//1939 1968//1968 1920//1920
f 1911//1911 1939//1939 1920//1920
f 872//872 1626//1626 1666//1666
f 2062//2062 2091//2091 2120//2120
f 1819//1819 1927//1927 1759//1759
f 1021//1021 1674//1674 1780//1780
f 872//872 1673//1673 1756//1756
f 1550//1550 501//501 2171//2171
f 1378//1378 1550//1550 2171//2171
f 2146//2146 2162//2162 2145//2145
f 1358//1358 482//482 192//192
f 2109//2109 2120//2120 2119//2119
f 1866//1866 1872//1872 2227//2227
f 1391//1391 2012//2012 1860//1860
f 2136//2136 2137//2137 2161//2161
f 2162//2162 1661//1661 236//236
f 1887//1887 1894//1894 1901//1901
f 1901//1901 1894//1894 1911//1911
f 505//505 1707//1707 206//206
f 2120//2120 2137//2137 2136//2136
f 2142//2142 2164//2164 1674//1674
f 1860//1860 2012//2012 1861//1861
f 1894//1894 1939//1939 1911//1911
f 2080//2080 2060//2060 2118//2118
f 2162//2162 236//236 508//508
f 2164//2164 1815//1815 1742//1742
f 1018//1018 2093//2093 1537//1537
f 2154//2154 1378//1378 2161//2161
f 2041//2041 2098//2098 2491//2491
f 2043//2043 2042//2042 2032//2032
f 1108//1108 1018//1018 1537//1537
f 1465//1465 2094//2094 1808//1808
f 502//502 1643//1643 1661//1661
f 2467//2467 1618//1618 1656//1656
f 2119//2119 2136//2136 2135//2135
f 2119//2119 2108//2108 2071//2071
f 878//878 1183//1183 1195//1195
f 2101//2101 1594//1594 1593//1593
f 2033//2033 2370//2370 2063//2063
f 2482//2482 2491//2491 2098//2098
f 1282//1282 2406//2406 1275//1275
f 2003//2003 1948//1948 1956//1956
f 2043//2043 2032//2032 2024//2024
f 2025//2025 2043//2043 2024//2024
f 2154//2154 1550//1550 1378//1378
f 1795//1795 2498//2498 1764//1764
f 2142//2142 1548//1548 2164//2164
f 2431//2431 2454//2454 2422//2422
f 1981//1981 2011//2011 1993//1993
f 2349//2349 2391//2391 2362//2362
f 502//502 2162//2162 2146//2146
f 2025//2025 2024//2024 2360//2360
f 2129//2129 2120//2120 2091//2091
f 1732//1732 1985//1985 2007//2007
f 2171//2171 1308//1308 209//209
f 1930//1930 1995//1995 2041//2041
f 1390//1390 1238//1238 2051//2051
f 1866//1866 1878//1878 1887//1887
f 1878//1878 1894//1894 1887//1887
f 1965//1965 2032//2032 2011//2011
f 874//874 2480//2480 2492//2492
f 2071//2071 2108//2108 2069//2069
f 1358//1358 1731//1731 482//482
f 430//430 2021//2021 2034//2034
f 1965//1965 2003//2003 1964//1964
f 1855//1855 1889//1889 831//831
f 1668//1668 1773//1773 2150//2150
f 1390//1390 2156//2156 1238//1238
f 898//898 869//869 1903//1903
f 2391//2391 2407//2407 2362//2362
f 2121//2121 2111//2111 2074//2074
f 1548//1548 1259//1259 2164//2164
f 2099//2099 2129//2129 2091//2091
f 1550//1550 1853//1853 501//501
f 1853//1853 1852//1852 501//501
f 952//952 2017//2017 969//969
f 2085//2085 2121//2121 2074//2074
f 2130//2130 2006//2006 1391//1391
f 2144//2144 1367//1367 543//543
f 2100//2100 2146//2146 2099//2099
f 1545//1545 1319//1319 113//113
f 1903//1903 1922//1922 898//898
f 1922//1922 1931//1931 898//898
f 585//585 2170//2170 1641//1641
f 2007//2007 2017//2017 952//952
f 2017//2017 2074//2074 969//969
f 1558//1558 1753//1753 1813//1813
f 837//837 2005//2005 1517//1517
f 2005//2005 2006//2006 2130//2130
f 1532//1532 1474//1474 1528//1528
f 2003//2003 1981//1981 1948//1948
f 2070//2070 2071//2071 2069//2069
f 1922//1922 919//919 1931//1931
f 2017//2017 2085//2085 2074//2074
f 2085//2085 2104//2104 2121//2121
f 2100//2100 2099//2099 2082//2082
f 2156//2156 2110//2110 2034//2034
f 505//505 2474//2474 2004//2004
f 1903//1903 871//871 1922//1922
f 1922//1922 1952//1952 919//919
f 919//919 1952//1952 1985//1985
f 1985//1985 2001//2001 2007//2007
f 2001//2001 2036//2036 2017//2017
f 2007//2007 2001//2001 2017//2017
f 2017//2017 2036//2036 2085//2085
f 2036//2036 2047//2047 2085//2085
f 2047//2047 2075//2075 2085//2085
f 2075//2075 2104//2104 2085//2085
f 1948//1948 1993//1993 2023//2023
f 2400//2400 2422//2422 2407//2407
f 2011//2011 2070//2070 1993//1993
f 2033//2033 2043//2043 2025//2025
f 2012//2012 2015//2015 1698//1698
f 1876//1876 1338//1338 2165//2165
f 871//871 1940//1940 1922//1922
f 1985//1985 1976//1976 2001//2001
f 2121//2121 2104//2104 2143//2143
f 1051//1051 1413//1413 1456//1456
f 2358//2358 1362//1362 2379//2379
f 1859//1859 1789//1789 1870//1870
f 2090//2090 2109//2109 2071//2071
f 1405//1405 1398//1398 1885//1885
f 1886//1886 1884//1884 1355//1355
f 1922//1922 1960//1960 1952//1952
f 1952//1952 1960//1960 1985//1985
f 1960//1960 1976//1976 1985//1985
f 1956//1956 1948//1948 1936//1936
f 2135//2135 209//209 2128//2128
f 2157//2157 1875//1875 1212//1212
f 2160//2160 2168//2168 2169//2169
f 1900//1900 1461//1461 1918//1918
f 2001//2001 2018//2018 2036//2036
f 2075//2075 2086//2086 2104//2104
f 2111//2111 2142//2142 2103//2103
f 1937//1937 1956//1956 1936//1936
f 2023//2023 2070//2070 2061//2061
f 2135//2135 2128//2128 2108//2108
f 2042//2042 2071//2071 2011//2011
f 2138//2138 413//413 2383//2383
f 2033//2033 2072//2072 2043//2043
f 1922//1922 1940//1940 1960//1960
f 2070//2070 2069//2069 2061//2061
f 2069//2069 2108//2108 2061//2061
f 2108//2108 2119//2119 2135//2135
f 1855//1855 1904//1904 1889//1889
f 1889//1889 1904//1904 871//871
f 871//871 1904//1904 1940//1940
f 1976//1976 2018//2018 2001//2001
f 2036//2036 2018//2018 2047//2047
f 2122//2122 2143//2143 2104//2104
f 216//216 1642//1642 489//489
f 2148//2148 984//984 2143//2143
f 1975//1975 1974//1974 1967//1967
f 2157//2157 1683//1683 1516//1516
f 1614//1614 1593//1593 1594//1594
f 2269//2269 2270//2270 2276//2276
f 1926//1926 2147//2147 29//29
f 2082//2082 2091//2091 2072//2072
f 430//430 503//503 2059//2059
f 1904//1904 1905//1905 1940//1940
f 1940//1940 1961//1961 1960//1960
f 1961//1961 1976//1976 1960//1960
f 2087//2087 2086//2086 2075//2075
f 2065//2065 2156//2156 1390//1390
f 1820//1820 1838//1838 1900//1900
f 534//534 1308//1308 837//837
f 2167//2167 273//273 1018//1018
f 831//831 1850//1850 1855//1855
f 2019//2019 2037//2037 2018//2018
f 2018//2018 2037//2037 2047//2047
f 2037//2037 2075//2075 2047//2047
f 2086//2086 2095//2095 2104//2104
f 2095//2095 2122//2122 2104//2104
f 2122//2122 2148//2148 2143//2143
f 1926//1926 1213//1213 1995//1995
f 1405//1405 1885//1885 1761//1761
f 2006//2006 2013//2013 2012//2012
f 2211//2211 2233//2233 2216//2216
f 1855//1855 1890//1890 1904//1904
f 1904//1904 1895//1895 1905//1905
f 1905//1905 1932//1932 1940//1940
f 1961//1961 1977//1977 1976//1976
f 1976//1976 1986//1986 2018//2018
f 2484//2484 2476//2476 1518//1518
f 1870//1870 1411//1411 1859//1859
f 1548//1548 2142//2142 2111//2111
f 1904//1904 1890//1890 1895//1895
f 1895//1895 1932//1932 1905//1905
f 1940//1940 1932//1932 1961//1961
f 1976//1976 1977//1977 1986//1986
f 1986//1986 2008//2008 2018//2018
f 2018//2018 2008//2008 2019//2019
f 2087//2087 2075//2075 2037//2037
f 2087//2087 2095//2095 2086//2086
f 2094//2094 1391//1391 1860//1860
f 1852//1852 1853//1853 2006//2006
f 1853//1853 2013//2013 2006//2006
f 929//929 979//979 850//850
f 1855//1855 1874//1874 1890//1890
f 2008//2008 2028//2028 2019//2019
f 1993//1993 2070//2070 2023//2023
f 1705//1705 1799//1799 1998//1998
f 1491//1491 2147//2147 206//206
f 1851//1851 1856//1856 1855//1855
f 1895//1895 1890//1890 1874//1874
f 2038//2038 2019//2019 2028//2028
f 2038//2038 2048//2048 2037//2037
f 2019//2019 2038//2038 2037//2037
f 2048//2048 2067//2067 2087//2087
f 2037//2037 2048//2048 2087//2087
f 2087//2087 2067//2067 2095//2095
f 2095//2095 2149//2149 2122//2122
f 2149//2149 2148//2148 2122//2122
f 1308//1308 2005//2005 837//837
f 209//209 1308//1308 1387//1387
f 1601//1601 2102//2102 1927//1927
f 254//254 170//170 201//201
f 1800//1800 1403//1403 1763//1763
f 1510//1510 1346//1346 1740//1740
f 870//870 871//871 1903//1903
f 1919//1919 1650//1650 1619//1619
f 2148//2148 1667//1667 1753//1753
f 1932//1932 1923//1923 1961//1961
f 1977//1977 1953//1953 1986//1986
f 2067//2067 2112//2112 2095//2095
f 2112//2112 2149//2149 2095//2095
f 2148//2148 2149//2149 1667//1667
f 2422//2422 2421//2421 2407//2407
f 1926//1926 2026//2026 1213//1213
f 1912//1912 2144//2144 543//543
f 2128//2128 1387//1387 2153//2153
f 1733//1733 1510//1510 1740//1740
f 990//990 853//853 2489//2489
f 503//503 1214//1214 803//803
f 1921//1921 431//431 2163//2163
f 2146//2146 2145//2145 2129//2129
f 2144//2144 1921//1921 2163//2163
f 1855//1855 1856//1856 1874//1874
f 1895//1895 1923//1923 1932//1932
f 1923//1923 1941//1941 1961//1961
f 1961//1961 1941//1941 1977//1977
f 2048//2048 2076//2076 2067//2067
f 2076//2076 2113//2113 2067//2067
f 2067//2067 2113//2113 2112//2112
f 1723//1723 1900//1900 1937//1937
f 1870//1870 1900//1900 1723//1723
f 1367//1367 2163//2163 1338//1338
f 520//520 1346//1346 1510//1510
f 1698//1698 1831//1831 1861//1861
f 1984//1984 1919//1919 2045//2045
f 1895//1895 1891//1891 1923//1923
f 2008//2008 1986//1986 2028//2028
f 1948//1948 1981//1981 1993//1993
f 1883//1883 1346//1346 520//520
f 1883//1883 1814//1814 1346//1346
f 1930//1930 206//206 2147//2147
f 2499//2499 2486//2486 1447//1447
f 1891//1891 1906//1906 1923//1923
f 1923//1923 1953//1953 1941//1941
f 1953//1953 1977//1977 1941//1941
f 1953//1953 1987//1987 1986//1986
f 2113//2113 2123//2123 2112//2112
f 2123//2123 2149//2149 2112//2112
f 1387//1387 1308//1308 1226//1226
f 1599//1599 1688//1688 1346//1346
f 2093//2093 1390//1390 1537//1537
f 2003//2003 2011//2011 1981//1981
f 1987//1987 2028//2028 1986//1986
f 2038//2038 2049//2049 2048//2048
f 2048//2048 2049//2049 2076//2076
f 1813//1813 1667//1667 2149//2149
f 2123//2123 1813//1813 2149//2149
f 1461//1461 1469//1469 1964//1964
f 1757//1757 1510//1510 1743//1743
f 505//505 1930//1930 1999//1999
f 2223//2223 1784//1784 1789//1789
f 1532//1532 1522//1522 1651//1651
f 1906//1906 1913//1913 1923//1923
f 1913//1913 1943//1943 1923//1923
f 1943//1943 1942//1942 1923//1923
f 1923//1923 1942//1942 1953//1953
f 1942//1942 1987//1987 1953//1953
f 1308//1308 1852//1852 2005//2005
f 2053//2053 1814//1814 1883//1883
f 1733//1733 1740//1740 1541//1541
f 2154//2154 1886//1886 1355//1355
f 1503//1503 1528//1528 1474//1474
f 1874//1874 1879//1879 1895//1895
f 1895//1895 1879//1879 1891//1891
f 2076//2076 2124//2124 2113//2113
f 2113//2113 2124//2124 2123//2123
f 1896//1896 1891//1891 1879//1879
f 1891//1891 1896//1896 1906//1906
f 1942//1942 1962//1962 1987//1987
f 1962//1962 2009//2009 2028//2028
f 1987//1987 1962//1962 2028//2028
f 2009//2009 2038//2038 2028//2028
f 2109//2109 2119//2119 2071//2071
f 1918//1918 1956//1956 1937//1937
f 1851//1851 1864//1864 1856//1856
f 1896//1896 1897//1897 1906//1906
f 1906//1906 1897//1897 1913//1913
f 1943//1943 1962//1962 1942//1942
f 2049//2049 2077//2077 2076//2076
f 2124//2124 2125//2125 2123//2123
f 1930//1930 2147//2147 1926//1926
f 1902//1902 1894//1894 1878//1878
f 482//482 1510//1510 1757//1757
f 2129//2129 2137//2137 2120//2120
f 503//503 803//803 2059//2059
f 1847//1847 1857//1857 1851//1851
f 1851//1851 1857//1857 1864//1864
f 2039//2039 2038//2038 2009//2009
f 2038//2038 2039//2039 2049//2049
f 2076//2076 2077//2077 2124//2124
f 2150//2150 1813//1813 2123//2123
f 482//482 520//520 1510//1510
f 1994//1994 1821//1821 2046//2046
f 2044//2044 2004//2004 1764//1764
f 1864//1864 1867//1867 1856//1856
f 1867//1867 1874//1874 1856//1856
f 1897//1897 1944//1944 1913//1913
f 1943//1943 1944//1944 1962//1962
f 2124//2124 2126//2126 2125//2125
f 2150//2150 2123//2123 2125//2125
f 2099//2099 2146//2146 2129//2129
f 2041//2041 1995//1995 2098//2098
f 1605//1605 1641//1641 2151//2151
f 1847//1847 1959//1959 1857//1857
f 1874//1874 1867//1867 1879//1879
f 1913//1913 1944//1944 1943//1943
f 1944//1944 1963//1963 1962//1962
f 2077//2077 2096//2096 2124//2124
f 2096//2096 2126//2126 2124//2124
f 2126//2126 2150//2150 2125//2125
f 941//941 1650//1650 1919//1919
f 2135//2135 2136//2136 209//209
f 1884//1884 1886//1886 2014//2014
f 2049//2049 2029//2029 2077//2077
f 1388//1388 2127//2127 1389//1389
f 1389//1389 2127//2127 1566//1566
f 1930//1930 1926//1926 1995//1995
f 941//941 1919//1919 1316//1316
f 2110//2110 503//503 430//430
f 1867//1867 1880//1880 1879//1879
f 1879//1879 1880//1880 1896//1896
f 1897//1897 1907//1907 1944//1944
f 1963//1963 1978//1978 1962//1962
f 1962//1962 1978//1978 2009//2009
f 2039//2039 2029//2029 2049//2049
f 2077//2077 2078//2078 2096//2096
f 822//822 823//823 827//827
f 2166//2166 1668//1668 2150//2150
f 81//81 941//941 1316//1316
f 2204//2204 2216//2216 2203//2203
f 2011//2011 2071//2071 2070//2070
f 1880//1880 1892//1892 1896//1896
f 1892//1892 1907//1907 1897//1897
f 1896//1896 1892//1892 1897//1897
f 1907//1907 1914//1914 1944//1944
f 1978//1978 2010//2010 2009//2009
f 2010//2010 2039//2039 2009//2009
f 1688//1688 1740//1740 1346//1346
f 1789//1789 1820//1820 1870//1870
f 2130//2130 1391//1391 2094//2094
f 1944//1944 1945//1945 1963//1963
f 2029//2029 2078//2078 2077//2077
f 1767//1767 2150//2150 2126//2126
f 1767//1767 2166//2166 2150//2150
f 803//803 2022//2022 2467//2467
f 1503//1503 1927//1927 2102//2102
f 1914//1914 1954//1954 1944//1944
f 1944//1944 1954//1954 1945//1945
f 1963//1963 1970//1970 1978//1978
f 2078//2078 2105//2105 2096//2096
f 2105//2105 2126//2126 2096//2096
f 1965//1965 2011//2011 2003//2003
f 192//192 1626//1626 1358//1358
f 2101//2101 1559//1559 1594//1594
f 1930//1930 2041//2041 1999//1999
f 1698//1698 1876//1876 2165//2165
f 1398//1398 1871//1871 891//891
f 2165//2165 1338//1338 1681//1681
f 1970//1970 2010//2010 1978//1978
f 2010//2010 2030//2030 2029//2029
f 2039//2039 2010//2010 2029//2029
f 2030//2030 2055//2055 2078//2078
f 2029//2029 2030//2030 2078//2078
f 1849//1849 1848//1848 2175//2175
f 1871//1871 1862//1862 891//891
f 543//543 2015//2015 2014//2014
f 1857//1857 1858//1858 1864//1864
f 1864//1864 1858//1858 1867//1867
f 1963//1963 1945//1945 1970//1970
f 2055//2055 2088//2088 2078//2078
f 2078//2078 2088//2088 2105//2105
f 2105//2105 2131//2131 2126//2126
f 2126//2126 2131//2131 1767//1767
f 2063//2063 2083//2083 2033//2033
f 2161//2161 2171//2171 209//209
f 2032//2032 2042//2042 2011//2011
f 1813//1813 2150//2150 1773//1773
f 1914//1914 1908//1908 1954//1954
f 1970//1970 1979//1979 2010//2010
f 2088//2088 2131//2131 2105//2105
f 2015//2015 543//543 1876//1876
f 1694//1694 1692//1692 1048//1048
f 1395//1395 2207//2207 1859//1859
f 1395//1395 1393//1393 2207//2207
f 1730//1730 1784//1784 1736//1736
f 2500//2500 2466//2466 2470//2470
f 1709//1709 1701//1701 1757//1757
f 1945//1945 1979//1979 1970//1970
f 2030//2030 2050//2050 2055//2055
f 2350//2350 2317//2317 2286//2286
f 2154//2154 2155//2155 1886//1886
f 871//871 860//860 1889//1889
f 2161//2161 209//209 2136//2136
f 2497//2497 2463//2463 2493//2493
f 2190//2190 2204//2204 2203//2203
f 1800//1800 2179//2179 1404//1404
f 2477//2477 2469//2469 1385//1385
f 1385//1385 1715//1715 2477//2477
f 2128//2128 209//209 1387//1387
f 1858//1858 1868//1868 1867//1867
f 1867//1867 1881//1881 1880//1880
f 1893//1893 1892//1892 1880//1880
f 1881//1881 1893//1893 1880//1880
f 1893//1893 1907//1907 1892//1892
f 1907//1907 1908//1908 1914//1914
f 1954//1954 1979//1979 1945//1945
f 1979//1979 1980//1980 2010//2010
f 2131//2131 2159//2159 1767//1767
f 1765//1765 93//93 339//339
f 1761//1761 1877//1877 1405//1405
f 523//523 1347//1347 515//515
f 1541//1541 2157//2157 1738//1738
f 2144//2144 2163//2163 1367//1367
f 1380//1380 1389//1389 1566//1566
f 2317//2317 2392//2392 2316//2316
f 1994//1994 2498//2498 1801//1801
f 1867//1867 1868//1868 1881//1881
f 1980//1980 2050//2050 2030//2030
f 2010//2010 1980//1980 2030//2030
f 2050//2050 2089//2089 2055//2055
f 2055//2055 2089//2089 2088//2088
f 2088//2088 2114//2114 2131//2131
f 1538//1538 1651//1651 1659//1659
f 2145//2145 2155//2155 2129//2129
f 2140//2140 29//29 1928//1928
f 2370//2370 2033//2033 2025//2025
f 2252//2252 2239//2239 2240//2240
f 2239//2239 2252//2252 1862//1862
f 2392//2392 2391//2391 2316//2316
f 2469//2469 2501//2501 1385//1385
f 2477//2477 1715//1715 1710//1710
f 502//502 1614//1614 1643//1643
f 2438//2438 1227//1227 2431//2431
f 1915//1915 1907//1907 1893//1893
f 1915//1915 1908//1908 1907//1907
f 1954//1954 1908//1908 1979//1979
f 1908//1908 1988//1988 1979//1979
f 1979//1979 1988//1988 1980//1980
f 2114//2114 2159//2159 2131//2131
f 2155//2155 2154//2154 2129//2129
f 508//508 1966//1966 2144//2144
f 872//872 1756//1756 1626//1626
f 1710//1710 1715//1715 1505//1505
f 236//236 1966//1966 508//508
f 2272//2272 2284//2284 1398//1398
f 2325//2325 2355//2355 2319//2319
f 1548//1548 2121//2121 1779//1779
f 1532//1532 1528//1528 1522//1522
f 1980//1980 2056//2056 2050//2050
f 2050//2050 2056//2056 2089//2089
f 2013//2013 2015//2015 2012//2012
f 1964//1964 2003//2003 1956//1956
f 2006//2006 2012//2012 1391//1391
f 1565//1565 1927//1927 1503//1503
f 2244//2244 2243//2243 2226//2226
f 5//5 1715//1715 1385//1385
f 1858//1858 1848//1848 1868//1868
f 1915//1915 1946//1946 1908//1908
f 1946//1946 1988//1988 1908//1908
f 1980//1980 2020//2020 2056//2056
f 2115//2115 2159//2159 2114//2114
f 2092//2092 2083//2083 2063//2063
f 1398//1398 2284//2284 1687//1687
f 2162//2162 2155//2155 2145//2145
f 519//519 2475//2475 2488//2488
f 2158//2158 5//5 1385//1385
f 5//5 1505//1505 1715//1715
f 1692//1692 1694//1694 1505//1505
f 1988//1988 2020//2020 1980//1980
f 2115//2115 2169//2169 2159//2159
f 2169//2169 2168//2168 2159//2159
f 2083//2083 2082//2082 2072//2072
f 1316//1316 1984//1984 1983//1983
f 1488//1488 1619//1619 1650//1650
f 2083//2083 2072//2072 2033//2033
f 2361//2361 1210//1210 1233//1233
f 1933//1933 1946//1946 1915//1915
f 2056//2056 2079//2079 2089//2089
f 2088//2088 2115//2115 2114//2114
f 2099//2099 2091//2091 2082//2082
f 2162//2162 532//532 2155//2155
f 1852//1852 2006//2006 2005//2005
f 2023//2023 2061//2061 2052//2052
f 2176//2176 2184//2184 2175//2175
f 2162//2162 985//985 532//532
f 1909//1909 1893//1893 1881//1881
f 1909//1909 1915//1915 1893//1893
f 1988//1988 2040//2040 2020//2020
f 2040//2040 2056//2056 2020//2020
f 2089//2089 2079//2079 2088//2088
f 2088//2088 2079//2079 2115//2115
f 1782//1782 1444//1444 1882//1882
f 1216//1216 1215//1215 2320//2320
f 867//867 1939//1939 1894//1894
f 867//867 903//903 1939//1939
f 1372//1372 2398//2398 1379//1379
f 1863//1863 504//504 2027//2027
f 2158//2158 1385//1385 504//504
f 1868//1868 1782//1782 1881//1881
f 1909//1909 1933//1933 1915//1915
f 2040//2040 1988//1988 1946//1946
f 1481//1481 2024//2024 1492//1492
f 2120//2120 2136//2136 2119//2119
f 1522//1522 1528//1528 1518//1518
f 1871//1871 1398//1398 1405//1405
f 1221//1221 1408//1408 1399//1399
f 1357//1357 5//5 2158//2158
f 2179//2179 1800//1800 1763//1763
f 1868//1868 1865//1865 1782//1782
f 1882//1882 1881//1881 1782//1782
f 1882//1882 1909//1909 1881//1881
f 2040//2040 2057//2057 2056//2056
f 2106//2106 2079//2079 2056//2056
f 2057//2057 2106//2106 2056//2056
f 2106//2106 2132//2132 2079//2079
f 2132//2132 2115//2115 2079//2079
f 2115//2115 2132//2132 2169//2169
f 532//532 985//985 597//597
f 2092//2092 2100//2100 2082//2082
f 1210//1210 1221//1221 1399//1399
f 1399//1399 1233//1233 1210//1210
f 2130//2130 2002//2002 1517//1517
f 1849//1849 1865//1865 1868//1868
f 1933//1933 2040//2040 1946//1946
f 52//52 1269//1269 30//30
f 1667//1667 1813//1813 1753//1753
f 1997//1997 1380//1380 1673//1673
f 940//940 1008//1008 1088//1088
f 1947//1947 1994//1994 2046//2046
f 1882//1882 1916//1916 1909//1909
f 1924//1924 1933//1933 1909//1909
f 1533//1533 2040//2040 1933//1933
f 1533//1533 1534//1534 2040//2040
f 2058//2058 2040//2040 1534//1534
f 2058//2058 2057//2057 2040//2040
f 1238//1238 191//191 1768//1768
f 1997//1997 1389//1389 1380//1380
f 1875//1875 1541//1541 1554//1554
f 1854//1854 504//504 1863//1863
f 1854//1854 2158//2158 504//504
f 2396//2396 1275//1275 2406//2406
f 2426//2426 2443//2443 153//153
f 1916//1916 1924//1924 1909//1909
f 1925//1925 1935//1935 1934//1934
f 1870//1870 1723//1723 1426//1426
f 2058//2058 2097//2097 2057//2057
f 2097//2097 2106//2106 2057//2057
f 2132//2132 2151//2151 2169//2169
f 2151//2151 2160//2160 2169//2169
f 1106//1106 1635//1635 1562//1562
f 1957//1957 1768//1768 1681//1681
f 1957//1957 2051//2051 1768//1768
f 526//526 535//535 33//33
f 1614//1614 1594//1594 1609//1609
f 2233//2233 2229//2229 2216//2216
f 2496//2496 2027//2027 2084//2084
f 2496//2496 1863//1863 2027//2027
f 2117//2117 1854//1854 1863//1863
f 2016//2016 2158//2158 1854//1854
f 2016//2016 1504//1504 1357//1357
f 2158//2158 2016//2016 1357//1357
f 1114//1114 236//236 1661//1661
f 2129//2129 2154//2154 2137//2137
f 2133//2133 2106//2106 2097//2097
f 2491//2491 1999//1999 2041//2041
f 2051//2051 1238//1238 1768//1768
f 2061//2061 2108//2108 2081//2081
f 2189//2189 2195//2195 2186//2186
f 2348//2348 2349//2349 2362//2362
f 1701//1701 192//192 482//482
f 505//505 1737//1737 1707//1707
f 2133//2133 2132//2132 2106//2106
f 2132//2132 2133//2133 2151//2151
f 2151//2151 2170//2170 2160//2160
f 502//502 1661//1661 2162//2162
f 1998//1998 1389//1389 1997//1997
f 2297//2297 2352//2352 2329//2329
f 2352//2352 2364//2364 2329//2329
f 2394//2394 2414//2414 2364//2364
f 2352//2352 2394//2394 2364//2364
f 2402//2402 512//512 2415//2415
f 2255//2255 2254//2254 2243//2243
f 2446//2446 1365//1365 2456//2456
f 2271//2271 2282//2282 2298//2298
f 846//846 2283//2283 2264//2264
f 2293//2293 2310//2310 2318//2318
f 2254//2254 2295//2295 2294//2294
f 2283//2283 2290//2290 2278//2278
f 2270//2270 2294//2294 2293//2293
f 2423//2423 2455//2455 2400//2400
f 2281//2281 2287//2287 2267//2267
f 2190//2190 2191//2191 2204//2204
f 2271//2271 2263//2263 2282//2282
f 2334//2334 2329//2329 2364//2364
f 2424//2424 2432//2432 2409//2409
f 2282//2282 2263//2263 2298//2298
f 1409//1409 1659//1659 1958//1958
f 2263//2263 2302//2302 2298//2298
f 2297//2297 2329//2329 2296//2296
f 1256//1256 446//446 2346//2346
f 1958//1958 2502//2502 2478//2478
f 2437//2437 2399//2399 2444//2444
f 263//263 2366//2366 2359//2359
f 849//849 827//827 823//823
f 2311//2311 2325//2325 2290//2290
f 2499//2499 2379//2379 2434//2434
f 2446//2446 2456//2456 2423//2423
f 947//947 2358//2358 2379//2379
f 2499//2499 947//947 2379//2379
f 2205//2205 2195//2195 2212//2212
f 2245//2245 2237//2237 2227//2227
f 2245//2245 2256//2256 2237//2237
f 2256//2256 2263//2263 2271//2271
f 556//556 571//571 2305//2305
f 1528//1528 2068//2068 1518//1518
f 2424//2424 2439//2439 2432//2432
f 2302//2302 2352//2352 2297//2297
f 1866//1866 2237//2237 826//826
f 2248//2248 2242//2242 2211//2211
f 2334//2334 2364//2364 2363//2363
f 2235//2235 2244//2244 2226//2226
f 2255//2255 2295//2295 2254//2254
f 2329//2329 2324//2324 2296//2296
f 2439//2439 2447//2447 1973//1973
f 2329//2329 2334//2334 2324//2324
f 2409//2409 2432//2432 2414//2414
f 2293//2293 2318//2318 2276//2276
f 866//866 2425//2425 2416//2416
f 1487//1487 1493//1493 2372//2372
f 2237//2237 2231//2231 2230//2230
f 2415//2415 512//512 17//17
f 2035//2035 1236//1236 26//26
f 921//921 2138//2138 688//688
f 2491//2491 2482//2482 2462//2462
f 6//6 181//181 197//197
f 2481//2481 948//948 1795//1795
f 2138//2138 2383//2383 2382//2382
f 2377//2377 2394//2394 2352//2352
f 2377//2377 506//506 2394//2394
f 2394//2394 506//506 2402//2402
f 2401//2401 2402//2402 2415//2415
f 2394//2394 2402//2402 2401//2401
f 2318//2318 2326//2326 2276//2276
f 2439//2439 2457//2457 2432//2432
f 2298//2298 2302//2302 2297//2297
f 2244//2244 2249//2249 2243//2243
f 2404//2404 1100//1100 2382//2382
f 2238//2238 2245//2245 2227//2227
f 2245//2245 2257//2257 2256//2256
f 2257//2257 2263//2263 2256//2256
f 2324//2324 2334//2334 2328//2328
f 2257//2257 2289//2289 2263//2263
f 2289//2289 2302//2302 2263//2263
f 2236//2236 2231//2231 2250//2250
f 2138//2138 2382//2382 688//688
f 2383//2383 2404//2404 2382//2382
f 1100//1100 2404//2404 2343//2343
f 2353//2353 2352//2352 2302//2302
f 2353//2353 2377//2377 2352//2352
f 2237//2237 2230//2230 2220//2220
f 2335//2335 2355//2355 2325//2325
f 2308//2308 2340//2340 2315//2315
f 2253//2253 2269//2269 2276//2276
f 2311//2311 2335//2335 2325//2325
f 2439//2439 2424//2424 511//511
f 2268//2268 2267//2267 2248//2248
f 2383//2383 413//413 2404//2404
f 123//123 971//971 832//832
f 2234//2234 2243//2243 2269//2269
f 2225//2225 2213//2213 2234//2234
f 2219//2219 2213//2213 2225//2225
f 2195//2195 2196//2196 2212//2212
f 1544//1544 2418//2418 1549//1549
f 413//413 866//866 2404//2404
f 2404//2404 866//866 2416//2416
f 2416//2416 2417//2417 2404//2404
f 2404//2404 2417//2417 2343//2343
f 2415//2415 2409//2409 2401//2401
f 2196//2196 2219//2219 2212//2212
f 2268//2268 2248//2248 2218//2218
f 2206//2206 2214//2214 2197//2197
f 2417//2417 2332//2332 2343//2343
f 2343//2343 2332//2332 832//832
f 2330//2330 2302//2302 2289//2289
f 2330//2330 2353//2353 2302//2302
f 2453//2453 2454//2454 515//515
f 2218//2218 2248//2248 2217//2217
f 2218//2218 2217//2217 2205//2205
f 2276//2276 2281//2281 2268//2268
f 2178//2178 2197//2197 2177//2177
f 2197//2197 2189//2189 2177//2177
f 2332//2332 2066//2066 832//832
f 832//832 2066//2066 123//123
f 2231//2231 2236//2236 2230//2230
f 669//669 950//950 1144//1144
f 2217//2217 2211//2211 2199//2199
f 1216//1216 1209//1209 1217//1217
f 2066//2066 2365//2365 123//123
f 2230//2230 2226//2226 2214//2214
f 2290//2290 2325//2325 2304//2304
f 2325//2325 2319//2319 2304//2304
f 2217//2217 2248//2248 2211//2211
f 2191//2191 2192//2192 2199//2199
f 510//510 525//525 2035//2035
f 2417//2417 1917//1917 2332//2332
f 2332//2332 1917//1917 2066//2066
f 2408//2408 2413//2413 2341//2341
f 2248//2248 2267//2267 2242//2242
f 2326//2326 2333//2333 2281//2281
f 1340//1340 2365//2365 2066//2066
f 2440//2440 1302//1302 1340//1340
f 2226//2226 2230//2230 2235//2235
f 1153//1153 1163//1163 1116//1116
f 2431//2431 2455//2455 2438//2438
f 2416//2416 2425//2425 2417//2417
f 2495//2495 2474//2474 2462//2462
f 2290//2290 2304//2304 2277//2277
f 825//825 2227//2227 1872//1872
f 151//151 239//239 1038//1038
f 9//9 151//151 1038//1038
f 545//545 928//928 2381//2381
f 2440//2440 2406//2406 1384//1384
f 928//928 1596//1596 2381//2381
f 2186//2186 2188//2188 2185//2185
f 2456//2456 26//26 1888//1888
f 2287//2287 2333//2333 2262//2262
f 2425//2425 2342//2342 2417//2417
f 2342//2342 1917//1917 2417//2417
f 1917//1917 877//877 2066//2066
f 2336//2336 1340//1340 2066//2066
f 2336//2336 2440//2440 1340//1340
f 2328//2328 2351//2351 2327//2327
f 825//825 2238//2238 2227//2227
f 2351//2351 2368//2368 2327//2327
f 1222//1222 2388//2388 1211//1211
f 678//678 756//756 734//734
f 428//428 263//263 1343//1343
f 2188//2188 2191//2191 2190//2190
f 2341//2341 2376//2376 2333//2333
f 2066//2066 877//877 2336//2336
f 2290//2290 2277//2277 2278//2278
f 739//739 634//634 592//592
f 675//675 304//304 14//14
f 2384//2384 675//675 14//14
f 2199//2199 2211//2211 2204//2204
f 2191//2191 2199//2199 2204//2204
f 2322//2322 2318//2318 2310//2310
f 2287//2287 2262//2262 2233//2233
f 2185//2185 2188//2188 2184//2184
f 2386//2386 2425//2425 845//845
f 2384//2384 572//572 675//675
f 1128//1128 123//123 2365//2365
f 832//832 971//971 2343//2343
f 2188//2188 2186//2186 2191//2191
f 2185//2185 2184//2184 2176//2176
f 2345//2345 1917//1917 2342//2342
f 2345//2345 877//877 1917//1917
f 2336//2336 2406//2406 2440//2440
f 971//971 1100//1100 2343//2343
f 2299//2299 2289//2289 2257//2257
f 2299//2299 2303//2303 2289//2289
f 2249//2249 2255//2255 2243//2243
f 506//506 513//513 512//512
f 2437//2437 955//955 1219//1219
f 1587//1587 2398//2398 1324//1324
f 877//877 2396//2396 2336//2336
f 2336//2336 2396//2396 2406//2406
f 2463//2463 2479//2479 879//879
f 2376//2376 2412//2412 2350//2350
f 2281//2281 2267//2267 2268//2268
f 2303//2303 2330//2330 2289//2289
f 624//624 635//635 159//159
f 1996//1996 2356//2356 1561//1561
f 2449//2449 2436//2436 1996//1996
f 2356//2356 2054//2054 2451//2451
f 928//928 2398//2398 1587//1587
f 2333//2333 2350//2350 2262//2262
f 2035//2035 26//26 2456//2456
f 2346//2346 2342//2342 2425//2425
f 2346//2346 2345//2345 2342//2342
f 1544//1544 2380//2380 2418//2418
f 2412//2412 2392//2392 2350//2350
f 622//622 509//509 1151//1151
f 2436//2436 2054//2054 1996//1996
f 545//545 2451//2451 928//928
f 2326//2326 2341//2341 2333//2333
f 2346//2346 2425//2425 2386//2386
f 1365//1365 2035//2035 2456//2456
f 2369//2369 2377//2377 2353//2353
f 2369//2369 506//506 2377//2377
f 2451//2451 900//900 928//928
f 900//900 2398//2398 928//928
f 1235//1235 1888//1888 1244//1244
f 2337//2337 2345//2345 2346//2346
f 877//877 772//772 2396//2396
f 772//772 1275//1275 2396//2396
f 2432//2432 2446//2446 2414//2414
f 2294//2294 2295//2295 2310//2310
f 2369//2369 2330//2330 828//828
f 2418//2418 2419//2419 2436//2436
f 2450//2450 2429//2429 2436//2436
f 2436//2436 2429//2429 2054//2054
f 2490//2490 2494//2494 1656//1656
f 1321//1321 155//155 2338//2338
f 1256//1256 2346//2346 2386//2386
f 2448//2448 877//877 2345//2345
f 877//877 2448//2448 772//772
f 2446//2446 2423//2423 2414//2414
f 2351//2351 2334//2334 2363//2363
f 2243//2243 2254//2254 2269//2269
f 2380//2380 2419//2419 2418//2418
f 2419//2419 2450//2450 2436//2436
f 2283//2283 2278//2278 2264//2264
f 822//822 2197//2197 823//823
f 1008//1008 1759//1759 1565//1565
f 2448//2448 2345//2345 2337//2337
f 2270//2270 2293//2293 2276//2276
f 2323//2323 2324//2324 2328//2328
f 2429//2429 1012//1012 2054//2054
f 2226//2226 2243//2243 2213//2213
f 2395//2395 325//325 772//772
f 2370//2370 2367//2367 2380//2380
f 2054//2054 2435//2435 2451//2451
f 2435//2435 2397//2397 2451//2451
f 2451//2451 2397//2397 900//900
f 1774//1774 1974//1974 1975//1975
f 2305//2305 2290//2290 2283//2283
f 846//846 2305//2305 2283//2283
f 2320//2320 1215//1215 2285//2285
f 2139//2139 2448//2448 2337//2337
f 2448//2448 2395//2395 772//772
f 1232//1232 1231//1231 1216//1216
f 2272//2272 2285//2285 2284//2284
f 2367//2367 2371//2371 2380//2380
f 2371//2371 2405//2405 2380//2380
f 2380//2380 2405//2405 2419//2419
f 2419//2419 2429//2429 2450//2450
f 2429//2429 176//176 1012//1012
f 2397//2397 2373//2373 900//900
f 2373//2373 2398//2398 900//900
f 2373//2373 1379//1379 2398//2398
f 2372//2372 1500//1500 1508//1508
f 1133//1133 1303//1303 1142//1142
f 2252//2252 2273//2273 2272//2272
f 891//891 2252//2252 2272//2272
f 2419//2419 2405//2405 2429//2429
f 2405//2405 2430//2430 2429//2429
f 2429//2429 2430//2430 176//176
f 2189//2189 2186//2186 2181//2181
f 2212//2212 2219//2219 2218//2218
f 2312//2312 2139//2139 2337//2337
f 2139//2139 2384//2384 2448//2448
f 2448//2448 2384//2384 2395//2395
f 899//899 855//855 843//843
f 2272//2272 2273//2273 2285//2285
f 2331//2331 2303//2303 2299//2299
f 176//176 2435//2435 2054//2054
f 1012//1012 176//176 2054//2054
f 2177//2177 2185//2185 2176//2176
f 2218//2218 2219//2219 2225//2225
f 1216//1216 1220//1220 1215//1215
f 2378//2378 2139//2139 2312//2312
f 2384//2384 14//14 2395//2395
f 2324//2324 2295//2295 2255//2255
f 2240//2240 2273//2273 2252//2252
f 2371//2371 2387//2387 2405//2405
f 2410//2410 2430//2430 2405//2405
f 2430//2430 2442//2442 176//176
f 2435//2435 2344//2344 2397//2397
f 2397//2397 2344//2344 2373//2373
f 2456//2456 1888//1888 2455//2455
f 2242//2242 2267//2267 2233//2233
f 2233//2233 2262//2262 2229//2229
f 2378//2378 2384//2384 2139//2139
f 2323//2323 2310//2310 2295//2295
f 2323//2323 2322//2322 2310//2310
f 2240//2240 2274//2274 2273//2273
f 974//974 841//841 990//990
f 2490//2490 1447//1447 2486//2486
f 2387//2387 2410//2410 2405//2405
f 2442//2442 2141//2141 176//176
f 2344//2344 1778//1778 2373//2373
f 972//972 1379//1379 2373//2373
f 1778//1778 972//972 2373//2373
f 1379//1379 972//972 428//428
f 1211//1211 2437//2437 1223//1223
f 1228//1228 1215//1215 1220//1220
f 702//702 2378//2378 2312//2312
f 17//17 518//518 2415//2415
f 1888//1888 26//26 1244//1244
f 2324//2324 2323//2323 2295//2295
f 2305//2305 2311//2311 2290//2290
f 2307//2307 2285//2285 2273//2273
f 2274//2274 2307//2307 2273//2273
f 2307//2307 2320//2320 2285//2285
f 2369//2369 531//531 506//506
f 2435//2435 2258//2258 2344//2344
f 2296//2296 2324//2324 2288//2288
f 1233//1233 1217//1217 2361//2361
f 2360//2360 2371//2371 2367//2367
f 2410//2410 2442//2442 2430//2430
f 176//176 2141//2141 2258//2258
f 176//176 2258//2258 2435//2435
f 539//539 2331//2331 66//66
f 2350//2350 2392//2392 2317//2317
f 2268//2268 2225//2225 2253//2253
f 1508//1508 1500//1500 2371//2371
f 2360//2360 1508//1508 2371//2371
f 2371//2371 1500//1500 2387//2387
f 972//972 2366//2366 428//428
f 1626//1626 1686//1686 1358//1358
f 1759//1759 1807//1807 1819//1819
f 2277//2277 2257//2257 2245//2245
f 2277//2277 2299//2299 2257//2257
f 1784//1784 2228//2228 1736//1736
f 2265//2265 2240//2240 1736//1736
f 2228//2228 2265//2265 1736//1736
f 2265//2265 2274//2274 2240//2240
f 1209//1209 2320//2320 2307//2307
f 2320//2320 1209//1209 1216//1216
f 1555//1555 1584//1584 1560//1560
f 2387//2387 1500//1500 2372//2372
f 2410//2410 2420//2420 2442//2442
f 2433//2433 972//972 1778//1778
f 2433//2433 2366//2366 972//972
f 955//955 522//522 1225//1225
f 2339//2339 2307//2307 2274//2274
f 2372//2372 1493//1493 2387//2387
f 2411//2411 2420//2420 2410//2410
f 2420//2420 954//954 2442//2442
f 2442//2442 954//954 2141//2141
f 2344//2344 2433//2433 1778//1778
f 2205//2205 2212//2212 2218//2218
f 2328//2328 2334//2334 2351//2351
f 2394//2394 2401//2401 2414//2414
f 2250//2250 2256//2256 2271//2271
f 2339//2339 1209//1209 2307//2307
f 2328//2328 2322//2322 2323//2323
f 866//866 845//845 2425//2425
f 3//3 316//316 893//893
f 2387//2387 2411//2411 2410//2410
f 2441//2441 2141//2141 954//954
f 2141//2141 2441//2441 2258//2258
f 2354//2354 2433//2433 2344//2344
f 2254//2254 2294//2294 2270//2270
f 2269//2269 2254//2254 2270//2270
f 863//863 2305//2305 846//846
f 2441//2441 2354//2354 2258//2258
f 2258//2258 2354//2354 2344//2344
f 2319//2319 2355//2355 51//51
f 2223//2223 2228//2228 1784//1784
f 1493//1493 2411//2411 2387//2387
f 1560//1560 2449//2449 1555//1555
f 2288//2288 2324//2324 2255//2255
f 825//825 2251//2251 2238//2238
f 2251//2251 2245//2245 2238//2238
f 1299//1299 84//84 1312//1312
f 2246//2246 2265//2265 2228//2228
f 2313//2313 2274//2274 2265//2265
f 2313//2313 2339//2339 2274//2274
f 2251//2251 2277//2277 2245//2245
f 2319//2319 51//51 2331//2331
f 891//891 1862//1862 2252//2252
f 2443//2443 954//954 2420//2420
f 2443//2443 2441//2441 954//954
f 511//511 2447//2447 2439//2439
f 2242//2242 2233//2233 2211//2211
f 188//188 15//15 814//814
f 2443//2443 2426//2426 2441//2441
f 2426//2426 2354//2354 2441//2441
f 2306//2306 2403//2403 2433//2433
f 2433//2433 2403//2403 2366//2366
f 539//539 2303//2303 2331//2331
f 2246//2246 2228//2228 2223//2223
f 1030//1030 1819//1819 1807//1807
f 2354//2354 2306//2306 2433//2433
f 2413//2413 2412//2412 2376//2376
f 2438//2438 2455//2455 1888//1888
f 1848//1848 1857//1857 2176//2176
f 2207//2207 2208//2208 2223//2223
f 2208//2208 2246//2246 2223//2223
f 1209//1209 2339//2339 1217//1217
f 2339//2339 2361//2361 1217//1217
f 1221//1221 1210//1210 2388//2388
f 554//554 109//109 78//78
f 386//386 1375//1375 95//95
f 2327//2327 2326//2326 2318//2318
f 2179//2179 2182//2182 1393//1393
f 2182//2182 2208//2208 1393//1393
f 1393//1393 2208//2208 2207//2207
f 2361//2361 2399//2399 2388//2388
f 2388//2388 2399//2399 1211//1211
f 2306//2306 2354//2354 2426//2426
f 2403//2403 2359//2359 2366//2366
f 2214//2214 2226//2226 2213//2213
f 2268//2268 2253//2253 2276//2276
f 889//889 2200//2200 2179//2179
f 2200//2200 2182//2182 2179//2179
f 2200//2200 2221//2221 2182//2182
f 2221//2221 2208//2208 2182//2182
f 2314//2314 2265//2265 2246//2246
f 2314//2314 2313//2313 2265//2265
f 2339//2339 2374//2374 2361//2361
f 2478//2478 2434//2434 2379//2379
f 2205//2205 2217//2217 2199//2199
f 2208//2208 2259//2259 2246//2246
f 2259//2259 2275//2275 2246//2246
f 2314//2314 2321//2321 2313//2313
f 2313//2313 2347//2347 2339//2339
f 2347//2347 2374//2374 2339//2339
f 2374//2374 2399//2399 2361//2361
f 153//153 154//154 2426//2426
f 154//154 2306//2306 2426//2426
f 2385//2385 2359//2359 2403//2403
f 2221//2221 2259//2259 2208//2208
f 2306//2306 2357//2357 2403//2403
f 2357//2357 2385//2385 2403//2403
f 2237//2237 2256//2256 2231//2231
f 2172//2172 2180//2180 889//889
f 2180//2180 2200//2200 889//889
f 2200//2200 2201//2201 2221//2221
f 2246//2246 2291//2291 2314//2314
f 2374//2374 2444//2444 2399//2399
f 571//571 555//555 2311//2311
f 2192//2192 2205//2205 2199//2199
f 2173//2173 2180//2180 2172//2172
f 2279//2279 2246//2246 2275//2275
f 2279//2279 2291//2291 2246//2246
f 2292//2292 2314//2314 2291//2291
f 2321//2321 2362//2362 2313//2313
f 2362//2362 2347//2347 2313//2313
f 2347//2347 2389//2389 2374//2374
f 2444//2444 955//955 2437//2437
f 2292//2292 2291//2291 2279//2279
f 2452//2452 2444//2444 2374//2374
f 2054//2054 2356//2356 1996//1996
f 2338//2338 2306//2306 154//154
f 2186//2186 2192//2192 2191//2191
f 2193//2193 2201//2201 2200//2200
f 2259//2259 2221//2221 2201//2201
f 2247//2247 2259//2259 2201//2201
f 2452//2452 955//955 2444//2444
f 2278//2278 2277//2277 2251//2251
f 2338//2338 2357//2357 2306//2306
f 2181//2181 2186//2186 2185//2185
f 2276//2276 2326//2326 2281//2281
f 2432//2432 2457//2457 2446//2446
f 2198//2198 2201//2201 2193//2193
f 2198//2198 2232//2232 2201//2201
f 2232//2232 2247//2247 2201//2201
f 2389//2389 2452//2452 2374//2374
f 2452//2452 1630//1630 955//955
f 1403//1403 1749//1749 1444//1444
f 1555//1555 1996//1996 1561//1561
f 2357//2357 2427//2427 2385//2385
f 2385//2385 2428//2428 230//230
f 2409//2409 2415//2415 2424//2424
f 2304//2304 2331//2331 2299//2299
f 2193//2193 2200//2200 2180//2180
f 2445//2445 2452//2452 2389//2389
f 1565//1565 1759//1759 1927//1927
f 2380//2380 1544//1544 2370//2370
f 2338//2338 2427//2427 2357//2357
f 2427//2427 2428//2428 2385//2385
f 230//230 222//222 253//253
f 2202//2202 2198//2198 2193//2193
f 2202//2202 2209//2209 2198//2198
f 2209//2209 2241//2241 2198//2198
f 2241//2241 2232//2232 2198//2198
f 2266//2266 2275//2275 2259//2259
f 2365//2365 1340//1340 1128//1128
f 2415//2415 518//518 2424//2424
f 2338//2338 170//170 2427//2427
f 170//170 2428//2428 2427//2427
f 2181//2181 2185//2185 2177//2177
f 2196//2196 2195//2195 2189//2189
f 2183//2183 2193//2193 2180//2180
f 2453//2453 1630//1630 2452//2452
f 2197//2197 2214//2214 2189//2189
f 2401//2401 2409//2409 2414//2414
f 822//822 2220//2220 2197//2197
f 1210//1210 2361//2361 2388//2388
f 2187//2187 2193//2193 2183//2183
f 2187//2187 2202//2202 2193//2193
f 2266//2266 2279//2279 2275//2275
f 2279//2279 2300//2300 2292//2292
f 2375//2375 2347//2347 2362//2362
f 2375//2375 2390//2390 2347//2347
f 2390//2390 2389//2389 2347//2347
f 2453//2453 2452//2452 2445//2445
f 1347//1347 1630//1630 2453//2453
f 1630//1630 1347//1347 522//522
f 2220//2220 2206//2206 2197//2197
f 2262//2262 2350//2350 2286//2286
f 170//170 254//254 2428//2428
f 2457//2457 1973//1973 2446//2446
f 1973//1973 1365//1365 2446//2446
f 2174//2174 2183//2183 2180//2180
f 2194//2194 2202//2202 2187//2187
f 2222//2222 2241//2241 2209//2209
f 2222//2222 2260//2260 2241//2241
f 2266//2266 2259//2259 2247//2247
f 2390//2390 2445//2445 2389//2389
f 2264//2264 2251//2251 825//825
f 2363//2363 2368//2368 2351//2351
f 2326//2326 2393//2393 2341//2341
f 1855//1855 1850//1850 1851//1851
f 2210//2210 2209//2209 2202//2202
f 2210//2210 2222//2222 2209//2209
f 2261//2261 2260//2260 2222//2222
f 2280//2280 2279//2279 2266//2266
f 2280//2280 2300//2300 2279//2279
f 251//251 263//263 2359//2359
f 2277//2277 2304//2304 2299//2299
f 2220//2220 2230//2230 2206//2206
f 2202//2202 2194//2194 2210//2210
f 2213//2213 2243//2243 2234//2234
f 2328//2328 2327//2327 2322//2322
f 2294//2294 2310//2310 2293//2293
f 2214//2214 2196//2196 2189//2189
f 2196//2196 2213//2213 2219//2219
f 2224//2224 2222//2222 2210//2210
f 2421//2421 2390//2390 2375//2375
f 2206//2206 2230//2230 2214//2214
f 2194//2194 2203//2203 2210//2210
f 2224//2224 2261//2261 2222//2222
f 2421//2421 2445//2445 2390//2390
f 2322//2322 2327//2327 2318//2318
f 2393//2393 2408//2408 2341//2341
f 1365//1365 1973//1973 510//510
f 2216//2216 2210//2210 2203//2203
f 2216//2216 2224//2224 2210//2210
f 2266//2266 2308//2308 2280//2280
f 2280//2280 2308//2308 2300//2300
f 2407//2407 2421//2421 2375//2375
f 2175//2175 2183//2183 2174//2174
f 2194//2194 2190//2190 2203//2203
f 2454//2454 2445//2445 2421//2421
f 522//522 1347//1347 523//523
f 2456//2456 2455//2455 2423//2423
f 823//823 2197//2197 2178//2178
f 2281//2281 2333//2333 2287//2287
f 2188//2188 2187//2187 2183//2183
f 2188//2188 2190//2190 2194//2194
f 2187//2187 2188//2188 2194//2194
f 2308//2308 2315//2315 2300//2300
f 2407//2407 2375//2375 2362//2362
f 2443//2443 2420//2420 2503//2503
f 2420//2420 2411//2411 2503//2503
f 2411//2411 1493//1493 2503//2503
f 1493//1493 1487//1487 2503//2503
f 1487//1487 1318//1318 2503//2503
f 1318//1318 1320//1320 2503//2503
f 1320//1320 2443//2443 2503//2503
# 4968 faces, 0 coords texture

# End of File
