####
#
# OBJ File Generated by Meshlab
#
####
# Object rooster.obj
#
# Vertices: 2427
# Faces: 4391
#
####

vn 0.7611274 0.6072574 0.2278675
v 23.7851772 44.6296349 23.7577953
vn 0.1598480 0.9793876 0.1234856
v 23.1515045 45.0218544 23.6477089
vn 0.1370169 0.9261641 0.3513496
v 23.1349697 44.9983711 23.8553658
vn 0.6679489 0.5975500 0.4435970
v 23.7204151 44.6360130 23.9571247
vn -0.5385612 0.8291789 0.1497137
v 22.4153728 44.8635826 23.6751671
vn -0.4795870 0.7935848 0.3744591
v 22.4549465 44.8521538 23.8807926
vn -0.9248881 0.2446827 0.2910539
v 22.0081863 44.2474937 23.8242207
vn -0.8208208 0.2774180 0.4992920
v 22.0787067 44.2829742 24.0184822
vn -0.7729253 -0.4317847 0.4649176
v 22.1683636 43.5345345 24.0075397
vn -0.6866200 -0.3198481 0.6528785
v 22.2266636 43.6242828 24.1878128
vn -0.1716791 -0.8039814 0.5693331
v 22.8021126 43.1423225 24.1176777
vn -0.1556990 -0.6485622 0.7450671
v 22.8121929 43.2619247 24.2896137
vn 0.5267372 -0.6538250 0.5431949
v 23.5381565 43.3005943 24.0901871
vn 0.4610198 -0.5159376 0.7219898
v 23.4922142 43.4081345 24.2641869
vn 0.9130780 -0.0692092 0.4018691
v 23.9453526 43.9166641 23.9411201
vn 0.8021135 0.0002400 0.5971716
v 23.8683834 43.9773026 24.1264343
vn 0.0757731 0.6959464 0.7140847
v 23.0943203 44.8354034 24.0671883
vn 0.4024423 0.4937314 0.7708888
v 23.5424175 44.5580635 24.1450634
vn -0.3036340 0.6143614 0.7282627
v 22.5738544 44.7234840 24.0866432
vn -0.5136237 0.2967367 0.8050702
v 22.2858677 44.2878647 24.1920185
vn -0.4309908 -0.0706957 0.8995827
v 22.3991699 43.7837143 24.3215771
vn -0.1043188 -0.2728718 0.9563779
v 22.8473377 43.5063744 24.3995781
vn 0.2751599 -0.1913045 0.9421728
v 23.3677769 43.6182938 24.3801098
vn 0.4850606 0.1262776 0.8653151
v 23.6556606 44.0539131 24.2746677
vn 0.0272712 0.4709241 0.8817521
v 23.0358238 44.5577545 24.2509079
vn 0.1843093 0.3737271 0.9090424
v 23.2783222 44.4076347 24.2930412
vn -0.1551735 0.4317258 0.8885573
v 22.7541046 44.4971733 24.2614403
vn -0.2561102 0.2790692 0.9254879
v 22.5982876 44.2614136 24.3184929
vn -0.2163929 0.1021777 0.9709448
v 22.6596451 43.9885750 24.3886700
vn -0.0594264 0.0052077 0.9982191
v 22.9020748 43.8385048 24.4307461
vn 0.1229470 0.0444195 0.9914187
v 23.1837692 43.8990440 24.4202538
vn 0.2240146 0.1971420 0.9544383
v 23.3396435 44.1348038 24.3632240
vn -0.0165538 0.2454761 0.9692613
v 22.9682255 44.2076836 24.3785477
vn 0.4267291 0.8323469 0.3536962
v 21.8161201 44.1751137 23.7698631
vn 0.2037753 0.7462716 0.6336831
v 21.7054901 44.1437759 23.9655094
vn 0.5253484 0.4475375 0.7236845
v 21.9710541 43.8023148 24.1177235
vn 0.8044536 0.4796778 0.3503765
v 22.0506020 43.8316956 23.9099331
vn -0.2169384 0.6849428 0.6955509
v 21.5672073 44.1031227 23.9827938
vn -0.0537119 0.3131965 0.9481683
v 21.7410431 43.7307854 24.1677227
vn -0.3596769 0.4850095 0.7971188
v 21.3614578 44.0727539 23.9185715
vn -0.3473960 0.2816607 0.8944178
v 21.3800869 43.6877441 24.0894928
vn -0.5085447 0.4930874 0.7058663
v 21.1658382 44.0669136 23.8107986
vn -0.5556579 0.2681414 0.7869844
v 21.0450993 43.6609344 23.9265423
vn -0.6745380 0.6373785 0.3724879
v 21.0333920 44.0833359 23.6852207
vn -0.8505065 0.2915928 0.4377354
v 20.7953682 43.6490936 23.7066822
vn -0.7050892 0.7006198 0.1094583
v 21.0319099 44.1136055 23.4787464
vn -0.9439868 0.3042314 0.1277977
v 20.7509174 43.6570549 23.3746758
vn 0.6980252 0.2168043 0.6824638
v 22.1058159 43.3203049 24.1994934
vn 0.9632967 0.1744241 0.2040488
v 22.1592064 43.3297844 23.9522324
vn 0.0472791 0.1725498 0.9838655
v 21.8332729 43.2389832 24.2819653
vn -0.3325785 0.1511371 0.9308863
v 21.3908520 43.1510735 24.2262402
vn -0.6192403 0.0720402 0.7818898
v 20.9534359 43.0299034 24.0112705
vn -0.9108819 -0.0235527 0.4119944
v 20.6935310 42.9402428 23.7412243
vn -0.9934742 -0.0352046 0.1084887
v 20.6600533 42.9323540 23.4158478
vn 0.6965899 0.1706879 0.6968703
v 22.1511803 42.8959732 24.2601414
vn 0.9675248 0.1668139 0.1899180
v 22.1927814 42.9052658 23.9896622
vn 0.0319874 0.1067573 0.9937705
v 21.8365288 42.7722626 24.3445034
vn -0.3482156 0.0295961 0.9369472
v 21.4386349 42.6004143 24.3079052
vn -0.6344054 -0.1280730 0.7623169
v 21.1005955 42.4411354 24.0942116
vn -0.8361240 -0.3502123 0.4221944
v 20.8701286 42.2962456 23.8001575
vn -0.8803809 -0.4363434 0.1858328
v 20.8337955 42.2376747 23.5045033
vn 0.5912142 0.2880414 0.7533246
v 22.2120647 42.5883141 24.2674809
vn 0.8036360 0.4632215 0.3736242
v 22.2807255 42.6172028 24.0745811
vn 0.0631687 0.0524655 0.9966229
v 21.9353886 42.3952255 24.3646793
vn -0.2512836 -0.1280694 0.9594034
v 21.6137676 42.1487427 24.3407478
vn -0.5457398 -0.3533940 0.7597900
v 21.3771992 41.9394341 24.1890965
vn -0.6819997 -0.6202376 0.3875327
v 21.2831898 41.7541161 23.9511089
vn -0.6595750 -0.7369133 0.1480527
v 21.3419781 41.6391144 23.5983067
vn 0.5188870 0.3979047 0.7565898
v 22.3940353 42.3507957 24.2528973
vn 0.6524183 0.6232497 0.4311731
v 22.4661846 42.3866234 24.0953369
vn 0.1914904 0.0343154 0.9808944
v 22.2139359 42.1668434 24.3426075
vn -0.0103517 -0.2142806 0.9767173
v 21.9834976 41.9016953 24.3457432
vn -0.2018070 -0.4926848 0.8464843
v 21.8493233 41.6476746 24.2433605
vn -0.3559016 -0.7778441 0.5179697
v 21.8131428 41.4407234 24.0534039
vn -0.4269448 -0.8760932 0.2240065
v 21.8558636 41.3324623 23.7158585
vn 0.4828226 0.5295611 0.6974578
v 22.6540833 42.1511841 24.1790676
vn 0.5073183 0.7989968 0.3228504
v 22.7181587 42.1698761 24.0373211
vn 0.2561970 0.0692394 0.9641416
v 22.5495777 42.0076561 24.2585144
vn 0.1415844 -0.2205834 0.9650373
v 22.4507961 41.7847061 24.2577934
vn 0.0644588 -0.4533473 0.8890002
v 22.3958302 41.5475426 24.1799641
vn -0.0052731 -0.6537200 0.7567182
v 22.3926468 41.3466034 24.0444851
vn -0.0404276 -0.7629407 0.6452032
v 22.4438019 41.1650658 23.8603039
vn 0.4392120 0.6926911 0.5720768
v 23.0270939 42.0014954 24.1001949
vn 0.4468315 0.8706288 0.2057840
v 23.0796032 42.0040359 23.9754295
vn 0.3265414 0.1697280 0.9298189
v 22.9761581 41.9021950 24.1704102
vn 0.2325975 -0.1842189 0.9549670
v 22.9448242 41.7318954 24.1729259
vn 0.1715328 -0.5166665 0.8388280
v 22.9454441 41.4397926 24.0640011
vn 0.1812765 -0.6914431 0.6993178
v 22.9920483 41.2121849 23.8438778
vn 0.6125346 0.4930204 0.6178449
v 23.3406181 41.8612747 24.0187607
vn 0.7261866 0.6184733 0.3002397
v 23.3772411 41.8647842 23.9095516
vn 0.4142656 -0.1279441 0.9011184
v 23.2758713 41.6850128 24.0602894
vn 0.5176588 -0.5055901 0.6902232
v 23.3272247 41.4628448 23.9641399
vn 0.5654923 -0.6658241 0.4867205
v 23.3538857 41.3793640 23.8189640
vn 0.7391710 -0.0077388 0.6734735
v 23.4630375 41.6832161 23.9235458
vn 0.7980824 -0.0577844 0.5997713
v 23.5040035 41.6841125 23.8733425
vn -0.1812692 0.9555575 0.2324896
v 21.4251308 44.3006935 23.6118755
vn -0.2539054 0.8437602 0.4728644
v 21.3752251 44.2451324 23.7891331
vn -0.3758579 -0.6499779 -0.6604996
v 13.6649265 11.7075930 19.8233261
vn -0.4983830 -0.4718880 -0.7272800
v 13.0284586 13.4015722 18.8755512
vn 0.0097111 -0.5405387 -0.8412631
v 14.4433556 13.3285236 18.8304558
vn 0.1037079 -0.5745560 -0.8118683
v 14.6566191 11.8538017 19.7160797
vn 0.4149458 -0.6425432 -0.6441725
v 16.2924385 13.1120939 19.2119789
vn 0.4416262 -0.6296237 -0.6391717
v 15.7974501 12.1001635 19.9139309
vn 0.7228205 -0.6299547 -0.2840559
v 17.3775845 12.8506927 20.8586369
vn 0.6815787 -0.6512330 -0.3336858
v 16.1580811 11.6867723 20.7924728
vn 0.6524918 -0.7135037 0.2552783
v 17.2218781 12.7056217 22.2449036
vn 0.6775295 -0.7046276 0.2108409
v 15.9735126 11.3186417 21.7149372
vn -0.6293389 -0.7632486 -0.1462340
v 12.9503126 15.1821432 18.1084995
vn -0.2109976 -0.9187310 -0.3337866
v 14.3839931 14.6349316 17.9713001
vn 0.4717542 -0.8759106 0.1011365
v 19.2624149 15.4530630 21.0280342
vn 0.6962929 -0.6723607 0.2512117
v 18.6938953 14.2576323 22.9197216
vn 0.4673484 -0.7142025 0.5210570
v 20.5990295 16.5955524 23.5685425
vn 0.3876933 -0.6038662 -0.6964478
v 15.1455164 10.9286728 20.5692978
vn -0.8473126 -0.5304074 -0.0270039
v 13.1917143 11.7792625 20.4657726
vn -0.8408840 -0.3047324 0.4472720
v 13.5061197 12.1423140 21.4060059
vn -0.8995711 -0.1809883 0.3975112
v 12.8419218 13.7494717 21.0186481
vn -0.9427044 -0.3001915 -0.1455799
v 12.4615021 13.5913906 19.6283627
vn -0.6953595 -0.3116670 0.6475638
v 13.9480247 12.5830240 22.4380283
vn -0.7290832 -0.1520090 0.6673312
v 13.8187885 13.9194736 22.8454647
vn -0.2692392 -0.4902118 0.8289769
v 14.7622871 11.9733629 22.6688595
vn -0.2436539 -0.3922972 0.8869812
v 15.2836180 13.4250736 23.6261177
vn 0.2351788 -0.6542065 0.7188218
v 15.5294914 11.4386616 22.3710289
vn 0.3122141 -0.6273797 0.7133843
v 16.5295715 12.8166132 23.1546478
vn -0.9385746 -0.0202233 0.3444833
v 12.4282923 16.0875607 20.9534626
vn -0.9054918 -0.3883753 0.1710244
v 12.2134647 15.9283018 19.0087795
vn -0.7001148 -0.0147212 0.7138785
v 14.0461226 16.0132923 23.2413235
vn -0.2510911 -0.2308861 0.9400238
v 16.1104355 15.3036222 24.5137901
vn 0.3153828 -0.5594344 0.7665291
v 17.8357468 14.5267248 24.0230827
vn -0.8156826 -0.0139654 0.5783312
v 12.7921991 18.2800312 21.7687740
vn -0.7719727 -0.2476022 0.5854497
v 11.9234829 18.2138748 20.2762413
vn -0.6280423 0.0477265 0.7767143
v 14.6577950 18.1589718 23.7370529
vn -0.2252625 -0.1351127 0.9648842
v 17.3080730 17.6133518 25.1806335
vn 0.3478293 -0.4444495 0.8255177
v 19.3303356 16.6347218 24.7789841
vn -0.1717877 -0.0376976 0.9844125
v 18.6100750 20.3071041 25.7439194
vn -0.5133457 0.0912571 0.8533161
v 16.2718658 20.5906124 24.7116032
vn 0.0408651 -0.2959013 0.9543440
v 20.8098774 19.8149624 25.5487385
vn -0.3766148 0.0230055 0.9260843
v 19.7955112 23.8370304 25.7376804
vn -0.5247939 0.2044297 0.8263171
v 16.4375858 22.3012848 24.3271542
vn -0.3541393 -0.8433003 0.4042648
v 14.4467192 10.2642832 21.6124725
vn -0.5697232 -0.4152353 0.7092216
v 14.2445908 11.2150116 21.9449310
vn 0.1990451 -0.9610006 -0.1919871
v 14.9331207 10.1632118 21.1097832
vn -0.9438727 0.2846497 0.1675676
v 13.7345896 11.8150826 20.8244934
vn -0.9427221 0.3268800 0.0665167
v 13.2062044 10.0683327 20.5999146
vn -0.0630433 -0.2742576 0.9595876
v 13.8489532 9.4058733 21.2415848
vn -0.0142943 -0.2954659 0.9552464
v 14.7965708 10.8605833 21.7122593
vn -0.8738195 0.4701618 0.1240464
v 12.6472702 8.8379326 20.3431625
vn -0.0594666 -0.2300664 0.9713564
v 13.1865845 8.2633734 20.9028797
vn -0.0642795 -0.2206651 0.9732292
v 12.5792789 7.1108422 20.6177254
vn -0.7253590 0.6152797 0.3086831
v 11.9457960 7.8358121 19.9321747
vn -0.9406865 -0.0965651 0.3252447
v 11.4677820 6.7602220 19.6555061
vn -0.0953999 -0.1374571 0.9859029
v 12.1114607 6.2203131 20.4010334
vn -0.3802688 0.6428496 0.6649362
v 11.4593019 7.6739621 19.5328026
vn -0.8470306 -0.4439365 0.2923347
v 11.0195417 7.1639929 19.3035221
vn 0.0146677 0.5214058 0.8531828
v 11.1898432 7.9808531 19.2525101
vn -0.9633363 -0.1715229 0.2063085
v 10.7889624 7.6309729 19.0664845
vn 0.0675411 0.7023992 0.7085715
v 11.0709381 8.4585018 19.0778446
vn -0.8717051 0.4328157 0.2297844
v 10.8001127 8.3699732 18.9213772
vn -0.0210441 0.0430916 0.9988495
v 11.8243313 5.2720528 20.2967339
vn -0.9419360 0.3357922 -0.0005629
v 11.2061148 5.7667618 19.5521469
vn -0.8964722 0.4197876 0.1418308
v 10.7697287 4.8095422 19.5275936
vn -0.0239300 0.1461931 0.9889666
v 11.6149120 4.1700430 20.4443092
vn -0.7508875 -0.2914235 0.5926553
v 10.6451912 3.0667119 19.7151012
vn -0.0683378 0.2198880 0.9731286
v 11.6473293 3.1256430 20.6083145
vn -0.8083230 -0.5887018 0.0066401
v 11.0939445 1.2196029 20.1126423
vn -0.2812409 0.4322227 0.8567889
v 11.9435444 2.0056520 21.0109043
vn -0.6191168 -0.7357671 0.2744834
v 12.3109894 0.4862030 21.4984341
vn -0.3633412 0.5827269 0.7269199
v 12.6277542 1.2432430 21.8692131
vn -0.1411675 -0.7435039 0.6536618
v 13.5073538 0.2605430 22.9110718
vn 0.1396687 0.2849346 0.9483169
v 13.6184530 0.5861020 23.0440216
vn -0.7701931 0.4937136 0.4037940
v 10.0717449 3.4959631 19.1565208
vn -0.3330500 -0.7357444 0.5897101
v 10.0168438 2.6768019 19.1690311
vn -0.8429957 0.5271760 0.1069753
v 9.0963898 3.1719539 18.3358746
vn -0.8479266 -0.5157527 0.1225553
v 9.0738640 2.8379030 18.3408947
vn -0.2238275 0.1452693 -0.9637417
v 14.0690737 11.4847841 20.2691364
vn 0.8484000 -0.5259317 -0.0601111
v 15.1800127 10.7572117 21.2855473
vn 0.8623222 -0.4962497 -0.1006812
v 14.2603579 9.3257933 20.8296089
vn 0.0079068 0.1132681 -0.9935330
v 13.6156569 10.0132027 20.2090797
vn 0.8854258 -0.4564333 -0.0876913
v 13.6136417 8.1861830 20.4889984
vn 0.0701819 0.2549189 -0.9644122
v 13.0389290 8.7653131 19.9352379
vn 0.9020846 -0.4289112 -0.0477330
v 13.0199757 7.0362139 20.2020111
vn 0.9614034 -0.2710718 -0.0471548
v 12.6122122 6.1449928 19.9171295
vn 0.1920082 -0.1879651 -0.9632248
v 11.8607340 6.6958342 19.2383194
vn 0.3200913 0.4211365 -0.8486375
v 12.3218393 7.7477822 19.5092449
vn -0.0608329 -0.5141676 -0.8555297
v 11.3606062 7.1307321 18.8149548
vn 0.5746980 0.5308439 -0.6228378
v 11.7513304 7.6833119 19.0318184
vn -0.3061749 -0.1782085 -0.9351463
v 10.9984207 7.6418829 18.6846485
vn 0.7333819 0.5147423 -0.4440625
v 11.3552427 8.0112638 18.9228153
vn -0.4139215 0.5801271 -0.7015138
v 10.8497362 8.4067516 18.7925816
vn 0.4680997 0.8561980 -0.2186497
v 11.1207466 8.4952316 18.9490318
vn 0.9993969 -0.0278782 0.0207024
v 12.4571896 5.2487721 19.7052269
vn 0.9741451 0.1155481 -0.1941392
v 12.4523153 4.1986341 19.3362293
vn -0.1039610 0.2721862 -0.9566122
v 11.5418253 4.8190522 18.5548477
vn 0.0267678 0.2999613 -0.9535758
v 11.7344360 5.7919431 19.0414867
vn 0.8838844 0.3535646 -0.3061709
v 12.6613197 3.1685319 19.1448784
vn -0.3281522 -0.0004095 -0.9446248
v 11.5526924 3.0004339 18.2998791
vn 0.7396718 0.5701809 -0.3574623
v 13.1805296 2.1653030 19.1281471
vn -0.1901136 -0.4700917 -0.8618994
v 12.2632685 1.3341830 18.3107014
vn 0.9235843 0.1828658 0.3369751
v 12.4262400 2.1529219 20.4836273
vn 0.8332900 0.5413094 -0.1123026
v 13.0814438 1.3089720 21.4302006
vn 0.4582915 -0.6890742 -0.5613783
v 12.7788029 0.5516020 21.0531464
vn -0.0939603 -0.9927578 -0.0748565
v 11.4858704 1.3427041 19.6694031
vn 0.9538965 0.1807189 0.2396295
v 13.8127079 0.5564240 22.8293877
vn 0.6837417 -0.7230548 -0.0984330
v 13.6939087 0.2984030 22.7033653
vn -0.6073884 -0.2630485 -0.7495899
v 11.2578964 3.0093119 18.9846764
vn 0.3441057 -0.7901161 -0.5072554
v 10.3146238 2.6675539 18.6972675
vn -0.0125997 0.4776663 -0.8784510
v 10.3435574 3.4959440 18.6857281
vn -0.6777480 0.3252622 -0.6594408
v 11.1533604 4.7934818 19.0657005
vn -0.2810794 -0.5345033 -0.7970575
v 9.1992989 2.8378129 18.1236343
vn -0.2573728 0.4961458 -0.8292156
v 9.2220774 3.1719630 18.1181793
vn 0.7951051 0.0318889 0.6056328
v 12.1374302 4.1393929 19.9312496
vn 0.7911281 0.2858287 0.5407572
v 12.3203573 3.1561041 19.9602356
vn 0.6685691 0.0161696 0.7434742
v 12.8019772 2.1562741 19.8519955
vn -0.0537277 -0.9928787 -0.1063256
v 11.9222498 1.3695630 19.0807457
vn -0.7140319 -0.6695172 0.2047074
v 8.2299738 0.4065830 16.9995766
vn -0.9195855 0.3926151 0.0146914
v 8.1366100 0.7437920 16.9084797
vn -0.3288401 0.3482158 -0.8778440
v 8.2059708 0.7436930 16.7887707
vn -0.1204666 -0.7078657 -0.6959985
v 8.2923717 0.4066040 16.8921108
vn 0.3252237 0.3961976 0.8586367
v 15.4836330 1.0126120 20.8698902
vn 0.0464055 -0.6830716 0.7288757
v 15.3210573 0.5359120 20.6918259
vn 0.6748433 -0.7087212 -0.2056717
v 15.4708347 0.4900020 20.4338055
vn 0.9445212 0.3279828 -0.0175238
v 15.6333513 0.9666830 20.6117306
vn -0.3826996 -0.8234715 0.4188505
v 13.6955767 0.5845930 19.7182388
vn -0.0587689 0.4850402 0.8725149
v 13.9039516 1.2627929 19.9437485
vn 0.2734035 -0.6402110 -0.7179000
v 14.0162821 0.6309040 19.1094151
vn 0.6307512 0.5975918 -0.4950123
v 14.2247696 1.3091040 19.3348522
vn -0.7404324 0.5751114 0.3478603
v 10.1786747 1.8386830 18.6174908
vn -0.2333705 -0.6720541 0.7027671
v 10.4684744 0.7585930 18.9341469
vn 0.2258675 0.5085626 -0.8308718
v 10.6301260 1.8470920 18.0265942
vn 0.6028227 -0.6664200 -0.4387359
v 10.9050522 0.7647730 18.3035831
vn -0.6750173 0.6159058 0.4062163
v 9.2242346 1.1200531 17.9216309
vn -0.3849091 -0.6999601 0.6015821
v 9.3841791 0.4507740 18.1050491
vn 0.1579583 0.5405981 -0.8263189
v 9.5508280 1.1256530 17.4804058
vn 0.3942460 -0.7628447 -0.5124823
v 9.6689939 0.4530320 17.6511021
vn -0.6317807 -0.0073257 0.7751125
v 14.2105131 19.8845425 23.1891975
vn -0.6991411 0.0187942 0.7147366
v 13.4032249 20.7802238 22.1168175
vn -0.9570275 0.2486155 0.1492941
v 19.3157005 42.7285233 21.1791515
vn -0.9005657 0.4298489 0.0648956
v 19.9175987 44.3773041 21.4042091
vn -0.8207036 0.0781005 0.5659912
v 19.9129333 42.6962433 22.6336651
vn -0.8244023 0.3402851 0.4522909
v 20.2643757 44.4258156 22.6257782
vn -0.5169429 -0.0155219 0.8558792
v 21.0400162 42.7225952 23.7235546
vn -0.5171260 0.3315789 0.7890730
v 21.1751842 44.6456833 23.5339928
vn -0.1318377 -0.0447040 0.9902628
v 22.5157814 42.7304153 24.2382526
vn -0.1034233 0.3199033 0.9417884
v 22.6647167 44.5688248 24.0564613
vn 0.3681358 -0.0933975 0.9250692
v 24.2969913 42.7738533 24.1070881
vn 0.3511173 0.4041272 0.8446289
v 24.2168922 44.6122932 23.9222126
vn -0.6616690 0.7492387 0.0289087
v 20.8529167 45.7240105 21.3722057
vn -0.6971824 0.6431680 0.3166572
v 20.8505096 45.4210014 22.4387512
vn -0.3972827 0.7672222 0.5035241
v 21.5389061 45.7927818 22.9362335
vn -0.1158558 0.6483778 0.7524518
v 22.4012012 45.5028343 23.4422646
vn 0.1760536 0.8242621 0.5381423
v 23.3707981 45.8445015 22.9926739
vn -0.9691781 0.1049866 0.2228717
v 18.9877586 40.9575043 20.8103333
vn -0.7786053 -0.0586767 0.6247647
v 19.7566376 40.8127251 22.2278023
vn -0.4982120 -0.1492065 0.8541207
v 21.0067673 40.7508545 23.3120861
vn -0.1141596 -0.1733857 0.9782152
v 22.4874916 40.7921028 23.8482285
vn 0.3864084 -0.1826138 0.9040690
v 23.8643208 40.8898239 23.6776638
vn -0.9538588 0.0652496 0.2930801
v 18.7368641 38.7820740 20.5686874
vn -0.7361214 -0.0049172 0.6768317
v 19.6834412 38.7262535 21.9183617
vn -0.5104409 -0.0360530 0.8591567
v 20.9700966 38.7037926 22.9578152
vn -0.1896461 -0.0208365 0.9816314
v 22.4558334 38.7860527 23.5854340
vn 0.2988026 0.0636593 0.9521893
v 23.8530331 38.9288254 23.5702591
vn -0.9635218 0.0834051 0.2543017
v 18.5258236 36.6396942 20.5452442
vn -0.7319781 0.1340874 0.6680035
v 19.5164433 36.6565857 21.9548035
vn -0.5147988 0.1524020 0.8436562
v 20.8570633 36.6688728 23.0105896
vn -0.2414404 0.1873696 0.9521551
v 22.6031265 36.8465958 23.7293606
vn 0.1886999 0.3239452 0.9270663
v 24.2166176 37.0785027 23.8227158
vn -0.9790652 0.1086468 0.1721257
v 18.3750668 34.6858139 20.7949467
vn -0.7396544 0.2592264 0.6210580
v 19.3149738 34.6588554 22.3959866
vn -0.4626389 0.3227797 0.8256989
v 21.1246529 34.6778755 23.7545109
vn -0.2212554 0.3829884 0.8968645
v 23.3552227 34.8554726 24.5314903
vn 0.1813938 0.5292889 0.8288242
v 25.3615379 34.9884758 24.7250290
vn -0.9683655 0.1883067 0.1637340
v 18.2559986 33.1229134 21.2015572
vn -0.7195516 0.2902215 0.6308858
v 19.2429905 32.9146347 23.2680397
vn -0.4146456 0.3413681 0.8435264
v 21.6289520 32.7618637 24.9564781
vn -0.1546925 0.4118529 0.8980242
v 24.6066895 32.6678848 25.9988365
vn 0.3097609 0.4961698 0.8110880
v 26.8745594 32.6642723 25.9960003
vn -0.9122885 0.3525836 0.2083620
v 17.8882236 31.3726025 21.3698139
vn -0.6734415 0.2745346 0.6863725
v 19.1580772 30.5520439 24.0919304
vn -0.3947405 0.3100520 0.8648975
v 22.1366596 30.4097614 25.9484997
vn -0.0806324 0.2664275 0.9604763
v 25.3051472 30.1387329 27.1322708
vn 0.4282920 0.1864663 0.8841925
v 27.8871441 29.5146427 27.0179691
vn -0.7486523 0.5865197 0.3090539
v 16.9252243 29.7221012 21.1677818
vn -0.6424844 0.2618162 0.7201849
v 18.2932873 28.1199436 24.1593704
vn -0.3887269 0.1842668 0.9027387
v 21.9744473 28.3516521 26.6694622
vn -0.4078198 0.0052196 0.9130476
v 21.1896973 26.0227222 26.5214863
vn -0.0109608 -0.0370740 0.9992525
v 25.1430817 26.7817516 27.5595837
vn -0.0387979 -0.2384372 0.9703826
v 24.1435566 23.7614422 27.0304356
vn 0.4534761 -0.2121565 0.8656495
v 27.7385273 25.6882534 26.8529606
vn 0.3933261 -0.4579417 0.7972352
v 26.3203125 22.2965527 26.1213894
vn -0.5855548 0.2843647 0.7591195
v 17.0463734 26.6708622 23.6069317
vn -0.5375521 0.7342619 0.4146049
v 15.2252941 28.6018639 20.4011478
vn -0.5361041 0.3459117 0.7700244
v 15.2442827 25.6588917 22.8139973
vn 0.2920898 -0.6313566 0.7183818
v 23.7080536 18.8023205 24.8653793
vn -0.0726165 -0.2960019 0.9524231
v 22.0191822 20.7338924 25.9431744
vn -0.2573054 0.8074074 0.5309306
v 13.1949615 28.2821026 19.0769672
vn -0.5316807 0.3296869 0.7801424
v 13.1048231 25.3572330 21.4498882
vn -0.5865208 -0.0034315 0.8099269
v 13.2551823 21.8247128 22.1190243
vn -0.4879964 0.3902375 0.7807524
v 11.8895016 26.0192013 20.4504547
vn -0.6687901 -0.0475010 0.7419323
v 11.2478418 22.0424938 20.7438507
vn -0.5788129 -0.7605101 0.2942790
v 12.1246109 15.4091635 17.3940659
vn 0.0376258 0.7500222 0.6603416
v 11.5251799 29.0945034 17.6763287
vn -0.5012702 0.3814681 0.7766662
v 10.6368017 26.9470806 19.0974293
vn -0.7311694 0.0198612 0.6819068
v 9.2663374 23.5805416 18.6441174
vn -0.7227878 -0.3479388 0.5970899
v 11.4730911 17.9612408 19.6059055
vn -0.8147817 -0.2635374 0.5164096
v 8.4628334 19.8552532 17.3160400
vn -0.7265563 -0.5378522 0.4275874
v 11.6127682 16.4499359 18.5573978
vn -0.7851484 -0.5685148 0.2456275
v 8.6197290 17.3931332 15.0986700
vn -0.4281526 0.4413237 0.7886183
v 9.7377872 28.4122849 17.9641399
vn -0.7353454 0.1336333 0.6643864
v 8.3270512 26.2195129 17.4412346
vn -0.8711086 -0.0861538 0.4834743
v 7.2374921 23.1975422 16.0115738
vn -0.9525964 -0.2483065 0.1757953
v 6.8124461 21.0755539 14.0502043
vn 0.0834762 0.6609769 0.7457489
v 10.5040874 30.6982441 16.3222923
vn -0.5137879 0.5294969 0.6750222
v 9.1017590 29.8488026 16.5737686
vn -0.7434049 0.3674874 0.5588401
v 7.7525339 28.6298733 15.9947395
vn -0.8965374 0.2350317 0.3754742
v 6.5568590 27.1939716 15.1559191
vn -0.9978693 0.0631729 0.0163161
v 6.1530552 26.0408535 13.6786919
vn -0.2214042 0.6365709 0.7387542
v 10.0632811 32.5862350 14.8093634
vn -0.7265839 0.4968875 0.4745301
v 8.8552551 31.5724010 14.3063278
vn -0.7776378 0.2741583 0.5657886
v 7.5371342 30.5562611 13.3930302
vn -0.2484132 0.9249744 0.2875992
v 22.0485668 46.2099571 22.0680618
vn -0.8721107 0.4872206 -0.0451563
v 9.1006107 21.2846622 20.4931755
vn -0.8965721 0.3617009 0.2555994
v 8.9020948 20.9229527 21.4728184
vn -0.8280377 0.5010567 0.2515867
v 9.8630056 22.6579227 22.1130981
vn -0.7574379 0.6408814 -0.1247356
v 10.3422613 22.9370632 20.6701508
vn -0.7972961 0.0607069 0.6005278
v 9.3205757 20.0860806 22.5526142
vn -0.7251323 0.0861448 0.6831999
v 10.1940355 20.5622921 23.6049213
vn -0.7397119 -0.3555499 0.5713236
v 9.3150244 18.7155018 22.2309933
vn -0.5728961 -0.4351758 0.6945590
v 11.1172180 18.2891407 24.0967445
vn -0.7191997 -0.4879323 0.4946453
v 9.3246174 17.9883022 21.5276108
vn -0.4972872 -0.6640306 0.5583627
v 11.4278526 17.1909924 23.0238571
vn -0.7469733 0.5920182 0.3025644
v 11.3624783 24.4375229 22.9158993
vn -0.6965828 0.7139934 -0.0706111
v 11.9644222 24.8014507 20.9899406
vn -0.6252699 0.1799545 0.7593774
v 11.8708773 21.8669338 24.8773689
vn -0.4102492 -0.3578541 0.8388302
v 13.3132324 18.9119434 25.7961292
vn -0.2561310 -0.6622038 0.7041896
v 14.1783571 17.3889828 24.7028389
vn -0.6434867 0.6625330 0.3833731
v 13.3614521 26.1680126 23.8791733
vn -0.5867846 0.8092362 0.0286484
v 14.0606060 26.7636433 21.9200344
vn -0.5279311 0.2414797 0.8142336
v 14.0973005 23.3900814 26.1084309
vn -0.2727666 -0.2394375 0.9318091
v 15.5457916 20.1718807 27.0534267
vn -0.0920848 -0.5268347 0.8449648
v 16.6793747 18.3530216 26.1077671
vn -0.4395810 0.7682642 0.4653372
v 15.8858576 27.5412006 24.9884033
vn -0.3580769 0.9222835 0.1455133
v 16.5815544 28.0216923 23.2906227
vn -0.4093242 0.2999947 0.8616594
v 16.5323906 24.8178616 27.0159760
vn -0.1182321 -0.1449948 0.9823430
v 17.9543228 21.9124508 27.9254913
vn 0.0894281 -0.3866860 0.9178652
v 19.2854748 20.3700428 27.1522789
vn -0.2264285 0.4039356 0.8863217
v 18.8056679 25.9329433 27.4619064
vn -0.2097653 0.7959253 0.5678920
v 18.3645725 27.8552418 25.8203259
vn 0.1164500 -0.0073172 0.9931696
v 19.8939571 23.7092438 28.1579876
vn 0.3224348 -0.2146922 0.9219236
v 20.9639664 22.5363407 27.4934578
vn 0.0607773 0.8465914 0.5287619
v 20.8111916 28.0088711 25.4314747
vn -0.1512282 0.9053946 0.3967250
v 19.1615314 28.5745411 24.4825554
vn -0.0057086 0.7501369 0.6612580
v 19.9888172 27.3850918 26.5818806
vn 0.3052315 0.1273889 0.9437191
v 20.9253063 25.3846035 27.7311974
vn 0.0682904 0.5292331 0.8457238
v 20.7180557 26.5947437 27.3672047
vn 0.5394569 0.0506162 0.8404905
v 21.8648472 25.4222927 27.1066704
vn -0.9606887 -0.0475377 0.2735278
v 8.1092510 19.1012325 20.3318443
vn -0.9274986 -0.0054324 0.3737872
v 8.3534374 19.5050106 21.1856956
vn 0.2103080 0.5969210 0.7742454
v 21.7497711 26.9189625 26.9051685
vn 0.1020686 -0.7968991 -0.5954275
v 24.0785179 38.2357330 23.9396572
vn 0.2831123 -0.5238681 -0.8033739
v 24.5495052 38.6681442 23.6979198
vn -0.3810364 -0.6201216 -0.6857554
v 23.5156288 38.4068336 23.9130211
vn -0.1475691 -0.3263502 -0.9336589
v 23.7943897 38.9140358 23.5678272
vn -0.4956136 -0.2698776 -0.8255503
v 23.2501755 39.0671730 23.7216148
vn -0.7520417 -0.6335658 -0.1817352
v 23.1251965 38.5137024 24.1976700
vn -0.7904024 -0.2555887 -0.5567212
v 22.8758621 39.1603050 24.0033684
vn -0.9615305 -0.2700712 0.0502062
v 22.7454929 39.1937943 24.3331795
vn -0.5050215 -0.6604787 0.5556269
v 23.2959843 38.4518433 24.5112934
vn -0.7175485 -0.2849608 0.6355481
v 22.9022369 39.1494751 24.6422577
vn -0.3105070 -0.2905701 0.9050715
v 23.3262520 39.0289841 24.8496742
vn -0.0158775 -0.7439145 0.6680862
v 23.8696022 38.2777023 24.5365562
vn 0.0016367 -0.3477679 0.9375793
v 23.9066372 38.8525429 24.8764000
vn 0.3024744 -0.4762842 0.8256287
v 24.4473324 38.6745949 24.7076511
vn 0.3084175 -0.9448294 0.1103452
v 24.2544956 38.1710739 24.2480755
vn 0.5655903 -0.6356102 0.5254592
v 24.8054676 38.5600739 24.4193726
vn 0.6511594 -0.7285470 -0.2126283
v 24.9092979 38.5332336 24.0923176
vn 0.4100115 -0.2639943 -0.8730392
v 24.9171429 39.3289261 23.5551701
vn -0.0276461 -0.1639756 -0.9860770
v 23.9791298 39.6690826 23.3868275
vn -0.5231786 -0.0428203 -0.8511466
v 23.2965164 39.8587151 23.5855637
vn -0.8017467 0.0326438 -0.5967719
v 22.8331757 39.9576950 23.9408913
vn -0.9954510 0.0783407 0.0542229
v 22.6736450 40.0047836 24.3436108
vn -0.6981502 0.0656749 0.7129328
v 22.8656673 39.9781952 24.7207947
vn -0.2507879 0.0154576 0.9679186
v 23.3972054 39.8618851 24.9807472
vn 0.1067749 -0.0628267 0.9922963
v 24.1341820 39.6377945 25.0142632
vn 0.4260378 -0.1787484 0.8868714
v 24.8074093 39.3707657 24.7968082
vn 0.7562152 -0.3276861 0.5663572
v 25.2358894 39.1907234 24.4372902
vn 0.8821995 -0.4170945 -0.2185322
v 25.3582916 39.1436844 24.0402241
vn 0.5010673 -0.0319210 -0.8648194
v 25.0742874 40.0137558 23.5223675
vn 0.1732029 -0.0346662 -0.9842759
v 24.1628971 40.3811340 23.3467274
vn -0.7569673 0.2256833 -0.6132435
v 23.0055428 40.6921959 23.9053440
vn -0.5741974 0.1460258 -0.8055891
v 23.4817772 40.5860939 23.5466671
vn -0.9404166 0.3356503 0.0543657
v 22.8455906 40.7511559 24.3039722
vn -0.6174178 0.3169066 0.7199761
v 23.0500011 40.7428856 24.6663494
vn -0.1737361 0.2300275 0.9575506
v 23.5996151 40.6427650 24.9061623
vn 0.1762241 0.1394388 0.9744239
v 24.3396511 40.4082260 24.9340134
vn 0.4996491 0.0546249 0.8645039
v 24.9903107 40.1036339 24.7386208
vn 0.8398266 -0.0251905 0.5422700
v 25.4067211 39.8883743 24.3981743
vn 0.9705495 -0.0829779 -0.2261602
v 25.5211887 39.8213539 24.0086899
vn 0.5275738 0.1008415 -0.8435028
v 25.0295868 40.6398125 23.5620117
vn 0.2625014 0.0881143 -0.9609001
v 24.2401428 40.9984932 23.3669281
vn -0.7799957 0.3707522 -0.5041324
v 23.2904015 41.3044243 23.8673363
vn -0.8671733 0.4959173 0.0455693
v 23.1476192 41.3791542 24.2204762
vn -0.5313173 0.4613184 0.7105542
v 23.3468399 41.3730545 24.5294075
vn -0.1029336 0.3543862 0.9294166
v 23.8328056 41.2662239 24.7278538
vn 0.1929715 0.2975250 0.9350085
v 24.4336987 41.0449028 24.7678871
vn 0.5174853 0.2123111 0.8289349
v 24.9748154 40.7700043 24.6260548
vn 0.8435479 0.1645561 0.5112224
v 25.3431988 40.5593452 24.3404140
vn 0.9631290 0.1313011 -0.2348248
v 25.4457493 40.4815636 23.9953709
vn 0.4927680 0.0624357 -0.8679179
v 24.9757366 41.1898041 23.6006565
vn 0.2505102 0.0687860 -0.9656672
v 24.3399315 41.4671555 23.4613037
vn -0.7987970 0.6008643 0.0297578
v 23.4805813 41.8863029 24.1177673
vn -0.7780074 0.4757944 -0.4102733
v 23.5852833 41.8060837 23.8261890
vn -0.4701448 0.5635327 0.6792606
v 23.6517715 41.8806953 24.3732624
vn -0.0435161 0.4108597 0.9106595
v 24.0406628 41.7763138 24.5398312
vn 0.3659189 0.3150462 0.8756993
v 24.7283268 41.4597435 24.5310135
vn 0.8163894 0.2233290 0.5325716
v 25.2527542 41.1488953 24.2492657
vn 0.9580556 0.1292373 -0.2557876
v 25.3381443 41.0686226 23.9623241
vn 0.4504435 -0.0531398 -0.8912221
v 24.9838448 41.6328659 23.6148071
vn 0.2059244 -0.0166451 -0.9784263
v 24.4628010 41.8680458 23.5012913
vn -0.6615969 0.6846104 0.3059384
v 23.7890778 42.2458038 24.0206337
vn -0.3972828 0.6423618 0.6553913
v 23.9313431 42.2374458 24.2260017
vn -0.0033526 0.4714685 0.8818766
v 24.2413368 42.1417656 24.3598557
vn 0.3717947 0.3177444 0.8722426
v 24.7906265 41.8724136 24.3559055
vn 0.8001526 0.1710173 0.5748990
v 25.2155952 41.6093445 24.1355877
vn 0.9634601 0.0112337 -0.2676161
v 25.2842674 41.5363731 23.9062901
vn 0.4091902 -0.2177020 -0.8860978
v 25.0489883 42.0061646 23.5899906
vn 0.1112018 -0.1755495 -0.9781700
v 24.6256981 42.2062645 23.5121136
vn -0.2929906 0.6727256 0.6794092
v 24.1223850 42.5346031 23.9925213
vn -0.0109340 0.5301713 0.8478201
v 24.4454784 42.4336929 24.1915150
vn 0.3741773 0.3144718 0.8724098
v 24.8941898 42.2053833 24.1850739
vn 0.7899810 0.1049377 0.6040846
v 25.2418842 41.9891853 24.0118675
vn 0.9556991 -0.1405018 -0.2586474
v 25.2979279 41.9277725 23.8311787
vn 0.4438761 -0.3345184 -0.8313071
v 25.0426369 42.3962440 23.4435844
vn 0.0264292 0.5682526 0.8224297
v 24.6672764 42.7092438 24.0257339
vn -0.1885169 0.6475813 0.7383088
v 24.4197292 42.7955246 23.8863201
vn 0.4036802 0.3508280 0.8449628
v 25.0325146 42.5205536 24.0151291
vn 0.7808569 0.1330530 0.6103764
v 25.3146973 42.3491135 23.8807449
vn 0.9506818 -0.1956278 -0.2406947
v 25.3607578 42.2999535 23.7425556
vn 0.5892907 -0.4948456 -0.6386426
v 25.1696453 42.7038651 23.4071903
vn 0.1266418 0.6785493 0.7235556
v 24.9048576 42.9343452 23.8228474
vn -0.0772424 0.7693636 0.6341240
v 24.7099018 43.0059052 23.7122784
vn 0.4893604 0.4373415 0.7544925
v 25.1733112 42.7982750 23.8110561
vn 0.9929038 0.0309615 0.1148192
v 25.3944931 42.6577950 23.6693535
vn 0.6031454 -0.7176055 0.3482213
v 25.3085346 43.0069160 23.1740131
vn 0.1859762 0.7609241 0.6216167
v 25.0738316 43.1442528 23.5153446
vn 0.4911458 0.5605602 0.6667444
v 25.2732525 43.0535049 23.5405426
vn 0.9841527 0.1038885 0.1437034
v 25.3908062 42.9796448 23.4665127
vn -0.2869384 -0.9576988 -0.0218990
v 23.6355591 38.1558228 24.2269039
vn -0.0543720 0.8623813 0.5033312
v 25.0109234 43.7417831 23.3473263
vn -0.2072034 0.5485738 0.8100207
v 24.8740292 43.5735435 23.5097885
vn -0.1921332 0.4813564 0.8552081
v 25.2597733 43.4924736 23.6732655
vn 0.0187404 0.8123506 0.5828682
v 25.4397259 43.6535454 23.5607967
vn -0.3022264 0.0953320 0.9484572
v 24.7959728 43.3415031 23.5819969
vn -0.2924018 0.0256825 0.9559506
v 25.1432781 43.2880745 23.6980362
vn -0.3303756 -0.3866202 0.8610325
v 24.7972889 43.0918541 23.5331516
vn 0.1633536 0.9820492 0.0943135
v 25.1807232 43.8055229 23.1002216
vn 0.2993119 0.9383761 0.1728082
v 25.6262112 43.7136841 23.3574238
vn -0.0633316 0.3408870 0.9379687
v 25.7166672 43.2968254 23.8356972
vn 0.2555254 0.6460404 0.7192625
v 25.8841324 43.4097061 23.7544422
vn -0.3030053 -0.0983555 0.9478998
v 25.5788078 43.1352348 23.8236847
vn -0.3970086 -0.5624287 0.7252987
v 25.5108814 42.9793549 23.7275276
vn -0.2679982 -0.9244893 0.2711026
v 25.1726646 42.9386749 23.4513378
vn -0.3817529 -0.8781845 0.2881957
v 25.5270538 42.8693542 23.5677433
vn -0.1134447 -0.9913831 -0.0654973
v 25.3025627 42.8698730 23.1705647
vn -0.2396278 -0.9609569 -0.1383489
v 25.6156406 42.8221054 23.3513203
vn 0.5769893 0.7457274 0.3331277
v 26.0394802 43.4428558 23.5960255
vn 0.1098985 0.0986764 0.9890325
v 26.0753803 42.9654961 23.9128151
vn 0.4862246 0.3471324 0.8019257
v 26.2018070 43.0305634 23.8578377
vn -0.2201290 -0.2488263 0.9432013
v 25.9593220 42.8675041 23.8944111
vn -0.4405630 -0.5943927 0.6727567
v 25.8813782 42.7668228 23.8056602
vn -0.5006240 -0.8228644 0.2688308
v 25.8593006 42.6922455 23.6697044
vn -0.3572941 -0.9109272 -0.2062830
v 25.9026318 42.6615448 23.5170155
vn 0.4243756 -0.2938724 0.8564721
v 26.3166561 42.5984154 23.8357315
vn -0.0953331 -0.6382814 0.7638773
v 26.2395420 42.5505333 23.8194542
vn -0.2784264 -0.8952637 0.3478240
v 26.2126884 42.5159454 23.7584248
vn -0.1538305 -0.9840983 -0.0888084
v 26.2269688 42.5067825 23.7042713
vn 0.8542662 -0.1642411 0.4932082
v 26.3699493 42.6111946 23.7868214
vn 0.4526322 -0.8525442 0.2613284
v 26.3170395 42.5177650 23.7562733
vn -0.3873459 -0.8944011 -0.2236287
v 25.2379684 43.7439232 23.1332722
vn -0.2241589 -0.6283859 0.7449054
v 25.5961418 43.5803947 23.6048775
vn -0.4662086 -0.2674723 0.8432723
v 25.5881901 44.1351242 23.7884502
vn -0.5658369 -0.4168318 0.7113929
v 25.0720863 44.0380135 23.3267784
vn -0.6207772 -0.2139188 0.7542377
v 24.8477612 44.5582657 23.2411366
vn -0.4761147 -0.1070519 0.8728429
v 25.3276138 45.1039925 23.7923946
vn -0.4722225 -0.0207841 0.8812343
v 24.6347771 45.8353004 23.5378323
vn -0.5789512 -0.2608452 0.7725124
v 24.4030724 45.1663246 23.1321526
vn -0.4819070 0.0147449 0.8760983
v 23.8056297 46.4360847 23.0669174
vn -0.5714125 -0.2353844 0.7861819
v 23.6578388 45.8044853 22.7741299
vn -0.5008245 0.0417051 0.8645436
v 22.8933353 46.8517952 22.5430508
vn -0.5318446 -0.2602898 0.8058478
v 22.8102093 46.0876274 22.2360401
vn -0.5285773 0.0206956 0.8486329
v 22.0826530 46.9069252 22.0676155
vn -0.4762988 -0.2142898 0.8527716
v 22.0473461 46.0475807 21.7779999
vn -0.6033569 -0.0021554 0.7974684
v 21.3457832 46.8727074 21.5705376
vn -0.6961570 -0.2965093 0.6537948
v 21.3574276 45.9681969 21.4635773
vn -0.5970979 0.0777025 0.7983962
v 20.6977196 47.6588707 20.9554043
vn -0.8408102 -0.2168109 0.4960155
v 20.5496159 47.0804405 20.8527393
vn -0.9106002 -0.1252307 0.3938585
v 20.1833668 48.1573067 20.5123062
vn -0.5659558 0.1481088 0.8110228
v 20.3262901 48.3936958 20.6199188
vn -0.6346848 0.6026086 0.4837750
v 20.1064091 49.0918465 20.3262024
vn -0.9518499 0.0358281 0.3044638
v 20.0671921 48.8729973 20.3092899
vn -0.5587372 0.2800406 0.7806344
v 20.8602562 48.1775017 20.9684982
vn -0.4973693 0.2475600 0.8314673
v 21.4928417 47.7915077 21.4662132
vn 0.1104029 0.2346135 0.9657990
v 21.3936005 48.6852760 21.1830883
vn -0.9117168 0.0247247 0.4100746
v 20.8898964 48.7885475 20.8885384
vn -0.4492374 0.3052113 0.8396617
v 22.3953743 47.8502769 21.9417992
vn 0.1237337 0.1705312 0.9775526
v 22.3288059 48.6471367 21.7140827
vn -0.8655891 0.2210088 0.4493448
v 21.7929420 48.6302834 21.4120007
vn -0.3828325 0.3477749 0.8558574
v 23.2552891 47.6842537 22.4421272
vn 0.0876975 0.0942779 0.9916758
v 23.2803688 48.4334068 22.2562943
vn -0.8109646 0.2832913 0.5119399
v 22.7408180 48.5163307 21.9480267
vn -0.3175561 0.3464479 0.8826845
v 24.1807747 47.1667442 23.0305462
vn 0.1303206 0.1407773 0.9814267
v 24.2083397 47.8921471 22.7984161
vn -0.7600808 0.3842192 0.5240734
v 23.6868534 48.1613350 22.4952965
vn -0.3000843 0.3499663 0.8873968
v 25.1786232 46.5900764 23.5370255
vn 0.1722188 0.2761072 0.9455715
v 25.0410042 47.2464867 23.2828331
vn -0.7352126 0.4243965 0.5285358
v 24.5152588 47.5524330 23.0208454
vn 0.1894402 0.2136883 0.9583578
v 26.0207005 45.7882729 24.0389538
vn 0.2018698 0.2668704 0.9423528
v 25.8938465 46.6488762 23.7676430
vn -0.8281553 0.3628784 0.4271746
v 25.3614540 46.9108467 23.5005665
vn -0.9139639 -0.0685207 0.3999687
v 20.8499451 49.4223213 20.8335266
vn 0.0393492 0.1997244 0.9790617
v 21.1812496 49.4446678 21.0541248
vn -0.0385690 0.5109965 0.8587171
v 20.9452801 50.1236153 20.9224281
vn -0.8484266 0.3384006 0.4070102
v 20.7334938 50.1152611 20.7938328
vn -0.8917174 0.0517029 0.4496299
v 21.8933659 49.5772667 21.4654808
vn 0.0977001 0.0707909 0.9926950
v 22.2208557 49.6373329 21.6508751
vn 0.0027310 0.4265899 0.9044411
v 22.1472759 50.3974648 21.6071167
vn -0.8287103 0.3293543 0.4525096
v 21.9305134 50.3474464 21.4841442
vn -0.8595657 0.1495931 0.4886397
v 22.9131813 49.2536125 22.0452957
vn 0.0595213 -0.0240206 0.9979380
v 23.3093281 49.1431770 22.2727852
vn 0.0630229 0.3688089 0.9273663
v 23.3352032 49.8568916 22.2877235
vn -0.6692036 0.5117847 0.5387419
v 23.0953159 49.9148369 22.1492672
vn -0.8688478 0.1897970 0.4572534
v 23.8334427 48.6223717 22.5753822
vn 0.0636537 -0.0060758 0.9979536
v 24.2234821 48.4550362 22.8005714
vn 0.0486500 0.3526931 0.9344735
v 24.2281609 49.0338326 22.8032722
vn -0.6923959 0.5111269 0.5092516
v 23.9735699 49.1038780 22.6562843
vn -0.8783491 0.1866422 0.4400769
v 24.6340828 47.9275322 23.0376339
vn 0.0921548 0.1118412 0.9894438
v 24.9622250 47.7400475 23.2270851
vn 0.0294281 0.4286436 0.9029943
v 24.9098167 48.2702446 23.1968269
vn -0.7545789 0.4850485 0.4419713
v 24.6967716 48.2882805 23.0738258
vn -0.8712460 0.1972221 0.4494817
v 25.4670982 47.2097130 23.5185738
vn 0.1205385 0.1199573 0.9854343
v 25.7937603 47.1614265 23.7071724
vn 0.0805294 0.4215046 0.9032435
v 25.7444172 47.6420250 23.6786842
vn -0.7660730 0.4604322 0.4484801
v 25.5336208 47.6587868 23.5569801
vn 0.2354427 -0.0652119 0.9696980
v 26.1832733 44.7958527 24.1497669
vn -0.0335268 -0.4145886 0.9093912
v 26.0005302 44.0535126 24.0008907
vn 0.0177078 0.5542053 0.8321917
v 20.5164413 48.5465965 20.6663628
vn 0.0588760 0.5694873 0.8198889
v 20.2607689 49.0048714 20.4141922
vn -0.6427932 -0.6701421 -0.3711152
v 21.3512402 45.8708076 20.8892689
vn -0.7560560 -0.4876886 -0.4365080
v 20.5411663 46.9068260 20.4215717
vn -0.8639879 0.0685124 -0.4988297
v 20.0692768 48.8994865 20.1491241
vn -0.4040446 0.8844950 -0.2332739
v 20.1382828 49.1638756 20.1889668
vn -0.8335134 -0.2714319 -0.4812278
v 20.1987267 48.1419945 20.2238636
vn 0.8326097 0.2751023 0.4807078
v 21.5730343 48.7362633 21.0173206
vn -0.0780838 0.9959270 -0.0450812
v 21.7176533 48.0323067 21.1008167
vn -0.3179344 0.9301739 -0.1835598
v 20.9448166 48.2849617 20.6546192
vn -0.8650815 -0.0466916 -0.4994536
v 20.9378128 48.8077507 20.6505756
vn 0.8563710 0.1488919 0.4944289
v 22.5035725 48.6855278 21.5545673
vn 0.0303964 0.9993839 0.0175472
v 22.6028137 48.0438576 21.6118622
vn -0.8473480 0.2065652 -0.4892159
v 21.8347340 48.6889915 21.1684132
vn 0.8659799 0.0101653 0.4999755
v 23.4729099 48.4487953 22.1142139
vn 0.2168875 0.9681320 0.1252207
v 23.5074787 47.8927040 22.1341724
vn -0.8098027 0.3544390 -0.4675390
v 22.7636337 48.5830727 21.7047138
vn 0.8656982 0.0274165 0.4998150
v 24.4026012 47.9081230 22.6509724
vn 0.1530334 0.9842631 0.0883571
v 24.4419003 47.3443108 22.6736622
vn -0.7381920 0.5229047 -0.4261963
v 23.7335777 48.2171745 22.2647114
vn 0.8391064 0.2473874 0.4844583
v 25.2210026 47.2913628 23.1234741
vn 0.0589518 0.9976804 0.0340366
v 25.3656216 46.7698936 23.2069721
vn -0.7865498 0.4184730 -0.4541143
v 24.6093025 47.6497154 22.7703114
vn 0.8332533 0.2724893 0.4810807
v 26.0544395 46.6660805 23.6046619
vn 0.8364984 0.2588949 0.4829533
v 26.3048286 45.8138313 23.7492237
vn -0.8098724 0.3542273 -0.4675784
v 25.4456482 46.9511909 23.2531757
vn 0.4096533 0.8810471 0.2365169
v 21.0677891 50.2452126 20.7256184
vn 0.8126473 0.3456511 0.4691797
v 21.3579025 49.4956474 20.8931122
vn -0.6478016 0.6636806 -0.3740069
v 20.7652836 50.2356377 20.5509663
vn -0.8585052 -0.1314826 -0.4956623
v 20.8840294 49.4415321 20.6195221
vn 0.4445701 0.8581820 0.2566732
v 22.2914009 50.5725212 21.4320698
vn 0.8597337 0.1203193 0.4963681
v 22.3953190 49.6755409 21.4920673
vn -0.6148788 0.7042015 -0.3549991
v 21.9721909 50.5011559 21.2477741
vn -0.8629772 0.0838398 -0.4982382
v 21.9317284 49.6184578 21.2244129
vn 0.6668577 0.6380169 0.3850133
v 23.5160408 49.9510307 22.1391163
vn 0.8652630 -0.0419085 0.4995635
v 23.5015831 49.1583977 22.1307697
vn -0.4125093 0.8792701 -0.2381601
v 23.1473827 50.0555458 21.9262714
vn -0.8285959 0.2908115 -0.4783907
v 22.9351044 49.3202553 21.8037128
vn 0.6633754 0.6428404 0.3830006
v 24.4120369 49.1389656 22.6564198
vn 0.8659294 -0.0149263 0.4999436
v 24.4146271 48.4698677 22.6579151
vn -0.3711976 0.9034846 -0.2143081
v 24.0524693 49.2510719 22.4488239
vn -0.8154431 0.3367504 -0.4707991
v 23.8778801 48.6775551 22.3480244
vn 0.5590363 0.7637435 0.3227606
v 25.0679512 48.3828316 23.0351124
vn 0.8559411 0.1521631 0.4941774
v 25.1375122 47.7837868 23.0752735
vn -0.5071473 0.8105981 -0.2928009
v 24.7646790 48.3967552 22.8600178
vn -0.8384790 0.2502043 -0.4840980
v 24.6882191 47.9918175 22.8158722
vn 0.5236353 0.7964967 0.3023229
v 25.8737984 47.7675667 23.5003681
vn 0.8527697 0.1742841 0.4923503
v 25.9532166 47.1786308 23.5462208
vn -0.5115399 0.8069100 -0.2953357
v 25.5984879 47.7806435 23.3414173
vn -0.8405105 0.2409563 -0.4852651
v 25.5153408 47.2651634 23.2934132
vn 0.7085274 -0.5750232 0.4090689
v 26.2684364 44.0357742 23.7282124
vn 0.5459309 -0.7762808 0.3151945
v 25.7200871 43.5834427 23.4116211
vn 0.8637515 -0.0724232 0.4986866
v 26.4751625 44.7674751 23.8475666
vn 0.6399338 0.6737798 0.3694666
v 20.6311302 48.6236534 20.4735126
vn 0.5062403 0.8113508 0.2922853
v 20.3281212 49.0790520 20.2985706
vn 0.1070669 -0.9923284 0.0618142
v 16.9037437 14.1878567 18.3215065
vn -0.7532535 0.4934360 -0.4348910
v 20.1560421 44.4187737 20.1992207
vn -0.8099072 0.3541198 -0.4675997
v 19.4726143 42.7859421 19.8046436
vn 0.7739100 0.4487961 0.4468170
v 25.1979561 44.6368332 23.1101704
vn 0.8597632 -0.1200391 0.4963848
v 25.4564571 42.7931557 23.2594166
vn -0.5798553 0.7427587 -0.3347796
v 20.9861507 45.7136650 20.6784821
vn 0.4504081 0.8541136 0.2600435
v 24.0148621 45.9149055 22.4271107
vn -0.8478563 0.2037660 -0.4895091
v 19.0241413 41.0146828 19.5457172
vn 0.8496925 -0.1932973 0.4905700
v 24.7852669 40.9348068 22.8719044
vn -0.8614522 0.1026317 -0.4973598
v 18.6957874 38.7962799 19.3561401
vn 0.8589277 0.1277642 0.4959027
v 24.7603970 38.9966011 22.8575459
vn -0.8654556 0.0362793 -0.4996704
v 18.5759068 36.6275597 19.2869282
vn 0.7738414 0.4489530 0.4467781
v 25.2425404 37.1736145 23.1359119
vn -0.8660063 0.0066396 -0.4999891
v 18.6115589 34.6961212 19.3075123
vn 0.6828394 0.6150668 0.3942376
v 26.6110077 35.0414085 23.9259968
vn -0.8601994 0.1157981 -0.4966366
v 18.6347637 33.2289352 19.3209095
vn -0.7941544 0.3988628 -0.4585054
v 18.3225060 31.6932201 19.1406269
vn -0.5987577 0.7224857 -0.3456930
v 17.4718609 30.2688274 18.6495075
vn 0.5720387 -0.7507967 0.3302667
v 25.0174465 18.3233128 23.0059528
vn 0.3340230 -0.9226257 0.1928486
v 21.3636894 15.5903654 20.8964577
vn -0.2984952 0.9387230 -0.1723364
v 16.1088657 29.2656479 17.8625813
vn 0.0715371 0.9965825 0.0413020
v 14.3982210 28.9054909 16.8749409
vn -0.2709033 -0.9498150 -0.1564061
v 12.7986593 14.3987951 15.9514332
vn 0.4675395 0.8417497 0.2699341
v 12.7918396 29.5113468 15.9474964
vn -0.5958732 -0.7256585 -0.3440276
v 8.8772039 16.9019527 13.6873789
vn 0.6556911 0.6532678 0.3785636
v 11.5799923 30.9988232 15.2478352
vn -0.8135937 -0.3426660 -0.4697290
v 7.0351291 20.5055199 12.6238565
vn -0.8660199 -0.0035456 -0.4999970
v 6.4860139 25.6238232 12.3068247
vn 0.5880281 0.7341421 0.3394972
v 10.4932585 32.8033638 14.6204081
vn -0.8127594 0.3452967 -0.4692467
v 7.2650881 30.0087509 12.7566242
vn -0.0720992 0.9965285 -0.0416261
v 22.3386555 46.4559898 21.4593525
vn 0.7465687 0.5068008 0.4310315
v 28.3353958 32.5735474 24.9215717
vn 0.8558358 0.1529477 0.4941175
v 29.5225067 29.3080311 25.6069508
vn 0.8310221 -0.2814304 0.4797908
v 29.2565517 25.3538074 25.4534016
vn 0.7229428 -0.5505801 0.4173912
v 27.6899719 21.9259624 24.5489368
vn 0.7888896 0.4125593 0.4554647
v 26.3018417 43.0445023 23.7474995
vn 0.5779022 0.6072576 0.5452222
v 25.0524273 44.6296349 21.5628548
vn 0.1868669 0.9793874 0.0766885
v 24.6402531 45.0218544 21.0691204
vn 0.3727836 0.9261650 -0.0570146
v 24.8118191 44.9983711 20.9509735
vn 0.7181402 0.5975503 0.3566628
v 25.1926708 44.6360130 21.4071045
vn -0.1396281 0.8291792 -0.5412633
v 24.2959652 44.8635826 20.4178848
vn 0.0844953 0.7935849 -0.6025641
v 24.4938297 44.8521538 20.3493423
vn -0.2103903 0.2446820 -0.9465024
v 24.2214565 44.2474937 19.9907246
vn 0.0219852 0.2774163 -0.9604982
v 24.4249535 44.2829742 19.9546642
vn 0.0161708 -0.4317815 -0.9018332
v 24.4603043 43.5345345 20.0377808
vn 0.2220982 -0.3198482 -0.9210697
v 24.6455746 43.6242828 19.9981346
vn 0.4072186 -0.8039803 -0.4333459
v 24.8725624 43.1423225 20.5315552
vn 0.5673974 -0.6485620 -0.5073733
v 25.0265026 43.2619247 20.4543171
vn 0.7337920 -0.6538224 0.1845687
v 25.2167778 43.3005943 21.1827335
vn 0.8557730 -0.5159352 0.0382543
v 25.3444939 43.4081345 21.0559444
vn 0.8045644 -0.0692103 0.5898187
v 25.2912788 43.9166641 21.6099072
vn 0.9182211 0.0002405 0.3960682
v 25.4132805 43.9773026 21.4505959
vn 0.6563006 0.6959481 -0.2914202
v 24.9749413 44.8354034 20.8098583
vn 0.8688305 0.4937313 -0.0369190
v 25.2664318 44.5580635 21.1589851
vn 0.4788765 0.6143617 -0.6270862
v 24.7315559 44.7234840 20.3493938
vn 0.4403996 0.2967367 -0.8473462
v 24.6788197 44.2878647 20.0473022
vn 0.5635645 -0.0706983 -0.8230412
v 24.8476734 43.7837143 20.0806465
vn 0.7760870 -0.2728746 -0.5685316
v 25.1393070 43.5063744 20.4297695
vn 0.9535255 -0.1913035 -0.2327919
v 25.3826656 43.6182938 20.8902187
vn 0.9919153 0.1262763 -0.0125850
v 25.4352932 44.0539131 21.1922531
vn 0.7772551 0.4709232 -0.4172599
v 25.1047974 44.5577545 20.6673393
vn 0.8794081 0.3737269 -0.2949061
v 25.2625370 44.4076347 20.8562832
vn 0.6919269 0.4317245 -0.5786633
v 24.9730587 44.4971733 20.4180965
vn 0.6734412 0.2790699 -0.6845415
v 24.9445591 44.2614136 20.2546291
vn 0.7326665 0.1021800 -0.6728738
v 25.0360146 43.9885750 20.2726784
vn 0.8347691 0.0052088 -0.5505756
v 25.1936684 43.8385048 20.4615898
vn 0.9200692 0.0444201 -0.3892295
v 25.3254299 43.8990440 20.7107906
vn 0.9385753 0.1971398 -0.2832178
v 25.3539753 44.1348038 20.8742962
vn 0.8311272 0.2454775 -0.4989674
v 25.1815376 44.2076836 20.5449772
vn 0.5196742 0.8323467 0.1927112
v 24.0783501 44.1751137 19.8515682
vn 0.6506742 0.7462707 -0.1403682
v 24.1924706 44.1437759 19.6579361
vn 0.8894035 0.4475366 0.0931260
v 24.4570713 43.8023148 19.8118153
vn 0.7056627 0.4796774 0.5214881
v 24.3168945 43.8316956 19.9846001
vn 0.4938911 0.6849432 -0.5356534
v 24.1382961 44.1031227 19.5295372
vn 0.7942835 0.3131955 -0.5205981
v 24.3853683 43.7307854 19.5876198
vn 0.5104864 0.4850068 -0.7100508
v 23.9798012 44.0727539 19.3834648
vn 0.6008884 0.2816605 -0.7480645
v 24.1371384 43.6877441 19.3141365
vn 0.3570290 0.4930851 -0.7933457
v 23.7886581 44.0669136 19.2679386
vn 0.4037206 0.2681407 -0.8747058
v 23.8285255 43.6609344 19.1055050
vn -0.0146837 0.6373777 -0.7704117
v 23.6136837 44.0833359 19.2160263
vn -0.0461638 0.2915935 -0.9554278
v 23.5132561 43.6490936 18.9991608
vn -0.2577500 0.7006183 -0.6653563
v 23.4341297 44.1136055 19.3179798
vn -0.3613194 0.3042326 -0.8814141
v 23.2035065 43.6570549 19.1266689
vn 0.9400440 0.2168053 0.2632731
v 24.5952682 43.3203049 19.8876362
vn 0.6583602 0.1744238 0.7322146
v 24.4078293 43.3297844 20.0575047
vn 0.8756908 0.1725504 -0.4509901
v 24.5304184 43.2389832 19.6103706
vn 0.6398805 0.1511373 -0.7534657
v 24.2609482 43.1510735 19.2550869
vn 0.3675181 0.0720402 -0.9272220
v 23.8560715 43.0299034 18.9837589
vn -0.0986412 -0.0235533 -0.9948443
v 23.4922523 42.9402428 18.8936958
vn -0.4027837 -0.0352052 -0.9146179
v 23.1937294 42.9323540 19.0273914
vn 0.9518023 0.1706877 0.2548295
v 24.6704731 42.8959732 19.8965988
vn 0.6482341 0.1668136 0.7429441
v 24.4570312 42.9052658 20.0678654
vn 0.8766237 0.1067571 -0.4691841
v 24.5862064 42.7722626 19.5819206
vn 0.6373104 0.0295977 -0.7700387
v 24.3555641 42.6004143 19.2556343
vn 0.3429815 -0.1280721 -0.9305704
v 24.0014801 42.4411354 19.0697308
vn -0.0524319 -0.3502120 -0.9352018
v 23.6315880 42.2962456 19.0171680
vn -0.2792559 -0.4363438 -0.8553481
v 23.3573799 42.2376747 19.1335297
vn 0.9480055 0.2880406 0.1353449
v 24.7072716 42.5883141 19.9456577
vn 0.7253850 0.4632218 0.5091584
v 24.5745449 42.6172028 20.1015701
vn 0.8946866 0.0524642 -0.4436028
v 24.6531086 42.3952255 19.6574497
vn 0.7052268 -0.1280698 -0.6973187
v 24.4715748 42.1487427 19.3908825
vn 0.3851250 -0.3533957 -0.8525200
v 24.2219543 41.9394341 19.2618332
vn -0.0053877 -0.6202382 -0.7843950
v 23.9688454 41.7541161 19.2994137
vn -0.2015692 -0.7369133 -0.6452354
v 23.6927052 41.6391144 19.5267258
vn 0.9146699 0.3979034 0.0710772
v 24.7856255 42.3507957 20.1105404
vn 0.6996179 0.6232479 0.3494237
v 24.6852493 42.3866234 20.2518024
vn 0.9452252 0.0343156 -0.3246103
v 24.7732677 42.1668434 19.9097157
vn 0.8406875 -0.2142795 -0.4973216
v 24.6607647 41.9016953 19.7085819
vn 0.6321735 -0.4926862 -0.5980109
v 24.5050125 41.6476746 19.6435757
vn 0.2706232 -0.7778446 -0.5672045
v 24.3224125 41.4407234 19.7072201
vn -0.0194751 -0.8760930 -0.4817486
v 24.0514526 41.3324623 19.9129887
vn 0.8454300 0.5295579 0.0694023
v 24.8517113 42.1511841 20.3726616
vn 0.5332640 0.7989943 0.2779167
v 24.7609959 42.1698761 20.4990273
vn 0.9630691 0.0692404 -0.2601992
v 24.8682613 42.0076561 20.2424355
vn 0.9065396 -0.2205804 -0.3599030
v 24.8182468 41.7847061 20.1572495
vn 0.8021262 -0.4533465 -0.3886779
v 24.7233620 41.5475426 20.1485596
vn 0.6526985 -0.6537220 -0.3829259
v 24.6044426 41.3466034 20.2135448
vn 0.5385464 -0.7629420 -0.3576132
v 24.4705124 41.1650658 20.3499355
vn 0.7150391 0.6926911 0.0943295
v 24.9699116 42.0014954 20.7351341
vn 0.4016360 0.8706266 0.2840737
v 24.8881168 42.0040359 20.8429928
vn 0.9685171 0.1697294 -0.1821170
v 25.0052528 41.9021950 20.6559162
vn 0.9433241 -0.1842190 -0.2760489
v 24.9917641 41.7318954 20.6275215
vn 0.8122128 -0.5166669 -0.2708608
v 24.8977432 41.4397926 20.6825218
vn 0.6962634 -0.6914455 -0.1926668
v 24.7304115 41.2121849 20.8329449
vn 0.8413350 0.4930208 0.2215534
v 25.0561504 41.8612747 21.0473747
vn 0.6231002 0.6184776 0.4787813
v 24.9798832 41.8647842 21.1336937
vn 0.9875238 -0.1279474 -0.0917949
v 25.0597401 41.6850128 20.9705353
vn 0.8565792 -0.5055909 0.1031983
v 25.0021496 41.4628448 21.0630856
vn 0.7042537 -0.6658283 0.2463726
v 24.8897533 41.3793640 21.1587601
vn 0.9528341 -0.0077376 0.3033932
v 25.0349007 41.6832161 21.2009983
vn 0.9184636 -0.0577836 0.3912617
v 25.0119076 41.6841125 21.2615776
vn 0.1107064 0.9555569 -0.2732309
v 23.7460327 44.3006935 19.5919533
vn 0.2825616 0.8437586 -0.4563227
v 23.8745899 44.2451324 19.4601059
vn -0.7599384 -0.6499778 0.0047474
v 16.5849514 11.7075930 14.7656946
vn -0.8790344 -0.4718880 -0.0679719
v 15.4459200 13.4015722 14.6883860
vn -0.7236999 -0.5405387 0.4290413
v 16.1143150 13.3285236 15.9362698
vn -0.6512451 -0.5745560 0.4957471
v 16.9879189 11.8538017 15.6781502
vn -0.3503966 -0.6425437 0.6814396
v 17.3692646 13.1120939 17.3468628
vn -0.3327257 -0.6296241 0.7020450
v 17.7296772 12.1001635 16.5672131
vn 0.1154106 -0.6299549 0.7680086
v 19.3378849 12.8506927 17.4632969
vn 0.0518094 -0.6512332 0.7571071
v 18.6708336 11.6867723 16.4402561
vn 0.5473233 -0.7135040 0.4374349
v 20.4605751 12.7056217 16.6353168
vn 0.5213577 -0.7046273 0.4813382
v 19.3774261 11.3186417 15.8191843
vn -0.4413115 -0.7632487 -0.4719063
v 14.7425604 15.1821432 15.0042362
vn -0.3945669 -0.9187308 -0.0158356
v 15.3405828 14.6349316 16.3144379
vn 0.3234636 -0.8759105 0.3579836
v 20.4270039 15.4530630 19.0109081
vn 0.5657020 -0.6723606 0.4774018
v 21.7809925 14.2576323 17.5727139
vn 0.6849228 -0.7142025 0.1442072
v 23.2954559 16.5955524 18.8981953
vn -0.4092945 -0.6038669 0.6839757
v 17.9712753 10.9286728 15.6749382
vn -0.4470425 -0.5304077 -0.7202921
v 16.9047184 11.7792625 14.0346584
vn -0.0330925 -0.3047321 -0.9518631
v 17.8761883 12.1423140 13.8368263
vn -0.1055302 -0.1809885 -0.9778070
v 17.2086296 13.7494717 13.4552908
vn -0.5974281 -0.3001913 -0.7436161
v 15.8143959 13.5913906 13.8209801
vn 0.2131267 -0.3116671 -0.9259809
v 18.9908981 12.5830240 13.7035160
vn 0.2133843 -0.1520093 -0.9650701
v 19.2791309 13.9194736 13.3878746
vn 0.5832952 -0.4902110 -0.6476573
v 19.5979347 11.9733629 14.2932711
vn 0.6463212 -0.3922974 -0.6545011
v 20.6876106 13.4250736 14.2661276
vn 0.7401076 -0.6542063 -0.1557401
v 19.7236099 11.4386616 15.1066036
vn 0.7739159 -0.6273796 -0.0863072
v 20.9022827 12.8166132 15.5808897
vn -0.1709561 -0.0202231 -0.9850711
v 16.9453602 16.0875607 13.1296701
vn -0.3046346 -0.3883752 -0.8696911
v 15.1538029 15.9283018 13.9159660
vn 0.2681794 -0.0147210 -0.9632565
v 19.7356205 16.0132923 13.3868227
vn 0.6885389 -0.2308861 -0.6874633
v 21.8697662 15.3036222 14.5383358
vn 0.8215250 -0.5594345 -0.1101348
v 22.3074570 14.5267248 16.2778549
vn 0.0930081 -0.0139653 -0.9955674
v 17.8333931 18.2800312 13.0371675
vn 0.1210276 -0.2476021 -0.9612729
v 16.1064663 18.2138748 13.0311031
vn 0.3586331 0.0477261 -0.9322578
v 20.4707718 18.1589718 13.6686821
vn 0.7229828 -0.1351126 -0.6775253
v 23.0460873 17.6133518 15.2420988
vn 0.8888339 -0.4444495 -0.1115303
v 23.7093811 16.6347218 17.1942539
vn 0.7666324 -0.0376977 -0.6409786
v 24.1849098 20.3071041 16.0880222
vn 0.4823205 0.0912569 -0.8712285
v 22.1217937 20.5906124 14.5792313
vn 0.8469188 -0.2959012 -0.4417817
v 25.1157799 19.8149624 18.0906982
vn 0.6137052 0.0230056 -0.7892001
v 24.7722244 23.8370304 17.1177616
vn 0.4532147 0.2044299 -0.8676432
v 21.8717117 22.3012848 14.9149742
vn 0.1730335 -0.8433001 -0.5088264
v 18.5252934 10.2642832 14.5481739
vn 0.3293417 -0.4152345 -0.8480061
v 18.7121468 11.2150116 14.2068968
vn -0.0667429 -0.9610006 0.2683715
v 18.3331528 10.1632118 15.2207546
vn -0.3268179 0.2846504 -0.9012015
v 17.4868183 11.8150826 14.3254433
vn -0.4137576 0.3268804 -0.8496787
v 17.0281334 10.0683327 13.9801369
vn 0.7995057 -0.2742578 -0.5343906
v 17.9052124 9.4058733 14.2159376
vn 0.8201205 -0.2954664 -0.4900020
v 18.7866383 10.8605833 14.8012619
vn -0.3294825 0.4701623 -0.8187727
v 16.5263138 8.8379326 13.6244612
vn 0.8114861 -0.2300658 -0.5371779
v 17.2807007 8.2633734 13.8116617
vn 0.8107012 -0.2206656 -0.5422825
v 16.7300968 7.1108422 13.4282980
vn -0.0953516 0.6152789 -0.7825216
v 15.8196516 7.8358121 13.2224598
vn -0.1886736 -0.0965663 -0.9772806
v 15.3410416 6.7602220 12.9468222
vn 0.8061172 -0.1374567 -0.5755699
v 16.3085270 6.2203131 13.1315012
vn 0.3857174 0.6428494 -0.6617906
v 15.2305393 7.6739621 13.0008297
vn -0.1703462 -0.4439368 -0.8797172
v 14.8120956 7.1639929 12.7346268
vn 0.7462105 0.5214063 -0.4138907
v 14.8530693 7.9808531 12.9076166
vn -0.3030020 -0.1715237 -0.9374270
v 14.4915247 7.6309729 12.6534576
vn 0.6474112 0.7023998 -0.2957928
v 14.6423512 8.4585018 12.8919764
vn -0.2368516 0.4328165 -0.8698111
v 14.3714342 8.3699732 12.7356682
vn 0.8545066 0.0430917 -0.5176500
v 16.0746365 5.2720528 12.9349890
vn -0.4714558 0.3357923 -0.8154588
v 15.1206961 5.7667618 12.7718916
vn -0.3254069 0.4197872 -0.8472834
v 14.8812399 4.8095422 12.4062471
vn 0.8445051 0.1461928 -0.5152076
v 16.0977306 4.1700430 12.6798391
vn 0.1378109 -0.2914239 -0.9466152
v 14.9813566 3.0667119 12.2046413
vn 0.8085849 0.2198883 -0.5457468
v 16.2559719 3.1256430 12.6259108
vn -0.3984106 -0.5887015 -0.7033488
v 15.5500154 1.2196029 12.3945017
vn 0.6013799 0.4322231 -0.6719566
v 16.7527332 2.0056520 12.6811447
vn -0.0718493 -0.7357676 -0.6734121
v 17.3586674 0.4862030 12.7555971
vn 0.4478605 0.5827261 -0.6781234
v 17.8381557 1.2432430 12.8445330
vn 0.4955013 -0.7435050 -0.4490866
v 19.1802292 0.2605430 13.0853605
vn 0.8911006 0.2849341 -0.3532028
v 19.3509178 0.5861020 13.1150999
vn -0.0353999 0.4937133 -0.8689039
v 14.2108898 3.4959631 11.9873114
vn 0.3441793 -0.7357444 -0.5832845
v 14.1942730 2.6768019 11.9335108
vn -0.3288516 0.5271751 -0.7835452
v 13.0125122 3.1719539 11.5529518
vn -0.3178272 -0.5157546 -0.7956024
v 13.0055962 2.8379030 11.5309353
vn -0.9465385 0.1452704 0.2880301
v 17.1731071 11.4847841 14.8927917
vn 0.3721422 -0.5259313 0.7647918
v 18.6088142 10.7572117 15.3466883
vn 0.3439669 -0.4962493 0.7971345
v 17.7541313 9.3257933 14.7782145
vn -0.8564712 0.1132679 0.5036144
v 16.8943882 10.0132027 14.5301504
vn 0.3667708 -0.4564334 0.8106465
v 17.1357975 8.1861830 14.3884449
vn -0.8001146 0.2549188 0.5429853
v 16.3688698 8.7653131 14.1676102
vn 0.4097048 -0.4289121 0.8050941
v 16.5904274 7.0362139 14.0178099
vn 0.4398648 -0.2710711 0.8561772
v 16.1398296 6.1449928 13.8071156
vn -0.7381728 -0.1879644 0.6478969
v 15.1762247 6.6958342 13.4957218
vn -0.5748965 0.4211365 0.7015256
v 15.6414042 7.7477822 13.7595882
vn -0.7713272 -0.5141676 0.3750814
v 14.5595160 7.1307321 13.2742805
vn -0.2520449 0.5308431 0.8091224
v 14.9426861 7.6833119 13.5042257
vn -0.9629478 -0.1782089 0.2024181
v 14.2655754 7.6418829 13.0257721
vn -0.0178790 0.5147417 0.8571589
v 14.6502438 8.0112638 13.2157059
vn -0.8144896 0.5801269 -0.0077097
v 14.2847052 8.4067516 12.8430414
vn 0.0446940 0.8561977 0.5147117
v 14.5557003 8.4952316 12.9995184
vn 0.5176274 -0.0278782 0.8551518
v 15.8788061 5.2487721 13.7788153
vn 0.3189420 0.1155479 0.9407043
v 15.5568066 4.1986341 13.9590921
vn -0.8804315 0.2721859 0.3882721
v 14.4248648 4.8190522 13.5612736
vn -0.8124366 0.2999619 0.4999698
v 14.9426117 5.7919431 13.4847622
vn 0.1767896 0.3535649 0.9185518
v 15.4955940 3.1685319 14.2357712
vn -0.9821452 -0.0004102 0.1881238
v 14.2094908 3.0004339 13.6981688
vn 0.0602654 0.5701811 0.8193056
v 15.7407112 2.1653030 14.6937847
vn -0.8414837 -0.4700918 0.2663063
v 14.5741510 1.3341830 14.3081360
vn 0.7536211 0.1828660 0.6313599
v 16.5374451 2.1529219 13.3628101
vn 0.3193880 0.5413094 0.7778017
v 17.6848049 1.3089720 13.4569473
vn -0.2570220 -0.6890742 0.6775815
v 17.2069454 0.5516020 13.3833790
vn -0.1118071 -0.9927577 -0.0439457
v 15.3621206 1.3427041 12.9555387
vn 0.6844732 0.1807196 0.7062838
v 19.2621670 0.5564240 13.3906469
vn 0.2566273 -0.7230547 0.6413535
v 19.0936298 0.2984030 13.3507748
vn -0.9528579 -0.2630492 -0.1512184
v 14.6551428 3.0093119 13.1004705
vn -0.2672434 -0.7901158 0.5516321
v 13.9346037 2.6675539 12.4272776
vn -0.7670607 0.4776666 0.4283136
v 13.9390774 3.4959440 12.4581041
vn -0.9099662 0.3252623 -0.2572277
v 14.6730442 4.7934818 12.9694281
vn -0.8308104 -0.5345055 0.1551062
v 12.8801613 2.8378129 11.7481937
vn -0.8468095 0.4961445 0.1917142
v 12.8868246 3.1719630 11.7706480
vn 0.9220460 0.0318885 0.3857646
v 15.9146671 4.1393929 13.3888826
vn 0.8638737 0.2858287 0.4147581
v 16.0312328 3.1561041 13.5328093
vn 0.9781523 0.0161703 0.2072598
v 16.1783047 2.1562741 14.0040255
vn -0.1189432 -0.9928789 0.0066326
v 15.0705204 1.3695630 13.6277828
vn -0.1797329 -0.6695162 -0.7207248
v 11.4220362 0.4065830 11.4707632
vn -0.4470716 0.3926152 -0.8037290
v 11.2964611 0.7437920 11.4354572
vn -0.9246551 0.3482158 0.1541384
v 11.2274714 0.7436930 11.5553789
vn -0.6629868 -0.7078654 0.2436702
v 11.3601665 0.4066040 11.5785341
vn 0.9062133 0.3961968 -0.1476667
v 18.4006557 1.0126120 15.8174591
vn 0.6544251 -0.6830724 -0.3242526
v 18.1651573 0.5359120 15.7656965
vn 0.1593056 -0.7087212 0.6872671
v 18.0165958 0.4900020 16.0244179
vn 0.4570839 0.3279830 0.8267415
v 18.2519417 0.9666830 16.0761986
vn 0.1713854 -0.8234717 -0.5408527
v 16.5092678 0.5845930 14.8447838
vn 0.7262357 0.4850404 -0.4871525
v 16.8087521 1.2627929 14.9124870
vn -0.4850177 -0.6402116 0.5957239
v 16.1423645 0.6309040 15.4269333
vn -0.1133180 0.5975906 0.7937534
v 16.4418411 1.3091040 15.4947710
vn -0.0689606 0.5751115 -0.8151633
v 13.7975407 1.8386830 12.3494310
vn 0.4919290 -0.6720538 -0.5534886
v 14.2166729 0.7585930 12.4420757
vn -0.6066222 0.5085626 0.6110430
v 13.5115347 1.8470920 13.0358467
vn -0.0785447 -0.6664202 0.7414277
v 13.8888779 0.7647730 13.1354446
vn 0.0142846 0.6159065 -0.7876898
v 12.7176886 1.1200531 11.8707914
vn 0.3285308 -0.6999592 -0.6341330
v 12.9565058 0.4507740 11.9175968
vn -0.6366339 0.5405977 0.5499560
v 12.4988728 1.1256530 12.3742428
vn -0.2466994 -0.7628448 0.5976682
v 12.7057829 0.4530320 12.3912287
vn 0.3553764 -0.0073254 -0.9346946
v 19.7726746 19.8845425 13.5552521
vn 0.2694100 0.0187937 -0.9628422
v 18.4403229 20.7802238 13.3923101
vn -0.3492219 0.2486159 -0.9034568
v 20.5845165 42.7285233 18.9814968
vn -0.3940816 0.4298488 -0.8123606
v 21.0803738 44.3773041 19.3902264
vn 0.0798114 0.0781005 -0.9937457
v 22.1427803 42.6962433 18.7714577
vn -0.0205056 0.3402851 -0.9400988
v 22.3116703 44.4258156 19.0797596
vn 0.4827418 -0.0155217 -0.8756252
v 23.6501923 42.7225952 19.2025967
vn 0.4247947 0.3315786 -0.8423806
v 23.5536118 44.6456833 19.4144363
vn 0.7916737 -0.0447041 -0.6093064
v 24.8338165 42.7304153 20.2232971
vn 0.7639012 0.3199034 -0.5604612
v 24.7508488 44.5688248 20.4431763
vn 0.9852013 -0.0933974 -0.1437198
v 25.6108303 42.7738533 21.8314514
vn 0.9070287 0.4041272 -0.1182379
v 25.4106731 44.6122932 21.8545227
vn -0.3057995 0.7492386 -0.5874763
v 21.5203133 45.7240105 20.2162380
vn -0.0743584 0.6431678 -0.7621063
v 22.4427662 45.4210014 19.6808796
vn 0.2374237 0.7672219 -0.5958193
v 23.2177982 45.7927818 20.0283070
vn 0.5937150 0.6483775 -0.4765597
v 24.0871811 45.5028343 20.5220623
vn 0.5540718 0.8242621 -0.1166040
v 24.1826229 45.8445015 21.5865536
vn -0.2915772 0.1049871 -0.9507684
v 20.1011391 40.9575043 18.8818989
vn 0.1517598 -0.0586768 -0.9866742
v 21.7131443 40.8127251 18.8390331
vn 0.4905848 -0.1492066 -0.8585243
v 23.2772274 40.7508545 19.3795357
vn 0.7900794 -0.1733856 -0.5879728
v 24.4818993 40.7921028 20.3938103
vn 0.9761509 -0.1826136 -0.1173959
v 25.0226021 40.8898239 21.6714592
vn -0.2231142 0.0652494 -0.9726061
v 19.7664223 38.7820740 18.7854404
vn 0.2180933 -0.0049178 -0.9759156
v 21.4085636 38.7262535 18.9303646
vn 0.4888310 -0.0360531 -0.8716332
v 22.9520836 38.7037926 19.5249138
vn 0.7552943 -0.0208360 -0.6550545
v 24.2384853 38.7860527 20.4977894
vn 0.9740216 0.0636596 -0.2173236
v 24.9239445 38.9288254 21.7153873
vn -0.2615289 0.0834046 -0.9615853
v 19.6405983 36.6396942 18.6143951
vn 0.2125191 0.1340874 -0.9679133
v 21.3566227 36.6565857 18.7675209
vn 0.4732281 0.1524020 -0.8676571
v 22.9412708 36.6688728 19.4006367
vn 0.7038703 0.1873693 -0.6851711
v 24.4367771 36.8465958 20.5533867
vn 0.8972131 0.3239448 -0.3001141
v 25.3243694 37.0785027 21.9040318
vn -0.3404676 0.1086467 -0.9339581
v 19.7814693 34.6858139 18.3589878
vn 0.1680243 0.2592266 -0.9510885
v 21.6379623 34.6588554 18.3724480
vn 0.4837568 0.3227796 -0.8135064
v 23.7193184 34.6778755 19.2604160
vn 0.6660798 0.3829882 -0.6400451
v 25.5074883 34.8554726 20.8036556
vn 0.8084798 0.5292888 -0.2573205
v 26.6782551 34.9884758 22.4444065
vn -0.3423846 0.1883068 -0.9204963
v 20.0740719 33.1229134 18.0525646
vn 0.1865873 0.2902213 -0.9385930
v 22.3571911 32.9146347 17.8740845
vn 0.5231923 0.3413683 -0.7808569
v 25.0124035 32.7618637 19.0961666
vn 0.7003655 0.4118531 -0.5829796
v 27.4039803 32.6678848 21.1537857
vn 0.8573031 0.4961701 -0.1372830
v 28.5354595 32.6642723 23.1192379
vn -0.2756976 0.3525835 -0.8942459
v 20.0358963 31.3726025 17.6499348
vn 0.2576951 0.2745347 -0.9264038
v 23.0282459 30.5520439 17.3886013
vn 0.5516529 0.3100522 -0.7743040
v 26.1253738 30.4097614 19.0398445
vn 0.7914807 0.2664279 -0.5500678
v 28.7347946 30.1387329 21.1919498
vn 0.9798791 0.1864665 -0.0711842
v 29.9268055 29.5146427 23.4851761
vn -0.1066777 0.5865197 -0.8028789
v 19.3794327 29.7221012 16.9169693
vn 0.3024562 0.2618161 -0.9165002
v 22.6542568 28.1199436 16.6059513
vn 0.5874311 0.1842667 -0.7880168
v 26.6686401 28.3516521 18.5388832
vn 0.5868123 0.0052192 -0.8097062
v 26.1481133 26.0227222 17.9332581
vn 0.8598976 -0.0370743 -0.5091185
v 29.0238247 26.7817516 20.8379402
vn 0.8209770 -0.2384373 -0.5187913
v 28.0658054 23.7614422 20.2369003
vn 0.9764124 -0.2121569 -0.0401029
v 29.7095928 25.6882534 23.4389744
vn 0.8870890 -0.4579417 -0.0579872
v 28.3669262 22.2965527 22.5765495
vn 0.3646394 0.2843647 -0.8866650
v 21.5523739 26.6708622 15.8023119
vn 0.0902824 0.7342620 -0.6728361
v 17.8655434 28.6018639 15.8281031
vn 0.3988087 0.3459119 -0.8492918
v 19.9646263 25.6588917 14.6381216
vn 0.7681819 -0.6313565 -0.1062336
v 25.9730606 18.8023205 20.9422722
vn 0.7885145 -0.2960017 -0.5390992
v 26.0620232 20.7338924 18.9407692
vn 0.3311465 0.8074075 -0.4882982
v 15.7036028 28.2821026 14.7318726
vn 0.4097824 0.3296868 -0.8505204
v 17.7135448 25.3572330 13.4673500
vn 0.4081568 -0.0034318 -0.9129055
v 18.3682117 21.8247128 13.2629967
vn 0.4321526 0.3902374 -0.8129938
v 16.2403488 26.0192013 12.9145689
vn 0.3081370 -0.0475008 -0.9501554
v 16.1736069 22.0424938 12.2121773
vn -0.0345533 -0.7605103 -0.6484060
v 13.7109909 15.4091635 14.6463737
vn 0.5906858 0.7500221 -0.2975856
v 13.6557226 29.0945034 13.9861193
vn 0.4219780 0.3814681 -0.8224455
v 14.4422426 26.9470806 12.5062122
vn 0.2249643 0.0198614 -0.9741646
v 13.3644323 23.5805416 11.5460091
vn 0.1557007 -0.3479387 -0.9244977
v 15.3007412 17.9612408 12.9762211
vn 0.0398329 -0.2635374 -0.9638264
v 11.8125315 19.8552532 11.5141926
vn 0.0070237 -0.5378522 -0.8430099
v 14.4625463 16.4499359 13.6214380
vn -0.1798545 -0.5685148 -0.8027722
v 9.9706802 17.3931332 12.7587538
vn 0.4688874 0.4413235 -0.7651001
v 13.0112791 28.4122849 12.2942848
vn 0.2077025 0.1336333 -0.9690211
v 11.8530617 26.2195129 11.3340054
vn -0.0168537 -0.0861538 -0.9961393
v 10.0701590 23.1975422 11.1052504
vn -0.3240549 -0.2483064 -0.9128704
v 8.1590405 21.0755539 11.7178354
vn 0.6875755 0.6609768 -0.3005821
v 11.9725475 30.6982441 13.7788439
vn 0.3276923 0.5294969 -0.7824646
v 11.4891682 29.8488026 12.4386549
vn 0.1122672 0.3674874 -0.9232275
v 10.3131018 28.6298733 11.5597057
vn -0.1230988 0.2350315 -0.9641612
v 8.9888239 27.1939716 10.9436321
vn -0.4848043 0.0631729 -0.8723382
v 7.5076060 26.0408535 11.3325415
vn 0.5290769 0.6365706 -0.5611199
v 10.4419088 32.5862350 14.1535597
vn 0.0476632 0.4968874 -0.8665051
v 9.4022551 31.5724010 13.3588963
vn 0.1011676 0.2741584 -0.9563485
v 7.9522548 30.5562611 12.6740198
vn 0.1248615 0.9249746 -0.3589314
v 22.7207699 46.2099571 20.9037724
vn -0.4751614 0.4872206 -0.7326922
v 14.8828993 21.2846622 10.4779577
vn -0.2269305 0.3617010 -0.9042538
v 15.6320372 20.9229527 9.8162174
vn -0.1961383 0.5010565 -0.8428952
v 16.6669922 22.6579227 10.3282490
vn -0.4867430 0.6408814 -0.5935928
v 15.6569891 22.9370632 11.4647713
vn 0.1214241 0.0607076 -0.9907426
v 16.7764091 20.0860806 9.6387329
vn 0.2291024 0.0861448 -0.9695830
v 18.1244640 20.5622921 9.8690176
vn 0.1249249 -0.3555499 -0.9262711
v 16.4951019 18.7155018 9.7947350
vn 0.3150579 -0.4351760 -0.8434219
v 19.0119858 18.2891407 10.4226065
vn 0.0687750 -0.4879327 -0.8701676
v 15.8907490 17.9883022 10.1547346
vn 0.2349129 -0.6640306 -0.7098445
v 18.2381554 17.1909924 11.2280674
vn -0.1114580 0.5920182 -0.7981802
v 18.1119747 24.4375229 11.2254295
vn -0.4094425 0.7139934 -0.5679528
v 16.7450161 24.8014507 12.7097092
vn 0.3450054 0.1799546 -0.9211881
v 20.0648556 21.8669338 10.6849823
vn 0.5213236 -0.3578541 -0.7747014
v 21.5817013 18.9119434 11.4747171
vn 0.4817806 -0.6622037 -0.5739109
v 21.0674477 17.3889828 12.7705832
vn 0.0102676 0.6625329 -0.7489625
v 19.9456806 26.1680126 12.4749546
vn -0.2685821 0.8092362 -0.5224946
v 18.5985928 26.7636433 14.0600100
vn 0.4411816 0.2414798 -0.8643184
v 22.2441978 23.3900814 11.9975910
vn 0.6705869 -0.2394374 -0.7021274
v 23.7868347 20.1718807 12.7795219
vn 0.6857184 -0.5268349 -0.5022303
v 23.5346603 18.3530216 14.2340631
vn 0.1832034 0.7682641 -0.6133570
v 22.1685047 27.5412006 14.1065397
vn -0.0530203 0.9222835 -0.3828604
v 21.0460320 28.0216923 15.5579214
vn 0.5415567 0.2999946 -0.7853150
v 24.2476997 24.8178616 13.6526680
vn 0.7916179 -0.1449947 -0.5935636
v 25.7463303 21.9124508 14.4293394
vn 0.8396086 -0.3866859 -0.3814857
v 25.7422848 20.3700428 15.9687557
vn 0.6543629 0.4039354 -0.6392540
v 25.7705269 25.9329433 15.3984175
vn 0.3869262 0.7959254 -0.4656082
v 24.1283283 27.8552418 15.8372078
vn 0.9183351 -0.0073172 -0.3957363
v 26.9174957 23.7092438 15.9928637
vn 0.9596266 -0.2146922 -0.1817253
v 26.8770008 22.5363407 17.2517834
vn 0.4883097 0.8465917 -0.2117457
v 25.0148811 28.0088711 18.1504688
vn 0.2679602 0.9053945 -0.3293299
v 23.3682652 28.5745411 17.1962795
vn 0.5698118 0.7501371 -0.3355724
v 25.5999775 27.3850918 16.8630676
vn 0.9699005 0.1273890 -0.2075214
v 27.0635586 25.3846035 17.0994339
vn 0.7665637 0.5292329 -0.3637206
v 26.6447067 26.5947437 17.1019440
vn 0.9976146 0.0506166 0.0469376
v 26.9924736 25.4222927 18.2253628
vn -0.2434625 -0.0475373 -0.9687447
v 14.2475023 19.1012325 9.7000799
vn -0.1400408 -0.0054314 -0.9901308
v 15.1090517 19.5050106 9.4846258
vn 0.7756701 0.5969212 -0.2049905
v 26.7604294 26.9189625 18.2264557
vn -0.4646205 -0.7968998 0.3861069
v 25.3565941 38.2357330 21.7259636
vn -0.5541869 -0.5238679 0.6468689
v 25.3827362 38.6681442 22.2547207
vn -0.7843996 -0.6201220 0.0128907
v 25.0520821 38.4068336 21.2518063
vn -0.8823572 -0.3263497 0.3390304
v 24.8925152 38.9140358 21.6658173
vn -0.9627543 -0.2698776 -0.0164391
v 24.7535934 39.0671730 21.1176205
vn -0.5334080 -0.6335661 -0.5604194
v 25.1033783 38.5137024 20.7713566
vn -0.8773365 -0.2555888 -0.4061466
v 24.8104420 39.1603050 20.6525784
vn -0.4372856 -0.2700709 -0.8578129
v 25.0308819 39.1937943 20.3747692
vn 0.2286775 -0.6604787 -0.7151745
v 25.4603786 38.4518433 20.7624531
vn 0.1916255 -0.2849601 -0.9391898
v 25.3769226 39.1494751 20.3559742
vn 0.6285612 -0.2905712 -0.7214425
v 25.7685604 39.0289841 20.6194744
vn 0.5706410 -0.7439139 -0.3477945
v 25.7690659 38.2777023 21.2465878
vn 0.8127860 -0.3477684 -0.4673713
v 26.0818977 38.8525429 21.1087418
vn 0.8662528 -0.4762837 -0.1508640
v 26.2061043 38.6745949 21.6613693
vn 0.2497710 -0.9448295 0.2119237
v 25.7116814 38.1710739 21.7241554
vn 0.7378555 -0.6356102 0.2270879
v 26.1355152 38.5600739 22.1156654
vn 0.1414348 -0.7285467 0.6702358
v 25.9041901 38.5332336 22.3691120
vn -0.5510688 -0.2639934 0.7916001
v 25.4429302 39.3289261 22.6444778
vn -0.8677910 -0.1639749 0.4690959
v 24.8281364 39.6690826 21.9163055
vn -0.9987039 -0.0428205 -0.0275118
v 24.6589394 39.8587151 21.2257786
vn -0.9176934 0.0326433 -0.3959458
v 24.7349911 39.9576950 20.6468487
vn -0.4507657 0.0783404 -0.8891980
v 25.0039902 40.0047836 20.3073311
vn 0.2683439 0.0656752 -0.9610819
v 25.4266529 39.9781952 20.2850380
vn 0.7128469 0.0154591 -0.7011493
v 25.9175491 39.8618851 20.6153851
vn 0.9127416 -0.0628271 -0.4036776
v 26.3150635 39.6377945 21.2368679
vn 0.9810720 -0.1787492 -0.0744746
v 26.4633541 39.3707657 21.9286289
vn 0.8685868 -0.3276862 0.3717240
v 26.3662415 39.1907234 22.4794617
vn 0.2518458 -0.4170936 0.8732736
v 26.0835743 39.1436844 22.7839966
vn -0.4984225 -0.0319219 0.8663464
v 25.4930954 40.0137558 22.7969704
vn -0.7658066 -0.0346665 0.6421359
v 24.8852921 40.3811340 22.0955048
vn -0.9095680 0.2256836 -0.3489311
v 24.7903900 40.6921959 20.8138962
vn -0.9847594 0.1460259 -0.0944747
v 24.7178841 40.5860939 21.4056664
vn -0.4231260 0.3356508 -0.8416073
v 25.0556355 40.7511559 20.4760609
vn 0.3148101 0.3169062 -0.8946872
v 25.4716702 40.7428856 20.4718971
vn 0.7423948 0.2300289 -0.6292350
v 25.9541607 40.6427650 20.8279705
vn 0.9319878 0.1394406 -0.3345968
v 26.3482990 40.4082260 21.4549351
vn 0.9985068 0.0546256 0.0004565
v 26.5044136 40.1036339 22.1161175
vn 0.8895320 -0.0251915 0.4561779
v 26.4177837 39.8883743 22.6469650
vn 0.2894112 -0.0829799 0.9536013
v 26.1377125 39.8213539 22.9408379
vn -0.4667085 0.1008414 0.8786434
v 25.5050774 40.6398125 22.7384377
vn -0.7009142 0.0881124 0.7077821
v 24.9414082 40.9984932 22.1522999
vn -0.8265905 0.3707528 -0.4234270
v 24.8999043 41.3044243 21.0795975
vn -0.3941240 0.4959175 -0.7737778
v 25.1343403 41.3791542 20.7793732
vn 0.3497005 0.4613173 -0.8154116
v 25.5014935 41.3730545 20.7974377
vn 0.7534320 0.3543856 -0.5538512
v 25.9163342 41.2662239 21.1190739
vn 0.9062267 0.2975251 -0.3003866
v 26.2514515 41.0449028 21.6194458
vn 0.9766212 0.2123115 0.0336877
v 26.3991795 40.7700043 22.1589832
vn 0.8645068 0.1645570 0.4749201
v 26.3360004 40.5593452 22.6208305
vn 0.2782005 0.1313015 0.9515064
v 26.0884590 40.4815636 22.8821659
vn -0.5052547 0.0624368 0.8607087
v 25.5116196 41.1898041 22.6724777
vn -0.7110355 0.0687872 0.6997834
v 25.0730324 41.4671555 22.1915321
vn -0.3736293 0.6008645 -0.7066563
v 25.2118740 41.8863029 21.1190815
vn -0.7443113 0.4757939 -0.4686374
v 25.0117111 41.8060837 21.3555450
vn 0.3531832 0.5635331 -0.7467878
v 25.5187340 41.8806953 21.1395874
vn 0.7668968 0.4108578 -0.4930165
v 25.8574314 41.7763138 21.3930931
vn 0.9413372 0.3150461 -0.1209555
v 26.1936283 41.4597435 21.9930363
vn 0.8694165 0.2233297 0.4407253
v 26.2118416 41.1488953 22.5880775
vn 0.2575113 0.1292385 0.9575936
v 26.0060387 41.0686226 22.8055000
vn -0.5465973 -0.0531397 0.8357078
v 25.5279312 41.6328659 22.6724262
vn -0.7443783 -0.0166450 0.6675507
v 25.1690998 41.8680458 22.2779465
vn -0.0658488 0.6846101 -0.7259291
v 25.2820015 42.2458038 21.4348145
vn 0.3689428 0.6423625 -0.6717527
v 25.5309887 42.2374458 21.4553356
vn 0.7620513 0.4714687 -0.4438414
v 25.8019066 42.1417656 21.6568699
vn 0.9412819 0.3177442 -0.1141368
v 26.0731297 41.8724136 22.1345444
vn 0.8979533 0.1710178 0.4055032
v 26.0948124 41.6093445 22.6127377
vn 0.2499696 0.0112349 0.9681885
v 25.9305725 41.5363731 22.7868576
vn -0.5627900 -0.2177047 0.7974159
v 25.5390091 42.0061646 22.7412491
vn -0.7915184 -0.1755524 0.5853887
v 25.2599201 42.2062645 22.4136086
vn 0.4418919 0.6727247 -0.5934418
v 25.4243107 42.5346031 21.7375221
vn 0.7287658 0.5301726 -0.4333792
v 25.7581882 42.4336929 21.9178314
vn 0.9426181 0.3144705 -0.1121580
v 25.9769669 42.2053833 22.3096485
vn 0.9181430 0.1049361 0.3821020
v 26.0008125 41.9891853 22.6973648
vn 0.2538503 -0.1405053 0.9569840
v 25.8723526 41.9277725 22.8362446
vn -0.4979963 -0.3345184 0.8000607
v 25.4090405 42.3962440 22.8089523
vn 0.7254590 0.5682529 -0.3883269
v 25.7255173 42.7092438 22.1928062
vn 0.5451385 0.6475801 -0.5324133
v 25.4810085 42.7955246 22.0481300
vn 0.9335998 0.3508267 -0.0728848
v 25.8989544 42.5205536 22.5144138
vn 0.9190309 0.1330519 0.3710517
v 25.9236641 42.3491135 22.8259830
vn 0.2668945 -0.1956264 0.9436618
v 25.8270187 42.2999535 22.9349689
vn -0.2584361 -0.4948452 0.8296620
v 25.4410286 42.7038651 22.9371414
vn 0.6899385 0.6785493 -0.2521027
v 25.6686039 42.9343452 22.5000019
vn 0.5105489 0.7693623 -0.3839552
v 25.4753704 43.0059052 22.3864479
vn 0.8980891 0.4373430 0.0465524
v 25.7926197 42.7982750 22.7383842
vn 0.5958889 0.0309638 0.8024697
v 25.7804928 42.6577950 23.0007839
vn 0.6313241 0.7609240 -0.1497485
v 25.4867859 43.1442528 22.8000889
vn 0.8229896 0.5605615 0.0919723
v 25.6083183 43.0535049 22.9601917
vn 0.6165296 0.1038938 0.7804469
v 25.6029835 42.9796448 23.0990105
vn -0.1624327 -0.9576988 -0.2375473
v 25.3838787 38.1558228 21.1987267
vn 0.4087114 0.8623817 -0.2987522
v 25.3098240 43.7417831 22.8296165
vn 0.5978958 0.5485732 -0.5844554
v 25.3820724 43.5735435 22.6298313
vn 0.6445659 0.4813570 -0.5939952
v 25.7165203 43.4924736 22.8821564
vn 0.5141484 0.8123518 -0.2752018
v 25.7090950 43.6535454 23.0942364
vn 0.6702732 0.0953292 -0.7359661
v 25.4055786 43.3415031 22.5261288
vn 0.6816760 0.0256800 -0.7312033
v 25.6797256 43.2880745 22.7688847
vn 0.5804857 -0.3866231 -0.7166303
v 25.3639336 43.0918541 22.5516911
vn 0.7806391 0.3408858 -0.5238315
v 26.0856361 43.2968254 23.1966228
vn 0.7506630 0.6460398 -0.1383389
v 26.0990009 43.4097061 23.3822803
vn 0.6694033 -0.0983551 -0.7363596
v 26.0063038 43.1352348 23.0832405
vn 0.4296240 -0.5624269 -0.7064695
v 25.8890667 42.9793549 23.0724926
vn 0.1007821 -0.9244892 -0.3676448
v 25.4807701 42.9386749 22.9176826
vn 0.0587097 -0.8781842 -0.4747059
v 25.7587757 42.8693542 23.1663895
vn 0.9114783 0.0986814 -0.3993360
v 26.3317795 42.9654961 23.4687195
vn 0.9376001 0.3471330 0.0201223
v 26.3473797 43.0305634 23.6056976
vn 0.7067722 -0.2488255 -0.6622379
v 26.2578125 42.8675041 23.3774109
vn 0.3623390 -0.5943965 -0.7179160
v 26.1419792 42.7668228 23.3542862
vn -0.0174989 -0.8228652 -0.5679672
v 26.0131989 42.6922455 23.4031448
vn 0.9539152 -0.2938696 -0.0607163
v 26.3856602 42.5984154 23.7162113
vn 0.6138751 -0.6382797 -0.4644958
v 26.3330078 42.5505333 23.6575680
vn 0.1620111 -0.8952626 -0.4150389
v 26.2667274 42.5159454 23.6648254
vn 0.5330274 -0.6283863 -0.5665798
v 25.8254795 43.5803947 23.2076550
vn 0.4971904 -0.2674713 -0.8253852
v 25.9804802 44.1351242 23.1089821
vn 0.3331671 -0.4168337 -0.8457242
v 25.3226109 44.0380135 22.8928585
vn 0.3428006 -0.2139177 -0.9147278
v 25.1362801 44.5582657 22.7414093
vn 0.5178473 -0.1070522 -0.8487485
v 25.8536091 45.1039925 22.8813457
vn 0.5270601 -0.0207834 -0.8495739
v 25.2867336 45.8353004 22.4086113
vn 0.3795384 -0.2608455 -0.8876431
v 24.8195515 45.1663246 22.4107895
vn 0.5177698 0.0147438 -0.8553929
v 24.4643345 46.4360847 21.9260063
vn 0.3951466 -0.2353853 -0.8879488
v 24.1368771 45.8044853 21.9444103
vn 0.4983048 0.0417047 -0.8659983
v 23.5545063 46.8517952 21.3978691
vn 0.4319623 -0.2602905 -0.8635145
v 23.2470646 46.0876274 21.4793854
vn 0.4706478 0.0206952 -0.8820784
v 22.7374268 46.9069252 20.9335155
vn 0.5003713 -0.2142909 -0.8388731
v 22.4689579 46.0475807 21.0477486
vn 0.3889496 -0.0021560 -0.9212565
v 21.9385071 46.8727074 20.5439072
vn 0.2181245 -0.2965098 -0.9297869
v 21.8516998 45.9681969 20.6074715
vn 0.3928809 0.0777028 -0.9163007
v 21.0817566 47.6588707 20.2902336
vn 0.0091557 -0.2168116 -0.9761705
v 20.9187927 47.0804405 20.2133045
vn -0.1142049 -0.1252298 -0.9855327
v 20.4408455 48.1573067 20.0663395
vn 0.4193913 0.1481087 -0.8956422
v 20.6055012 48.3936958 20.1363106
vn 0.1016234 0.6026118 -0.7915375
v 20.2411976 49.0918465 20.0927448
vn -0.2122469 0.0358305 -0.9765590
v 20.2069416 48.8729973 20.0672379
vn 0.3966790 0.2800411 -0.8741984
v 21.1743641 48.1775017 20.4244480
vn 0.4713873 0.2475593 -0.8464682
v 21.9216919 47.7915077 20.7234249
vn 0.8916075 0.2346138 -0.3872886
v 21.6268768 48.6852760 20.7790413
vn -0.1007262 0.0247243 -0.9946069
v 21.1199360 48.7885475 20.4900970
vn 0.5025496 0.3052110 -0.8088821
v 22.7848263 47.8502769 21.2672482
vn 0.9084534 0.1705317 -0.3816169
v 22.5543346 48.6471367 21.3234577
vn -0.0436507 0.2210085 -0.9742945
v 22.0247917 48.6302834 21.0104256
vn 0.5497776 0.3477753 -0.7594715
v 23.6480827 47.6842537 21.7617931
vn 0.9026659 0.0942782 -0.4198880
v 23.4996853 48.4334068 21.8764286
vn 0.0378704 0.2832915 -0.9582859
v 22.9629421 48.5163307 21.5632973
vn 0.6056496 0.3464471 -0.7163540
v 24.6204109 47.1667442 22.2690773
vn 0.9151022 0.1407786 -0.3778483
v 24.4331627 47.8921471 22.4090137
vn 0.0738208 0.3842189 -0.9202860
v 23.9099102 48.1613350 22.1089535
vn 0.6184657 0.3499657 -0.7035796
v 25.5579567 46.5900764 22.8800011
vn 0.9049990 0.2761072 -0.3236381
v 25.2690125 47.2464867 22.8879147
vn 0.0901191 0.4243963 -0.9009808
v 24.7792511 47.5524330 22.5635986
vn 0.9246826 0.2136879 -0.3151184
v 26.4136791 45.7882729 23.3582954
vn 0.9170367 0.2668698 -0.2963516
v 26.1152897 46.6488762 23.3840923
vn -0.0441366 0.3628761 -0.9307916
v 25.6177979 46.9108467 23.0565643
vn -0.1105992 -0.0685196 -0.9915003
v 21.0523186 49.4223213 20.4830055
vn 0.8675650 0.1997232 -0.4554577
v 21.4090157 49.4446678 20.6596222
vn 0.7243874 0.5109976 -0.4627573
v 21.1769791 50.1236153 20.5211163
vn -0.0717314 0.3384012 -0.9382640
v 20.9597187 50.1152611 20.4020004
vn -0.0564730 0.0517034 -0.9970645
v 22.1213169 49.5772667 21.0706558
vn 0.9085485 0.0707912 -0.4117382
v 22.4456196 49.6373329 21.2615719
vn 0.7846321 0.4265914 -0.4498580
v 22.3709335 50.3974648 21.2197285
vn -0.0224721 0.3293551 -0.9439387
v 22.1560555 50.3474464 21.0934944
vn -0.0066076 0.1495928 -0.9887256
v 23.1333618 49.2536125 21.6639347
vn 0.8940017 -0.0240207 -0.4474192
v 23.5284462 49.1431770 21.8932629
vn 0.8346354 0.3688095 -0.4091007
v 23.5543213 49.8568916 21.9082012
vn 0.1319595 0.5117854 -0.8489184
v 23.3144703 49.9148369 21.7696800
vn -0.0384292 0.1897974 -0.9810709
v 24.0525608 48.6223717 22.1958618
vn 0.8960793 -0.0060749 -0.4438525
v 24.4425983 48.4550362 22.4210491
vn 0.8336034 0.3526930 -0.4251035
v 24.4472771 49.0338326 22.4237518
vn 0.0948225 0.5111265 -0.8542590
v 24.1926861 49.1038780 22.2767620
vn -0.0580573 0.1866428 -0.9807109
v 24.8532009 47.9275322 22.6581097
vn 0.9029602 0.1118428 -0.4149145
v 25.1813412 47.7400475 22.8475628
vn 0.7967294 0.4286441 -0.4260124
v 25.1289330 48.2702446 22.8173046
vn 0.0054706 0.4850492 -0.8744698
v 24.9158897 48.2882805 22.6943035
vn -0.0463641 0.1972234 -0.9792616
v 25.6862144 47.2097130 23.1390514
vn 0.9136809 0.1199579 -0.3883264
v 26.0128784 47.1614265 23.3276501
vn 0.8224992 0.4215046 -0.3818756
v 25.9635353 47.6420250 23.2991638
vn 0.0053595 0.4604315 -0.8876790
v 25.7527370 47.6587868 23.1774578
vn 0.9575043 -0.0652118 -0.2809500
v 26.5909309 44.7958527 23.4436817
vn 0.7707935 -0.4145879 -0.4837295
v 26.3706303 44.0535126 23.3598595
vn 0.7295533 0.5542035 -0.4007622
v 20.7407990 48.5465965 20.2777634
vn 0.7394822 0.5694868 -0.3589579
v 20.3945789 49.0048714 20.1824284
vn -0.8837528 -0.4299007 0.1848420
v 0.6016120 24.7885914 10.9438543
vn -0.6519959 -0.6232199 0.4318545
v 2.7833691 23.1274624 12.3731918
vn 0.6304227 0.7145002 0.3034083
v 4.7010298 24.2166138 12.4058933
vn 0.7251083 0.5583776 0.4030291
v 4.1603689 25.3541317 11.8019390
vn -0.9916586 -0.0793615 -0.1015635
v -0.2257730 27.0940228 9.5503283
vn 0.8425128 0.2751363 0.4631113
v 3.8453710 26.6158829 11.0530977
vn 0.0589133 0.9816446 0.1813923
v 6.8615508 34.4699936 11.7133198
vn -0.5468500 0.7947035 -0.2634418
v 2.2334189 32.7627754 8.8027229
vn 0.4581932 -0.7542623 0.4702632
v 5.0417829 28.9278927 10.7290831
vn 0.1521738 -0.9265714 0.3439601
v 6.9940920 29.8431358 11.8847542
vn -0.9069876 0.3199830 -0.2738327
v 0.3008500 29.8048534 8.6806087
vn 0.6913087 -0.3197383 0.6479659
v 4.1993418 28.0338535 10.7194223
vn -0.3780519 -0.6430457 0.6660098
v 4.4511948 22.5502605 13.3986168
vn 0.4470509 0.7746374 0.4473057
v 5.2159858 23.4209042 13.1375580
vn 0.8285522 -0.2396847 0.5060164
v 6.0249600 22.6886425 13.6545877
vn -0.0459833 0.9793662 0.1967927
v 10.3363037 32.6520157 14.6763182
vn -0.4422507 -0.8368510 0.3226372
v 8.8352280 30.0896149 13.7716179
vn 0.7123931 -0.1105743 -0.6930147
v 9.6077280 31.0459328 13.7244434
vn 0.6603143 0.0253451 -0.7505615
v 7.3234420 31.9437428 10.8085051
vn 0.4022780 -0.0624661 -0.9133840
v 4.0332088 30.6325150 8.7753601
vn 0.2611846 -0.2634758 -0.9286351
v 2.6457560 28.7065334 8.7095070
vn 0.2727619 -0.4845932 -0.8311260
v 3.0258441 24.5576859 10.5978060
vn 0.3803345 -0.4947385 -0.7813959
v 4.1480899 23.4592113 11.5003920
vn 0.2751858 -0.4071911 -0.8709008
v 2.4351511 26.3641548 9.5042772
vn 0.6015539 -0.4845974 -0.6350577
v 5.1595941 22.8927937 12.4858437
vn -0.9248346 0.2275086 -0.3048293
v -10.5870008 30.4076538 1.0605270
vn -0.9385445 -0.1468830 -0.3123453
v -10.3462563 24.2969036 1.5277610
vn -0.4314928 0.1636119 0.8871557
v -8.9376526 24.0448818 2.9483399
vn -0.4370027 0.0493885 0.8981032
v -8.4742527 29.3363018 2.8083670
vn -0.7252740 0.6159054 -0.3076332
v -7.9284191 36.5347748 1.9343040
vn -0.5121547 0.0210932 0.8586342
v -6.4317589 34.2371559 3.5658290
vn -0.0542946 0.9747077 0.2167881
v 1.6310250 41.5648232 8.8995056
vn -0.4285859 0.8950358 -0.1233898
v -4.0352869 40.3197060 4.4692168
vn -0.5746463 -0.0200173 0.8181571
v -3.1147079 37.6533852 5.7401452
vn -0.5961433 -0.0557097 0.8009429
v 1.7412550 38.7673225 9.4345350
vn 0.2754931 0.8604363 0.4286643
v 6.3125939 39.5590439 12.2993956
vn -0.5967161 -0.0866887 0.7977562
v 5.4236579 36.5289154 12.1340618
vn 0.6742458 0.3929854 0.6252641
v 9.4626846 35.6909332 14.1088428
vn -0.5480751 -0.0370480 0.8356082
v 7.4392571 34.6189041 13.4671612
vn 0.8363765 0.3899368 0.3852578
v 10.5038033 32.8039360 14.6138020
vn -0.5139269 -0.0219834 0.8575523
v 8.9320536 31.9088058 14.1545086
vn -0.8410404 -0.5150222 -0.1655393
v -9.1697426 19.9861317 3.5603540
vn -0.4975609 0.2350581 0.8349736
v -8.5482836 20.2581558 4.4785848
vn 0.3192880 -0.6862831 0.6535066
v -6.4898338 16.9982433 6.7990470
vn 0.7100945 0.3458662 0.6133046
v -7.2499681 20.5301838 4.2244029
vn 0.7625629 -0.0018566 0.6469114
v -6.8520560 23.7928524 3.1966369
vn 0.7513930 -0.2426570 0.6136172
v -5.6845832 28.2649517 3.3838651
vn 0.5999357 -0.5548528 0.5763814
v -4.2581549 31.9395123 4.0250349
vn 0.2416116 -0.8909679 0.3844477
v -1.5171840 34.9870644 5.8387542
vn -0.2203230 -0.9747078 0.0374494
v 2.5284550 35.9698334 8.7972603
vn -0.4156850 -0.8802962 -0.2286585
v 5.8063030 34.0386047 11.4072752
vn -0.6727564 -0.6448349 -0.3627489
v 7.6456900 31.1303616 12.9393816
vn 0.5849042 -0.0984700 -0.8051029
v 9.3433599 31.8160248 13.4963064
vn 0.7549809 0.1255674 -0.6436123
v 8.5154724 35.9306946 12.0116711
vn 0.6437858 0.0942642 -0.7593775
v 3.2574511 38.2767944 7.3348341
vn 0.5630114 0.0545656 -0.8246459
v -1.5985380 37.1628532 3.6404290
vn 0.4792233 -0.0208258 -0.8774460
v -4.9155622 33.7466125 1.4661280
vn 0.4178899 -0.0727793 -0.9055778
v -6.9580832 28.8457623 0.7086500
vn 0.4089789 -0.2913372 -0.8647884
v -7.4214559 23.5543423 0.8486390
vn 0.5425355 -0.5431708 -0.6407970
v -7.1878638 19.8948116 2.9146259
vn -0.9630564 0.2048010 -0.1748683
v -6.8062892 30.0239449 8.7273512
vn -0.9527162 -0.1545174 -0.2616417
v -6.3472500 26.2626648 8.7026577
vn -0.2158831 -0.0460913 0.9753308
v -5.5263238 26.0170727 9.5919914
vn -0.2196599 -0.0484987 0.9743702
v -5.3709340 29.1917439 9.6870451
vn -0.7630047 0.6212778 -0.1784316
v -5.0978398 34.3448639 9.1493950
vn -0.3091303 -0.0440136 0.9500007
v -3.9080679 32.4098053 10.1482821
vn -0.0191423 0.9898822 0.1405942
v 2.5871799 37.6494446 12.0043831
vn -0.4253809 0.9034621 -0.0529850
v -2.1681910 36.7772827 10.2231035
vn -0.3360818 -0.0378223 0.9410731
v -1.3598191 34.4912338 11.1167870
vn -0.3095949 -0.0536159 0.9493558
v 2.3597560 35.1936646 12.4827051
vn 0.4208280 0.8703714 0.2556512
v 6.9706340 36.4958344 13.2807932
vn -0.3060117 -0.0494043 0.9507450
v 6.1242542 34.3815460 13.5759888
vn -0.7900966 -0.5194049 -0.3255240
v -5.4644952 23.5741539 8.9246588
vn -0.2907030 -0.1502017 0.9449503
v -5.1251860 23.6739159 9.7681713
vn 0.5278856 -0.7838900 0.3268843
v -3.4896851 21.6881733 9.9098282
vn -0.3850508 -0.0613965 0.9208509
v 9.0432053 31.6009426 14.3252106
vn 0.6082966 0.5400741 0.5816315
v 10.0668163 32.5286255 14.6324644
vn 0.9314718 0.2445187 0.2693899
v -4.2863431 23.7501507 9.0776424
vn 0.9451421 -0.0905030 0.3138719
v -4.1789160 25.7429142 8.9717751
vn 0.9266869 -0.3081876 0.2151090
v -3.3861871 28.3089314 9.1397429
vn 0.7353509 -0.6490384 0.1949569
v -2.1780000 30.3827038 9.6417074
vn 0.3921037 -0.9165525 0.0786525
v -0.0256000 32.0999527 10.5010433
vn 0.0473594 -0.9971342 -0.0589954
v 2.6193480 32.6262741 11.4360332
vn -0.1859058 -0.9584987 -0.2161466
v 5.7416430 32.1684761 12.3392773
vn -0.8416997 -0.5389218 0.0332423
v 7.4219871 30.5364132 13.5338154
vn 0.4606491 0.1374557 -0.8768742
v 6.9123459 34.5199127 12.0177975
vn 0.3135379 0.1601458 -0.9359741
v 3.1594579 35.3256149 10.9279642
vn 0.2903699 0.1350567 -0.9473358
v -0.5407160 34.6263847 9.5698252
vn 0.2132997 0.0735629 -0.9742134
v -3.0816729 32.5515442 8.6033373
vn 0.1513076 0.0183014 -0.9883173
v -4.5399518 29.3541927 8.1413565
vn 0.2335955 -0.1083589 -0.9662772
v -4.7069302 26.1905537 8.0449514
vn 0.3368591 -0.2950329 -0.8941373
v -4.4899888 23.7498608 8.4074192
vn 0.5608631 0.0850173 -0.8235318
v 9.5640068 31.8500614 13.4787579
vn -0.6622120 0.5623602 -0.4952034
v 0.9612120 33.1481056 5.8672118
vn 0.4874902 -0.0267153 -0.8727197
v 2.1629059 31.7210712 6.0006609
vn 0.4913481 -0.1453504 -0.8587493
v 1.1043230 28.7052937 5.4751720
vn -0.7791762 0.1683099 -0.6037850
v 0.0555630 29.4557133 5.4470730
vn -0.3504197 0.8584603 -0.3745023
v 3.5383079 36.1192856 7.3747430
vn 0.5746895 -0.0174003 -0.8181866
v 4.2646260 34.0066147 7.3467641
vn 0.6665713 0.5954031 0.4485285
v 10.1285067 35.2354355 13.1542130
vn 0.7558767 -0.1958148 -0.6247456
v 9.3778954 33.5453033 12.1535311
vn 0.7051342 -0.0590669 -0.7066094
v 8.1203852 34.9349136 10.5781841
vn 0.3368300 0.9343837 0.1160715
v 8.4813471 37.1279526 11.3010006
vn -0.0623742 0.9824015 -0.1760592
v 5.8249960 37.1802559 9.0717363
vn 0.6368456 -0.0250907 -0.7705830
v 6.1882911 34.8923340 8.8016834
vn 0.3794811 -0.2751190 -0.8833480
v 0.5875980 26.5397015 5.6879759
vn -0.9156861 -0.1009562 -0.3890075
v -0.2377880 26.8147221 5.8617868
vn 0.0701843 -0.9858549 0.1521984
v 0.5195940 24.2129116 6.4719610
vn 0.7195167 0.1116620 0.6854395
v 10.4812212 32.5987129 14.2080908
vn 0.7094108 -0.4173738 -0.5679221
v 9.5790195 31.8167839 13.5575533
vn 0.7876249 -0.3991109 0.4694226
v 1.5145700 28.1494427 6.5652008
vn 0.8389305 -0.2240245 0.4959926
v 0.8617680 26.5489407 6.3512831
vn 0.7030246 -0.6426101 0.3046456
v 2.8242099 30.3608723 7.0986571
vn 0.4193048 -0.8642367 0.2779901
v 4.3608479 31.8313236 8.2529182
vn 0.1933551 -0.9749365 0.1100578
v 5.8529100 32.5087051 9.4199944
vn -0.1262231 -0.9843969 -0.1225986
v 7.0816231 32.6125259 10.5895910
vn -0.3361687 -0.8517779 -0.4018272
v 8.0148754 31.8079014 11.6729202
vn -0.9590576 -0.1539781 -0.2376957
v 7.9359908 30.6292324 12.7547407
vn -0.6508967 0.1570375 0.7427468
v 8.6924191 33.4211960 13.0699968
vn -0.7199501 0.2568140 0.6447623
v 9.0290565 31.5782528 13.8932953
vn -0.6417001 0.0736723 0.7634090
v 5.4049530 34.7679749 9.9692564
vn -0.6523638 0.1369716 0.7454262
v 7.3474731 34.7937241 11.6686764
vn -0.5819993 0.0044463 0.8131772
v 0.3857650 28.7260723 6.6709218
vn -0.5765844 0.0295009 0.8165048
v 1.4588240 31.6779728 7.2063732
vn -0.6206709 0.0558237 0.7820815
v 3.5156319 33.8988037 8.5372486
vn -0.5645658 -0.0601554 0.8231930
v 0.0260210 26.5884628 6.4582019
vn 0.9543196 0.2956027 0.0435114
v -33.3622437 40.8871231 11.6114006
vn 0.8157980 0.5351970 0.2191754
v -33.4400291 41.1352348 11.7658348
vn 0.4025404 0.2366318 0.8842888
v -33.5536308 41.0509796 11.9606514
vn 0.4772180 -0.0601463 0.8767243
v -33.5367165 40.7451591 11.9082098
vn 0.9460725 0.3226852 0.0286545
v -33.2613983 40.6067696 11.4231319
vn 0.3701858 -0.0155051 0.9288284
v -33.5408173 40.3106842 11.9011660
vn -0.4242297 0.5292642 0.7347848
v -33.7896194 41.1515884 11.9368801
vn -0.4984155 -0.0795859 0.8632776
v -33.7620354 40.7551384 11.8891048
vn 0.1346299 0.9630684 -0.2331828
v -33.6188507 41.2905235 11.6411028
vn 0.4072574 0.5801473 -0.7053869
v -33.5077972 40.9551697 11.4487543
vn -0.4999726 -0.0101030 0.8659823
v -33.7598381 40.3200760 11.8852978
vn 0.3995494 0.6011961 -0.6920431
v -33.4009247 40.6745224 11.2636414
vn -0.6682360 0.0720442 0.7404528
v -32.9415817 38.0710602 12.0849924
vn -0.5877788 -0.4302808 0.6851091
v -32.7453041 37.7000198 12.1198778
vn -0.2518238 -0.2079307 0.9451718
v -32.5987053 37.7519073 12.2699852
vn -0.3328636 0.1992477 0.9216845
v -32.7810211 38.1473083 12.2163630
vn 0.2355252 0.2003871 0.9509853
v -32.4025917 37.9032249 12.2279177
vn -0.2821293 0.6068491 0.7430595
v -32.7670059 38.4612579 12.1031370
vn 0.3448631 0.4313981 0.8336457
v -32.2880516 38.2534485 12.0537138
vn 0.4197252 0.5866135 0.6926149
v -32.1087303 38.4266624 11.8566904
vn 0.3983224 0.8650886 0.3048953
v -32.0807037 38.6181717 11.6289043
vn 0.0753762 0.8899401 0.4498056
v -32.5223618 38.6576118 11.8204784
vn 0.2940090 0.9556262 -0.0183697
v -32.2092361 38.6542740 11.3465919
vn -0.1376856 0.9760351 0.1685179
v -32.6322174 38.6723862 11.6572590
vn -0.5281615 -0.7022341 0.4774020
v -32.4149818 37.3416901 11.9883881
vn -0.2073980 -0.4542654 0.8663886
v -32.2823372 37.3825188 12.1889315
vn 0.2843167 0.0533377 0.9572456
v -32.0447426 37.5633965 12.1600437
vn 0.4571470 0.3336445 0.8244380
v -31.7804718 37.8747749 11.9817657
vn 0.6041781 0.5293014 0.5956583
v -31.5775375 38.1571617 11.6808357
vn 0.6657056 0.7348239 0.1298840
v -31.5107422 38.3123436 11.3857889
vn 0.5757515 0.7966243 -0.1841192
v -31.6291008 38.3311653 11.1056118
vn -0.5644106 -0.6762758 0.4733834
v -32.1158676 37.0783844 11.8821611
vn -0.2035871 -0.4473401 0.8708841
v -31.9802551 37.1089134 12.1085234
vn 0.3154527 0.0511717 0.9475605
v -31.6919861 37.2991104 12.0597019
vn 0.5423490 0.2979177 0.7855588
v -31.3859043 37.5249825 11.8853722
vn 0.7486967 0.4369959 0.4984856
v -31.1985645 37.7048416 11.5885572
vn 0.8758624 0.4810401 0.0382823
v -31.1110191 37.8039856 11.2572412
vn 0.8536754 0.4670730 -0.2303934
v -31.1779976 37.7968140 10.9836388
vn -0.6359208 -0.3130781 0.7053984
v -31.9294395 36.8401260 11.8939857
vn -0.2342009 -0.2445454 0.9409291
v -31.7949162 36.8811035 12.0385771
vn 0.3179346 0.0217367 0.9478635
v -31.4735336 36.9978333 11.9950018
vn 0.6018930 0.1507627 0.7842165
v -31.1458130 37.1158218 11.8303738
vn 0.8609294 0.2457195 0.4454466
v -30.9417458 37.1836357 11.5907917
vn 0.9803017 0.1934834 -0.0396572
v -30.8611279 37.1487961 11.3141146
vn 0.9489883 0.1019887 -0.2983614
v -30.9561291 37.0310555 10.9887037
vn -0.6419331 -0.0630628 0.7641629
v -31.8640442 36.5486145 11.9052315
vn -0.2760414 -0.0864603 0.9572490
v -31.7352657 36.5881844 12.0150948
vn 0.2556795 -0.0598946 0.9649045
v -31.4715691 36.6294746 11.9936962
vn 0.5449976 -0.0659328 0.8358412
v -31.1606979 36.6614799 11.8663712
vn 0.8172407 -0.0966034 0.5681422
v -30.9523945 36.6191444 11.6766911
vn 0.9802390 -0.1612395 0.1146012
v -30.8661766 36.5259552 11.4448318
vn 0.9623041 -0.1728193 -0.2100106
v -30.9521828 36.4276581 11.1272850
vn -0.6894038 0.0858329 0.7192740
v -31.8762589 36.2057419 11.8756533
vn -0.3726909 0.0042922 0.9279456
v -31.7689934 36.2488251 11.9778719
vn 0.1968467 -0.0837591 0.9768500
v -31.5760250 36.2510376 11.9786940
vn 0.4807443 -0.1811848 0.8579376
v -31.3641243 36.2003059 11.8897820
vn 0.6699023 -0.2785535 0.6882143
v -31.1995945 36.1054192 11.7414398
vn 0.8047192 -0.3565290 0.4746726
v -31.1115627 35.9901619 11.5654583
vn 0.8556556 -0.4009902 0.3272009
v -31.0849743 35.8427849 11.3650284
vn -0.5985441 0.1595182 0.7850471
v -31.9871883 35.7995415 11.8896437
vn -0.2291649 0.0260026 0.9730403
v -31.8401451 35.8346252 11.9946251
vn 0.3788555 -0.2146495 0.9002190
v -31.6360054 35.7532616 11.9488258
vn 0.6486860 -0.4093924 0.6415640
v -31.4709129 35.5830269 11.7668934
vn 0.7163775 -0.5314935 0.4520155
v -31.4203262 35.4144135 11.5137339
vn -0.6087811 -0.1343496 0.7818797
v -32.0803108 35.4666443 11.8786373
vn -0.3171441 -0.1835227 0.9304510
v -31.9864674 35.4720879 11.9570990
vn 0.2607774 -0.3623457 0.8948188
v -31.8317261 35.4475861 11.9314737
vn 0.4007224 -0.7000681 0.5910383
v -31.7359905 35.2776222 11.7904053
vn 0.4102454 -0.8413042 0.3520029
v -31.7475605 35.2088089 11.6394224
vn -0.1297532 -0.6626304 0.7376212
v -32.0317001 35.2566299 11.8250179
vn -0.1041520 -0.5781320 0.8092687
v -31.9883728 35.2901230 11.8591347
vn -0.6064498 0.6492269 0.4590459
v -32.9070396 38.4537239 11.9188404
vn -0.3683838 0.8219079 0.4344662
v -32.8345108 38.2247276 12.2868223
vn -0.2022076 0.7777340 0.5951823
v -32.7512665 38.2133446 12.3789406
vn 0.3156072 0.9124694 0.2603682
v -32.4118843 38.3016663 12.1593428
vn 0.2182289 0.9743150 0.0555554
v -32.4671440 38.3203316 12.0491476
vn 0.8116336 0.5817706 0.0528569
v -32.0867348 38.0848770 12.0233030
vn 0.7797350 0.5998337 -0.1794797
v -32.1152725 38.0856743 11.9019709
vn 0.9953373 -0.0207212 0.0942031
v -31.9662991 37.6899376 12.0504560
vn 0.9877328 -0.0825181 -0.1325699
v -31.9849358 37.6581917 11.9314060
vn 0.7590669 -0.5419529 0.3606999
v -32.1211815 37.3481827 12.2250605
vn 0.7203825 -0.6726418 0.1691218
v -32.1525116 37.2882843 12.1202745
vn 0.2414398 -0.6766806 0.6955647
v -32.4605713 37.2598724 12.4446507
vn 0.1339632 -0.8253425 0.5485105
v -32.5199242 37.1926956 12.3580608
vn -0.2543855 -0.3459235 0.9031196
v -32.7857018 37.4766617 12.5806704
vn -0.4274586 -0.4507230 0.7836632
v -32.8718491 37.4273376 12.5053167
vn -0.4380623 0.2564366 0.8615926
v -32.9061127 37.8716087 12.5534582
vn -0.6357468 0.2314272 0.7363881
v -33.0021553 37.8548203 12.4758282
vn 0.1287205 0.5854640 0.8004142
v -32.6287460 38.1324120 12.4442692
vn 0.4472892 0.6684868 0.5941867
v -32.3689804 38.2000313 12.2762012
vn 0.7524101 0.4649736 0.4665604
v -32.1201134 38.0340729 12.1720219
vn 0.8654399 0.0942880 0.4920606
v -32.0279465 37.7318077 12.1928406
vn 0.7201105 -0.2263422 0.6559041
v -32.1464767 37.4702606 12.3264227
vn 0.4016298 -0.3092526 0.8620072
v -32.4062424 37.4026413 12.4945269
vn 0.0962840 -0.1058065 0.9897143
v -32.6551056 37.5685768 12.5986757
vn -0.0165008 0.2647839 0.9641666
v -32.7472229 37.8708572 12.5777769
vn 0.3354026 0.3972629 0.8542174
v -32.4856453 37.9942436 12.4729309
vn 0.4886412 0.4371042 0.7550958
v -32.3450661 38.0308495 12.3819838
vn 0.6353779 0.3393763 0.6936272
v -32.2103462 37.9410324 12.3255768
vn 0.6897068 0.1611327 0.7059326
v -32.1604996 37.7774315 12.3369236
vn 0.6197365 0.0066919 0.7847815
v -32.2246513 37.6358871 12.4092321
vn 0.4667355 -0.0330525 0.8837791
v -32.3651772 37.5993118 12.5001020
vn 0.3199923 0.0647876 0.9452024
v -32.4998894 37.6890907 12.5565176
vn 0.2654388 0.2432156 0.9329461
v -32.5497818 37.8526993 12.5452480
vn 0.4925056 0.2084177 0.8449854
v -32.3437233 37.8198967 12.4606314
vn -0.2114117 -0.6861406 -0.6960719
v -32.5046692 34.0121651 12.0016155
vn -0.4975018 -0.4405615 -0.7472600
v -32.9058762 34.2138634 12.0610647
vn -0.1388125 -0.0998775 -0.9852693
v -32.3521843 34.6296463 11.7853918
vn 0.0918356 -0.3911255 -0.9157440
v -32.2113304 34.2311707 11.8588610
vn 0.4040768 -0.0855822 -0.9107127
v -31.8617935 34.8423920 11.8228312
vn 0.6677844 -0.4203826 -0.6142822
v -31.9081707 34.3506317 11.9304886
vn 0.8842347 -0.1664786 -0.4363644
v -31.6835575 34.8623466 11.9796085
vn 0.9479226 -0.2606783 0.1830013
v -31.6804218 34.7743683 12.1998587
vn 0.8063610 -0.5791919 0.1196605
v -31.9048195 34.2505264 12.1515217
vn 0.7329156 -0.3323166 0.5936332
v -31.8645821 34.5913658 12.4309111
vn 0.5035220 -0.4437315 0.7413286
v -32.1903191 34.3561707 12.5932436
vn 0.4714553 -0.7881930 0.3955777
v -32.2074394 34.0269623 12.2981873
vn 0.2197557 -0.6416075 0.7348791
v -32.5385094 34.1496162 12.6209002
vn -0.1169820 -0.8357790 0.5364594
v -32.8165131 34.0336075 12.5322857
vn -0.0248833 -0.9996317 -0.0108318
v -32.5020142 33.9107132 12.2182093
vn -0.5152379 -0.8512390 -0.0996106
v -32.9727707 34.0251465 12.3664122
vn -0.6976129 -0.2266200 -0.6796908
v -33.2435150 34.5745659 12.1846256
vn -0.2192508 0.0105002 -0.9756120
v -32.4906921 35.1703415 11.8109713
vn 0.3560021 0.1124465 -0.9276952
v -31.8368149 35.4518852 11.8399181
vn 0.9108621 0.0782968 -0.4052158
v -31.6189404 35.4794502 12.0310516
vn 0.9454811 -0.0248862 0.3247249
v -31.6195335 35.3887558 12.3040390
vn 0.6642601 -0.1027762 0.7404023
v -31.8719673 35.1684494 12.6070118
vn 0.3878042 -0.1901159 0.9019223
v -32.3351860 34.8307686 12.8377848
vn 0.0891373 -0.3695627 0.9249206
v -32.8018990 34.5171738 12.8807287
vn -0.3261705 -0.5883904 0.7398713
v -33.1406288 34.3458252 12.7638121
vn -0.7904604 -0.6084355 0.0705590
v -33.3270607 34.3262482 12.5593901
vn -0.8305631 0.0088838 -0.5568537
v -33.4000587 35.0048409 12.2990274
vn -0.5287061 0.0448127 -0.8476212
v -32.8484802 35.5540657 11.9558039
vn 0.5042704 0.3059103 -0.8075458
v -31.9094505 36.0412216 11.9415216
vn 0.8784446 0.3267676 -0.3486518
v -31.6963997 36.0728455 12.1304169
vn 0.8931650 0.1772162 0.4133410
v -31.7065144 35.9981537 12.3997574
vn 0.5822747 0.0412566 0.8119447
v -31.9776802 35.7852402 12.6992331
vn 0.2879163 -0.0231340 0.9573762
v -32.4812164 35.3881035 12.9321203
vn -0.0263614 -0.1088414 0.9937096
v -32.9827118 34.9848862 12.9943171
vn -0.4737617 -0.2492602 0.8446414
v -33.3316727 34.7640305 12.8925524
vn -0.9482048 -0.2597761 0.1828230
v -33.5114784 34.7289658 12.6885691
vn -0.8487918 0.1575910 -0.5046955
v -33.3662682 35.4807854 12.3685446
vn -0.6273395 0.1266808 -0.7683730
v -33.0672493 35.7725525 12.1660414
vn 0.4917417 0.5517941 -0.6735826
v -32.0929375 36.5291100 12.1110601
vn 0.7779583 0.5723462 -0.2592313
v -31.9081898 36.5733948 12.2816267
vn 0.7842000 0.3558209 0.5083522
v -31.9319839 36.5071640 12.5193987
vn 0.4925064 0.1489501 0.8574679
v -32.1754646 36.2990837 12.7688961
vn 0.2210422 0.0460033 0.9741787
v -32.5818901 35.9205780 12.9450340
vn -0.0790593 0.0194438 0.9966803
v -33.0146484 35.5094376 12.9908028
vn -0.5170919 0.0003185 0.8559299
v -33.3484879 35.2511368 12.9103937
vn -0.9804214 0.0292496 0.1947261
v -33.5148277 35.1942291 12.7290916
vn -0.8198749 0.0510471 -0.5702626
v -33.2507439 36.0180817 12.3524523
vn 0.3532115 0.7380225 -0.5749473
v -32.3430481 36.8711319 12.2936211
vn 0.6069025 0.7812434 -0.1460418
v -32.2025795 36.9222031 12.4452600
vn 0.6315154 0.4852281 0.6047661
v -32.2313538 36.8598213 12.6431217
vn 0.3105279 0.2489602 0.9173828
v -32.5548744 36.7671852 12.8529615
vn 0.1149520 0.0952161 0.9887972
v -32.8188248 36.4741364 12.9527426
vn -0.1189283 0.0066266 0.9928808
v -33.1097908 36.1504135 12.9589872
vn -0.5324874 -0.0486133 0.8450409
v -33.3568077 35.9141273 12.8817348
vn -0.9946956 0.0375606 0.0957595
v -33.4745293 35.6624908 12.7335978
vn 0.1913571 0.8599105 -0.4732192
v -32.6066589 37.0515327 12.4426575
vn 0.3960747 0.9175130 -0.0359824
v -32.5029984 37.0996475 12.5723181
vn 0.3974886 0.6243984 0.6724058
v -32.5328140 37.0391998 12.7296219
vn -0.9815570 -0.1911383 -0.0034620
v -33.4854469 36.0304108 12.7421608
vn -0.8047658 -0.1323621 -0.5786471
v -33.3598442 36.2555275 12.5114250
vn 0.0643146 0.9195619 -0.3876461
v -32.8761864 37.1419563 12.5555201
vn 0.2025825 0.9780753 0.0482615
v -32.7974243 37.1838379 12.6630869
vn 0.2341805 0.5982627 0.7663167
v -32.8248558 37.1260796 12.7846375
vn -0.0114428 0.2439605 0.9697177
v -33.1566887 36.9108505 12.9018860
vn -0.2020751 0.0487530 0.9781559
v -33.4009323 36.6054230 12.9151802
vn -0.4957849 -0.1636220 0.8528923
v -33.5452843 36.4450264 12.8564968
vn -0.9241284 -0.3820232 0.0067050
v -33.6170731 36.3930359 12.7613344
vn -0.6395680 -0.3263749 -0.6960117
v -33.5247231 36.5480232 12.6058578
vn -0.0066401 0.9680362 -0.2507229
v -33.1486053 37.1763268 12.6010990
vn 0.0608560 0.9900804 0.1266394
v -33.0898056 37.2069244 12.7131033
vn 0.0432782 0.6472563 0.7610430
v -33.1125717 37.1563759 12.8034735
vn -0.0211864 0.9816037 -0.1897508
v -33.4263382 37.1611633 12.5757093
vn -0.1125082 0.8996855 0.4217914
v -33.4037132 37.1952095 12.7452908
vn -0.2319296 0.3555069 0.9054411
v -33.5264816 37.0373344 12.8193665
vn -0.4317777 0.0435290 0.9009291
v -33.7000618 36.7800827 12.8172274
vn -0.8926873 -0.4105123 0.1859815
v -33.7729721 36.6835403 12.7503262
vn -0.5922071 -0.4771967 -0.6492873
v -33.7166252 36.7681961 12.6302309
vn 0.0024913 0.9893817 -0.1453195
v -33.7212982 37.1625595 12.5801582
vn -0.1635009 0.9090773 0.3832049
v -33.7149315 37.1734428 12.6543646
vn -0.3384163 0.4008859 0.8513313
v -33.7765961 37.0832977 12.6974144
vn -0.5090164 0.1010956 0.8547994
v -33.8620987 36.9459953 12.7027397
vn -0.8649735 -0.5018095 0.0028607
v -33.8941269 36.8942909 12.6710443
vn -0.5171685 -0.5399780 -0.6640485
v -33.8638802 36.9342995 12.6172190
vn 0.4247034 -0.8252243 -0.3723330
v -32.1524925 34.0225563 12.0343170
vn 0.5836244 -0.1294010 0.8016471
v -24.0146084 6.5762982 3.2581749
vn 0.5665269 -0.0705161 0.8210206
v -23.8227634 5.7145281 3.0077801
vn 0.8348439 0.2442756 -0.4933205
v -23.6768169 6.1653752 2.2202830
vn 0.8096491 0.2907546 -0.5098335
v -23.8347321 7.0986142 2.5041640
vn 0.5184954 0.1122751 0.8476774
v -23.7172165 4.8192081 2.9192290
vn 0.5204866 0.2001459 0.8300815
v -23.5649529 3.8050599 3.0671790
vn 0.8804768 0.2731515 -0.3874905
v -23.3267536 4.2968588 1.9971820
vn 0.8282594 0.2116014 -0.5188558
v -23.5656986 5.1957431 2.0623701
vn 0.5520024 0.2607297 0.7920312
v -23.5710411 2.8681920 3.3005090
vn 0.9497709 -0.2869155 0.1249594
v -23.2502918 2.7324510 2.2625101
vn 0.7016153 0.3471445 0.6222755
v -23.6580620 1.8963940 3.8063130
vn 0.6895161 -0.6414053 -0.3364027
v -23.4410801 1.1299050 2.8052680
vn 0.6579993 0.4412662 0.6101812
v -24.1773911 1.3053581 4.8642449
vn 0.5092309 -0.8411484 0.1820808
v -24.1645927 0.5685790 4.5599670
vn 0.0982941 0.2433520 0.9649447
v -25.1631126 1.0140491 6.0999861
vn -0.0226910 -0.7971467 0.6033592
v -25.1760235 0.7050960 5.9377160
vn 0.5772961 -0.6396282 0.5075482
v -23.1552734 2.5378480 1.9569780
vn 0.8751192 0.3739064 -0.3071815
v -23.1838856 3.3664680 1.7164940
vn 0.6819668 -0.6871939 0.2503713
v -22.9990807 2.4055560 1.5581490
vn 0.6744313 -0.6405485 -0.3672060
v -22.9653568 2.4652579 1.0529110
vn 0.7976464 0.2971737 -0.5248315
v -22.9411697 2.7374611 0.9833800
vn 0.8207719 0.5378819 -0.1923971
v -23.0744553 3.0461171 1.4574540
vn -0.8746579 -0.2626062 0.4074452
v -24.5378361 6.5219951 3.1368489
vn -0.4054384 0.2031700 -0.8912585
v -24.3140354 7.0266118 2.3529291
vn -0.4480830 0.1870533 -0.8742041
v -24.1645546 6.1166549 2.0774970
vn -0.8700080 -0.1299666 0.4755995
v -24.4216576 5.6612740 2.8597839
vn -0.8469486 0.1037911 0.5214457
v -24.4602985 4.8184962 2.7390280
vn -0.4645920 0.2422738 -0.8517381
v -24.1898003 5.2346039 1.8926010
vn -0.3833545 0.1834669 -0.9051957
v -24.3390007 4.3177400 1.5753490
vn -0.9264091 0.2032125 0.3169713
v -24.6906338 3.8441870 2.5764899
vn -0.1974866 -0.0526696 -0.9788897
v -24.5649605 2.6769891 1.5661449
vn -0.9004756 0.4050831 0.1582768
v -24.9899693 2.9169641 2.6165130
vn -0.2703305 -0.5036234 -0.8205394
v -25.1259842 1.2372040 1.9253989
vn -0.7981061 0.6019682 0.0257079
v -25.4334202 2.0468321 2.8992920
vn -0.6164877 0.3532394 0.7036795
v -24.2554741 2.0374179 3.6052330
vn 0.0289801 -0.9957210 -0.0877492
v -23.9342880 1.2459490 2.6329169
vn -0.6929172 -0.6011059 -0.3981676
v -24.6301441 0.7195680 4.2587709
vn -0.6506510 0.7585883 0.0346009
v -24.6298771 1.4534520 4.5657902
vn -0.9000313 -0.4356477 -0.0124468
v -25.3535366 0.8046670 5.7935109
vn -0.7920598 0.4590441 0.4023927
v -25.3673496 1.0596730 5.9497638
vn 0.1585046 -0.3392671 -0.9272401
v -24.0402832 2.6917231 1.9683930
vn 0.3032389 0.1602105 -0.9393502
v -23.8233261 4.2894359 1.8093960
vn -0.3353426 0.3087033 -0.8900830
v -23.6409264 3.3628190 1.5030420
vn -0.6268558 -0.7547143 -0.1935413
v -23.7713470 2.5161440 1.7003680
vn -0.5190065 -0.7854436 -0.3372102
v -23.4423065 2.4027460 1.3388300
vn -0.3447272 0.4827114 -0.8050795
v -23.4281445 3.0462430 1.2555740
vn -0.1227564 0.2716464 -0.9545361
v -23.1399651 2.7418070 0.8826330
vn -0.2231954 -0.6253469 -0.7477466
v -23.1660137 2.4711399 0.9562760
vn -0.3875605 0.1573997 0.9083073
v -24.1894779 3.7920890 2.8996069
vn -0.4033913 0.3722402 0.8358904
v -24.3670158 2.9138341 3.0896151
vn -0.2077502 0.0912273 0.9739186
v -24.8225288 2.0414469 3.2862451
vn -0.0519136 -0.9971813 -0.0541710
v -24.5262585 1.2745171 2.3692961
vn 0.6936284 -0.6865068 -0.2181470
v -23.1609612 0.4704640 0.0820690
vn -0.2349230 -0.7109145 -0.6628815
v -23.2553349 0.4703560 0.0255060
vn -0.1333390 0.3018257 -0.9439926
v -23.2335663 0.7615030 -0.0941680
vn 0.7983106 0.3479808 -0.4915380
v -23.1287861 0.7617590 -0.0306930
vn 0.1625795 0.4448157 0.8807423
v -26.4626732 1.2037640 5.3138232
vn -0.8141782 0.3834699 0.4359640
v -26.6932468 1.1632570 5.1847939
vn -0.7113597 -0.6734481 0.2010845
v -26.6622772 0.7280920 5.0022058
vn 0.3008970 -0.6531860 0.6948446
v -26.4318218 0.7685850 5.1312761
vn 0.5052024 0.5109985 0.6954504
v -25.6557941 1.3116310 3.8946309
vn 0.5126527 -0.8299553 0.2199122
v -25.6171131 0.6945850 3.6663170
vn -0.6172710 -0.6473771 -0.4470789
v -26.1310844 0.7338430 3.3390801
vn -0.7724777 0.6170466 -0.1501055
v -26.1698437 1.3508770 3.5673151
vn 0.5461591 -0.6662082 0.5078158
v -23.5621815 0.6906520 1.7616839
vn 0.8598765 0.4858022 -0.1568713
v -23.4979954 1.6329550 1.4215150
vn -0.5886760 0.4748040 -0.6542337
v -24.0894814 1.6401700 1.1402760
vn -0.7602435 -0.6481783 -0.0435292
v -24.1705513 0.6985360 1.4620320
vn 0.6406813 -0.7141289 0.2820416
v -23.3249016 0.4862880 1.0393060
vn 0.8460245 0.5223606 -0.1066872
v -23.2993279 1.0743480 0.8553630
vn -0.5130421 0.4720095 -0.7169344
v -23.7347775 1.0792110 0.6438970
vn -0.5970487 -0.7656663 -0.2393492
v -23.7453270 0.4920960 0.8192970
vn -0.4624375 -0.5607790 -0.6867886
v -23.8236809 10.1295223 -1.7031560
vn 0.0550721 -0.5148530 -0.8555077
v -22.5741062 10.1695604 -2.3744781
vn -0.0501928 -0.7030100 -0.7094065
v -22.7242546 8.4735842 -1.1092850
vn -0.4926972 -0.5779858 -0.6505243
v -24.0395451 9.0265627 -0.5442670
vn -0.5533776 -0.5758759 -0.6017808
v -24.8457108 7.9708042 0.9917540
vn -0.1364069 -0.8252286 -0.5480792
v -23.6046619 6.8803549 1.0555040
vn -0.7054084 -0.6255797 -0.3332402
v -25.5373726 7.3260632 2.4246280
vn -0.7598296 -0.6402314 0.1129728
v -26.1198616 7.9839921 3.3539140
vn -0.8266882 -0.5458477 -0.1365179
v -26.8599148 9.0521584 2.9838910
vn -0.6948300 -0.6271539 -0.3519790
v -26.5611267 8.9192944 1.8499720
vn -0.4781912 -0.6546500 0.5854626
v -25.1097927 7.2176790 3.9903669
vn -0.4070076 -0.6693962 0.6214930
v -25.9492416 8.7311888 5.1057692
vn -0.7839428 -0.5863153 0.2041280
v -27.1455345 9.2032976 4.2087111
vn 0.0163992 -0.8818575 -0.4712308
v -24.1448822 11.4682350 -2.5755589
vn 0.4335134 -0.7280925 -0.5309873
v -22.8108768 12.0711346 -3.2148120
vn -0.5501909 -0.5638372 -0.6159364
v -25.4911251 9.3923597 0.4611510
vn -0.1139434 -0.9030968 -0.4140448
v -25.8472919 10.7151241 -0.6078970
vn -0.5050080 -0.8327334 0.2269847
v -27.8685036 10.7045927 3.1114099
vn -0.0442821 -0.9960705 0.0766985
v -27.6015015 9.9904146 1.2187470
vn -0.4954605 -0.5894427 0.6380253
v -26.7393417 10.3911676 6.1791892
vn -0.4079620 -0.8096755 0.4218919
v -28.1295948 11.5384121 4.7421622
vn -0.0939149 -0.7168373 0.6908867
v -28.0048065 12.8336124 7.5897012
vn 0.6899578 -0.6086626 -0.3917756
v -21.9902172 8.5372620 -0.7947160
vn 0.7262522 -0.3614057 -0.5847595
v -21.6986313 10.3480349 -2.0199840
vn 0.9768906 -0.2126993 -0.0210687
v -21.3249550 10.5178871 -0.6395800
vn 0.9405591 -0.3331388 0.0660831
v -21.7751980 8.9636431 0.1469830
vn 0.9564323 -0.1497337 0.2506335
v -21.8212166 10.0955172 1.6702040
vn 0.9191285 -0.3084615 0.2450598
v -22.1703529 8.6460752 1.8417650
vn 0.8472805 -0.3481505 0.4011323
v -22.9416142 8.3558645 3.5128880
vn 0.8968883 -0.1925882 0.3981221
v -22.5675755 9.6952343 3.6999710
vn 0.6385683 -0.3710020 0.6742315
v -23.4642029 9.3472948 5.1402721
vn 0.6266381 -0.4725423 0.6197003
v -23.5563927 7.8200479 4.1632628
vn 0.1048880 -0.5682349 0.8161542
v -24.8038902 8.8146524 5.3981180
vn 0.1283409 -0.6026363 0.7876281
v -24.3920441 7.3323112 4.3275971
vn 0.8426977 -0.4191275 -0.3379242
v -21.6899605 12.8301783 -2.8601100
vn 0.9896238 -0.0818878 -0.1180647
v -20.8971519 12.8895912 -1.0798340
vn 0.9562259 -0.0687165 0.2844469
v -21.6001396 12.3053331 1.7713110
vn 0.9094657 -0.0599611 0.4114326
v -22.4745121 11.8155031 3.9970930
vn 0.6820517 -0.2089365 0.7008217
v -23.6532631 11.3186626 6.1784129
vn 0.0999215 -0.5019661 0.8590959
v -25.4306240 10.6456804 6.6816511
vn 0.9858665 -0.1620259 -0.0426018
v -20.7052536 15.0498667 -2.0803840
vn 0.9896183 0.1033220 0.0999011
v -20.7083931 15.0753670 -0.3585210
vn 0.9357393 -0.0304123 0.3513788
v -21.6871338 14.5227604 2.2486141
vn 0.8905670 -0.0196767 0.4544263
v -22.6614037 14.0207825 4.5677528
vn 0.6812678 -0.1122951 0.7233699
v -24.2684078 13.7208633 7.2012429
vn 0.1155126 -0.4049576 0.9070095
v -26.2838287 12.8517008 7.9741220
vn 0.8624491 0.0775423 0.5001688
v -23.2363529 16.7621975 5.7386661
vn 0.6688010 -0.0371458 0.7425129
v -25.0163269 16.4940929 8.1703148
vn 0.5201977 -0.3053604 0.7975898
v -27.1076069 16.0290031 9.2546511
vn 0.8572783 0.2145417 0.4680232
v -23.6104259 18.3767586 5.7091799
vn 0.7893476 0.0105054 0.6138566
v -26.3557072 19.9336510 9.2939472
vn 0.8677016 -0.4443761 0.2227641
v -22.6239681 7.6276131 1.8537520
vn 0.6204758 -0.7707965 -0.1445083
v -22.9273777 6.9212990 1.3569710
vn 0.7725410 -0.4276367 0.4693690
v -23.5046062 6.9939599 3.3373849
vn 0.4251655 -0.8340263 0.3516170
v -23.8872833 6.0476151 3.2222371
vn -0.3429473 -0.9369760 0.0668070
v -24.5639591 5.9617391 3.0371909
vn 0.9295918 0.1375515 0.3419630
v -21.8479118 16.5039291 2.6628270
vn 0.9171566 0.1863740 0.3522620
v -22.1140041 17.7483311 2.3959010
vn 0.9242415 0.1883532 -0.3321157
v -29.9403992 35.6329651 7.7578950
vn 0.4806552 0.2754687 -0.8325188
v -30.7705231 35.7128906 6.7076530
vn 0.4524962 0.4254270 -0.7837468
v -30.9799137 36.9053688 7.0703282
vn 0.8561130 0.3916993 -0.3371087
v -30.2186432 36.9052391 8.0016537
vn 0.9846374 0.0688102 0.1604817
v -29.8600254 35.5991745 9.0544424
vn 0.9392409 0.3270049 0.1043758
v -30.0757847 36.8021049 9.1107569
vn 0.8711051 -0.0021693 0.4910920
v -30.4175529 35.8888474 10.4888992
vn 0.8709626 0.2896975 0.3968622
v -30.5433731 37.0242844 10.4048414
vn 0.6656374 -0.1009793 0.7394120
v -31.2751236 36.1190567 11.6438198
vn 0.6766569 0.2963829 0.6740124
v -31.4461250 37.2055588 11.6942635
vn 0.2142753 -0.1593264 0.9636915
v -32.8758392 36.5433998 12.7133236
vn 0.2844265 0.3529863 0.8913486
v -32.9385719 37.7616386 12.5523014
vn -0.4772018 -0.2985150 0.8265393
v -34.1800003 36.3910141 12.6130438
vn -0.4578956 0.4016564 0.7930976
v -34.1590195 37.9137802 12.5767002
vn 0.3191113 0.7698524 -0.5527163
v -31.4885712 38.4444389 7.9513488
vn 0.7110881 0.6826658 -0.1682894
v -30.9776878 38.2740479 8.4956055
vn 0.8350173 0.5369158 0.1202808
v -30.6273632 37.6024323 9.3204374
vn 0.7935516 0.5642660 0.2277716
v -30.9542809 38.0650368 10.1264172
vn 0.6808112 0.5028802 0.5325482
v -31.4827538 37.8831863 11.0807457
vn 0.3701240 0.7437316 0.5566611
v -32.5699272 38.7818375 11.6560936
vn -0.2137067 0.9040556 0.3701526
v -33.5212479 38.9382858 11.4720488
vn 0.9498047 0.1024692 -0.2955861
v -29.8802814 34.2552376 7.5369849
vn 0.4922257 0.1756528 -0.8525609
v -30.6162243 34.3559532 6.4403982
vn 0.9789225 -0.0117161 0.2038957
v -29.8661537 34.3125038 8.8183126
vn 0.8290883 -0.1125367 0.5476753
v -30.4715805 34.4524803 10.1636181
vn 0.6047435 -0.1904366 0.7733170
v -31.3082008 34.7071915 11.1129131
vn 0.1261456 -0.4294153 0.8942537
v -32.4705658 35.2312126 11.8392944
vn -0.4284503 -0.5154835 0.7420965
v -33.5714836 35.0808372 11.5590553
vn 0.9418690 0.1701271 -0.2897233
v -29.7844963 33.0554390 7.3337622
vn 0.4899096 0.1998835 -0.8485489
v -30.5030842 33.0563850 6.2444339
vn 0.9745834 0.0950839 0.2028457
v -29.7873783 33.0583420 8.5905981
vn 0.8545113 0.0618210 0.5157408
v -30.3762608 33.1927376 9.8970966
vn 0.6152496 0.0051780 0.7883154
v -31.1954556 33.3275909 10.9086752
vn 0.0730386 -0.1591764 0.9845447
v -32.1708832 33.4464989 11.3433361
vn -0.4893363 -0.2054247 0.8475558
v -33.2746887 33.4930801 11.0449982
vn 0.9022522 0.2875156 -0.3213656
v -29.4796505 31.4075813 6.9809041
vn 0.4790668 0.2863240 -0.8297672
v -30.3118191 31.3854504 5.9131560
vn 0.9519981 0.2594229 0.1624794
v -29.5113964 31.4727993 8.4866953
vn 0.8553934 0.2426914 0.4576059
v -29.9652061 31.5871048 9.7542830
vn 0.5854949 0.1405507 0.7983992
v -30.9093418 31.8276787 10.8670940
vn 0.1303517 0.0898051 0.9873923
v -31.9560184 31.9466877 11.2513399
vn -0.4961337 0.1241222 0.8593282
v -33.3030205 32.1122322 11.0940666
vn 0.8156446 0.4541970 -0.3583700
v -28.9286671 29.6783295 6.6098242
vn 0.4478842 0.4445215 -0.7757580
v -30.0323086 29.6572399 5.4290280
vn 0.8915700 0.4440008 0.0892534
v -28.8054485 29.7408867 8.2295818
vn 0.8040547 0.3613054 0.4721806
v -29.3945217 29.9047852 9.7932320
vn 0.5577319 0.2841074 0.7798834
v -30.6368694 30.0719318 11.0602484
vn 0.1559732 0.2704099 0.9500268
v -31.9086761 30.2588806 11.5919828
vn -0.4833210 0.2561306 0.8371368
v -33.4898453 30.4163761 11.4176588
vn 0.7543420 0.5471248 -0.3627983
v -28.1350937 28.1268139 6.0586529
vn 0.4056080 0.5847473 -0.7025332
v -29.5802975 28.1874180 4.6461210
vn 0.8800104 0.4660797 0.0913856
v -27.7773762 28.1072445 8.0313282
vn 0.7849708 0.3723642 0.4951422
v -28.5879955 28.2410202 9.9738626
vn 0.5540070 0.3555444 0.7527712
v -30.1389980 28.4576473 11.4879589
vn 0.1179766 0.3438469 0.9315851
v -31.8602123 28.6488743 12.1964073
vn 0.7317125 0.6337941 -0.2508023
v -27.3965530 26.6909103 5.4386668
vn 0.3391139 0.7348515 -0.5873628
v -29.1130199 27.0319271 3.8367710
vn 0.9008363 0.3857619 0.1992029
v -26.8610802 26.0790558 7.9561892
vn 0.7752028 0.3330473 0.5367869
v -28.1663208 26.3061733 10.4540262
vn 0.5204564 0.2814713 0.8061633
v -29.8450470 26.3507309 12.2435303
vn 0.0637300 0.2281309 0.9715425
v -31.9797764 25.9174080 13.1610146
vn 0.6543443 0.7558865 -0.0216604
v -26.4461308 25.4987679 4.4055591
vn 0.2106721 0.9069007 -0.3648950
v -28.4153805 26.1069889 2.6284261
vn 0.9054171 0.3130803 0.2867065
v -25.8514709 23.8941479 7.1890988
vn 0.7821376 0.2066478 0.5878415
v -27.5874729 24.4477310 10.8623867
vn 0.8057054 0.0222625 0.5918980
v -27.0773373 22.1755486 10.5072536
vn 0.4693890 0.0511850 0.8815067
v -29.6959114 23.0413857 12.8874083
vn 0.5012093 -0.1487495 0.8524452
v -29.4463768 19.9062958 12.5382156
vn 0.0059728 -0.0278599 0.9995940
v -32.3108940 22.0271263 13.5973415
vn 0.0284688 -0.3182147 0.9475912
v -31.9100094 18.4552135 13.0540857
vn 0.8747011 0.2994061 0.3811220
v -25.0847073 22.5511341 6.1510849
vn 0.8318699 0.3654599 0.4176500
v -24.0412674 21.7981911 4.7724819
vn 0.5956326 0.7841384 0.1742092
v -25.3387451 24.9209442 2.8595910
vn 0.1403180 -0.6433203 0.7526286
v -30.5104885 14.9401112 11.0668278
vn 0.5770782 -0.3284799 0.7477177
v -28.4032974 16.8122959 10.9727364
vn -0.3232656 -0.7628876 0.5599125
v -32.7134018 14.4937849 10.0728197
vn -0.1978715 -0.9183614 0.3427233
v -30.1551189 11.7999849 5.6417422
vn 0.5073913 0.8067842 0.3027430
v -24.2587719 24.8508987 0.7258050
vn -0.0260252 0.9986445 0.0450768
v -26.5143967 25.4321995 -0.6641760
vn 0.0868305 0.9848055 -0.1503945
v -27.5351162 25.6162128 1.1037660
vn 0.8507417 0.3369230 0.4033875
v -22.8717480 21.5223007 2.5235710
vn -0.1768398 -0.9353665 0.3062962
v -29.0008678 10.8948917 3.6425209
vn 0.8287908 0.3663420 0.4229650
v -22.2668648 22.0478649 0.9601330
vn 0.9594583 0.0324944 0.2799712
v -20.8358479 18.1670895 -0.4232540
vn 0.2567549 -0.8580837 -0.4447126
v -23.5385208 11.9587193 -5.8185430
vn 0.6630055 -0.7148570 -0.2222687
v -22.2562656 12.8439732 -4.6719441
vn 0.3903736 0.8113334 0.4351399
v -23.3807316 25.3522263 -1.5511971
vn -0.1575184 0.9490795 0.2728299
v -25.4748631 25.7814960 -2.4647000
vn 0.8010840 0.4117945 0.4343843
v -21.9057407 23.1892662 -0.7561640
vn 0.9780278 0.0737077 0.1950099
v -20.6906109 19.1580124 -2.2755220
vn 0.9829500 -0.1809798 -0.0324896
v -20.7694492 15.2753344 -2.6589379
vn 0.9686447 -0.2483447 0.0072355
v -20.3491077 16.2142773 -4.3638191
vn 0.8183705 -0.4965649 -0.2892976
v -21.4946499 14.3888178 -6.5824938
vn 0.8618365 -0.4919821 -0.1232536
v -21.3293781 13.4516020 -3.8985071
vn 0.3839222 -0.6406366 -0.6649727
v -22.4959602 13.8380423 -7.6243100
vn 0.8004991 0.4660544 0.3768214
v -21.5702419 24.3422699 -2.4011631
vn 0.9587177 0.1555627 0.2380350
v -20.3725967 21.6870136 -3.9705069
vn 0.9976722 -0.0643688 -0.0225140
v -19.8453960 19.1620483 -5.9802079
vn 0.8841431 -0.2946294 -0.3626078
v -20.5969334 17.2462063 -7.9955230
vn 0.4198977 0.7831847 0.4585931
v -22.9590111 26.2957764 -3.6058021
vn -0.2380018 0.8794433 0.4122313
v -24.5789700 26.7152748 -4.0164309
vn 0.8082544 0.5330405 0.2501856
v -21.5391579 25.2219791 -4.2271671
vn 0.9254048 0.3457585 0.1551677
v -20.6458149 23.8918495 -5.3710122
vn 0.9686778 0.2280226 -0.0983308
v -19.9801159 22.3722057 -6.8694491
vn 0.8828664 0.0411977 -0.4678138
v -20.1756001 20.6271992 -8.6546326
vn 0.4592111 -0.3956018 -0.7953770
v -21.6800137 16.6036873 -9.0375729
vn 0.4999755 -0.0099331 -0.8659827
v -21.3163242 20.1710167 -9.6674995
vn 0.6079006 0.7677691 0.2024537
v -22.9686165 27.2698040 -5.2318230
vn -0.0575556 0.9933525 0.0996903
v -23.7454224 27.8415356 -5.4601779
vn 0.7812111 0.6137710 -0.1139926
v -21.6847305 26.1177826 -6.8218789
vn 0.9297615 0.3176311 -0.1861563
v -21.1486874 24.5402641 -7.9526081
vn 0.4628346 0.3783359 -0.8016521
v -21.6926861 24.5992012 -9.0156202
vn 0.5330632 0.8373322 0.1213196
v -31.7550659 38.9784775 9.9164124
vn 0.0739080 0.9890149 -0.1280125
v -32.4180756 39.2290688 9.5612965
vn -0.4722320 0.3286133 0.8179305
v -33.7602386 28.6729660 11.8859940
vn -0.4880385 0.2174216 0.8453084
v -34.2560120 25.7865410 12.7446985
vn -0.4586917 -0.3980043 0.7944775
v -34.0411568 18.1138000 12.3725557
vn -0.4988641 -0.0673651 0.8640583
v -34.4787865 21.7471809 13.1305532
vn 0.1177080 -0.9718946 -0.2038767
v -25.6306896 10.9451714 -2.1948011
vn 0.3153399 0.7760434 -0.5461844
v -22.4569473 26.5054321 -7.6918831
vn 0.6645135 0.6564893 -0.3569928
v -19.5762482 19.3082905 -0.8609780
vn 0.5081269 0.7918656 -0.3387564
v -20.7410698 20.6405888 0.2214890
vn 0.7756659 0.6260886 -0.0797218
v -19.5674362 20.2972393 1.1670940
vn 0.8526216 0.5041211 -0.1374717
v -18.8675709 18.8819637 -0.1931530
vn 0.9554331 0.1510971 0.2536084
v -18.8472481 18.0174980 2.1726651
vn 0.9781286 0.1507977 0.1432644
v -18.5789413 17.8563404 0.7587410
vn 0.8925190 -0.3879429 0.2300221
v -19.1187916 15.5622549 2.5716729
vn 0.9631065 -0.2620862 0.0611287
v -18.5761528 16.5631695 0.2022740
vn 0.7858301 -0.6097496 0.1033269
v -19.7988491 14.5577974 1.5806201
vn 0.9223095 -0.3858565 -0.0214486
v -18.8553658 15.9371347 -0.5418840
vn 0.4750286 0.8441570 -0.2484891
v -22.1833096 22.0846539 1.6512100
vn 0.7216033 0.6919828 0.0211780
v -20.6500664 21.6270523 2.9333119
vn 0.8977520 0.2129690 0.3855976
v -19.7873535 18.7943287 4.3280420
vn 0.8176857 -0.3628910 0.4468783
v -20.2055588 15.5203829 5.2013841
vn 0.6536206 -0.6742592 0.3437365
v -21.3194885 13.9924746 4.3720369
vn 0.4203833 0.9026972 -0.0917370
v -23.7324467 23.4554043 3.8491189
vn 0.6659094 0.7299421 0.1541074
v -22.0720654 22.7884998 5.0657048
vn 0.8352159 0.2464875 0.4915876
v -21.2433949 19.6764393 6.7557721
vn 0.7335117 -0.2867406 0.6162307
v -21.6226444 16.1423378 7.6009150
vn 0.5690019 -0.5926592 0.5700805
v -22.8561687 14.2548132 6.9659448
vn 0.2927133 0.9468020 0.1337345
v -25.3380642 24.0034561 6.4830651
vn 0.5209211 0.7815279 0.3433008
v -23.8267555 23.4784908 7.5017562
vn 0.7511022 0.2736247 0.6008121
v -23.0304852 20.4614048 8.9879293
vn 0.6160712 -0.2323728 0.7526348
v -23.4418182 17.2408791 9.8537931
vn 0.4344925 -0.5019978 0.7478065
v -24.7890797 15.5615368 9.5169516
vn 0.4670770 0.7055346 0.5329729
v -25.5583496 23.1809444 9.4632139
vn 0.5952192 0.3344920 0.7306362
v -24.8765945 21.0296879 10.6845541
vn 0.4049809 -0.1476193 0.9023297
v -25.1914082 18.5648174 11.3472443
vn 0.2173569 -0.3827513 0.8979184
v -26.3040943 17.2850151 11.0534372
vn 0.3891426 0.6007293 0.6983498
v -27.2580414 23.0663109 10.7084446
vn 0.4762185 0.5355581 0.6974191
v -26.5037670 22.3036022 10.7955780
vn 0.4145147 0.8191371 0.3964745
v -26.6003532 23.8950233 9.0773058
vn 0.3415960 0.3469814 0.8734507
v -26.6354160 21.2945042 11.6545534
vn 0.2028534 -0.0493717 0.9779637
v -26.4855289 20.0332870 11.8180962
vn -0.0404662 -0.1595445 0.9863610
v -27.6088295 19.9519997 11.7424688
vn 0.9821154 0.1397094 -0.1262168
v -18.3778095 17.6493378 -0.9901140
vn 0.9645823 0.1173204 -0.2362560
v -18.5547695 17.4070358 -1.9183190
vn 0.1285224 0.2941663 0.9470735
v -27.7886848 21.4538078 11.8201637
vn 0.7723050 0.0268850 0.6346828
v -21.0070648 24.7698097 -8.7941399
vn 0.9507717 0.0290496 0.3085275
v -19.8985214 24.9665775 -10.3857489
vn 0.3388223 0.1347540 -0.9311503
v -19.9089451 25.2142258 -12.1051512
vn 0.1051806 -0.9181397 -0.3820427
v -20.7020626 23.5279083 -10.7314310
vn -0.8660259 0.0000008 -0.4999991
v -20.2082825 24.1292038 -11.5866842
vn -0.0627178 -0.9921016 0.1086319
v -21.5501652 22.9670467 -9.2624731
vn -0.0862336 0.9850152 0.1493616
v -21.1722698 23.8891850 -9.9170094
vn 0.7648475 0.0525103 0.6420677
v -20.7537689 22.6327877 -9.5175447
vn 0.9539079 -0.0161144 0.2996666
v -20.2214737 22.4967136 -10.4394941
vn 0.3393941 0.8749842 -0.3452743
v -20.6700706 23.6108055 -10.7868452
vn -0.4980903 0.0873155 0.8627179
v -21.9185295 22.6409969 -8.6244497
vn 0.5609449 -0.1052165 -0.8211396
v -20.1044197 22.3514652 -11.7665806
vn 0.8660239 -0.0000023 0.5000027
v -20.3240929 23.2059078 -11.3860941
vn 0.0419784 -0.9592473 -0.2794324
v -20.8394527 21.2625542 -10.4934664
vn -0.8660247 -0.0000019 -0.5000013
v -20.4867649 21.5664043 -11.1043386
vn -0.1681362 -0.9417652 0.2912191
v -21.3496265 21.1240788 -9.6098204
vn -0.1487969 0.9546922 0.2577251
v -21.4842834 28.9410362 -9.3765850
vn 0.8466583 -0.0034617 0.5321257
v -20.8396015 27.4415283 -9.3495331
vn 0.8459891 -0.0198960 0.5328289
v -19.7561607 27.9591064 -11.0206594
vn -0.1412901 0.9592440 0.2447205
v -20.4577179 29.4708481 -11.1546516
vn -0.2332098 0.8845637 0.4039309
v -22.5093937 28.3591194 -7.6010442
vn 0.7881130 -0.0600811 0.6125914
v -21.8851776 27.0352459 -7.7649951
vn -0.4671510 0.3564894 0.8091263
v -23.1914196 27.2837639 -6.4197412
vn -0.2118958 -0.4467699 0.8691933
v -23.1786652 26.8455696 -6.4418292
vn 0.7181130 0.4210447 -0.5541075
v -18.8312283 29.1514683 -13.9718113
vn 0.8660251 -0.0000005 0.5000005
v -19.1796513 29.8155785 -13.3683252
vn 0.1143355 0.9918422 0.0563608
v -19.8047047 29.7324066 -12.2857027
vn 0.9341276 0.0642680 0.3511058
v -18.9619598 28.4712524 -12.2372150
vn 0.2701089 -0.8415253 -0.4678424
v -19.5228367 27.1063328 -12.7739115
vn 0.4166594 -0.5527942 -0.7216742
v -19.0344505 27.8882465 -13.6198196
vn 0.1035918 -0.9783024 -0.1794248
v -21.0702839 25.7191792 -10.0936527
vn 0.1507480 -0.9534673 -0.2611037
v -20.1164684 26.4479847 -11.7457113
vn 0.0550097 -0.9808652 0.1867551
v -21.9853268 25.6477623 -8.5087547
vn 0.8660256 -0.0000004 0.4999996
v -22.7062187 25.9584732 -7.2601318
vn -0.2735130 0.8371164 0.4737371
v -21.0965805 31.3787498 -10.0481091
vn 0.8530369 -0.0404808 0.5202782
v -20.3550682 30.0229988 -10.3322763
vn 0.8501406 -0.0154152 0.5263300
v -19.3278522 31.1374989 -11.9218473
vn -0.2619310 0.8518034 0.4536773
v -20.0449619 32.6471977 -11.8695650
vn -0.2953270 0.8069261 0.5115197
v -22.2936859 29.9365025 -7.9746618
vn 0.8440313 -0.0524467 0.5337234
v -21.7577782 28.6758633 -8.2117634
vn -0.8757138 -0.4560336 -0.1586151
v -23.5213337 27.1272449 -5.8483119
vn 0.6253757 0.5891305 -0.5116938
v -18.0879192 33.4331512 -15.2592602
vn 0.8660252 -0.0000013 0.5000004
v -18.6462193 33.7190399 -14.2922564
vn -0.0392173 0.9651505 0.2587403
v -19.2415638 33.4424324 -13.2610912
vn 0.9109669 0.0689716 0.4066721
v -18.3866558 32.1836700 -13.3910360
vn 0.3390536 -0.7349634 -0.5872577
v -18.6534843 30.9156590 -14.2796745
vn 0.4588844 -0.3971145 -0.7948114
v -18.2435074 31.9451122 -14.9897757
vn 0.2005158 -0.9160644 -0.3473031
v -20.3847389 28.8946743 -11.2810526
vn 0.2329856 -0.8847995 -0.4035437
v -19.3637047 29.8729687 -13.0495377
vn 0.0393809 -0.9333534 -0.3567920
v -21.6020813 27.7146206 -9.1725550
vn -0.8660253 -0.0000019 -0.5000002
v -23.0641441 26.5453854 -6.6401849
vn 0.2991435 -0.8228973 0.4830666
v -33.7976494 36.6688690 12.4747019
vn 0.6711652 -0.4461407 0.5920269
v -33.6217346 36.8963661 12.5606756
vn 0.6223662 -0.4848659 0.6144634
v -34.0977020 37.0340233 13.1962395
vn 0.2646907 -0.8558261 0.4444103
v -34.2278175 36.8992538 13.1290731
vn 0.7951342 -0.0136370 0.6062802
v -33.5785217 37.1963997 12.6027145
vn 0.7524614 -0.0096619 0.6585656
v -34.0683250 37.2485619 13.2475233
vn 0.7226509 0.4169581 0.5512909
v -33.6713028 37.5005455 12.6141777
vn 0.6514954 0.4637945 0.6003736
v -34.1315231 37.4761505 13.2440386
vn 0.3949048 0.8355871 0.3818958
v -33.8592796 37.7144585 12.5645847
vn 0.3003993 0.8599254 0.4126602
v -34.2622032 37.6335373 13.1722879
vn -0.0718596 0.9896188 0.1244625
v -34.0772438 37.7775497 12.4350586
vn -0.0991943 0.9801231 0.1718116
v -34.4307632 37.6748695 13.0473757
vn 0.2894258 -0.8716303 0.3955924
v -34.5727539 37.0034027 13.5737009
vn -0.0801842 -0.9870571 0.1388838
v -34.6894684 36.9801750 13.4954672
vn -0.1317461 -0.9646616 0.2281908
v -34.4078102 36.8511581 13.0076199
vn 0.5964419 -0.4954633 0.6314849
v -34.5211372 37.0941963 13.6451254
vn 0.6738766 -0.0759657 0.7349283
v -34.5221214 37.2238617 13.7024870
vn 0.5588986 0.3618984 0.7460979
v -34.5719452 37.3537636 13.7248363
vn 0.2220868 0.7522780 0.6202866
v -34.6562271 37.4493561 13.7047577
vn 0.4251524 -0.6507146 0.6291391
v -34.8594933 37.0622711 13.9277449
vn -0.1266704 -0.9673814 0.2193807
v -34.9122353 37.0279655 13.8813057
vn 0.4066641 -0.0006115 0.9135776
v -34.8920860 37.1426392 13.9885702
vn -0.4638652 0.3732515 0.8034379
v -34.9815063 37.1839447 14.0012894
vn -0.4049434 -0.5865732 0.7013935
v -34.9744148 37.0750122 13.9890079
vn -0.1584700 -0.9484456 0.2744781
v -34.0267715 36.5964966 12.3476419
vn -0.2105523 0.9070147 0.3646808
v -34.7713547 37.4833603 13.6372948
vn 0.9272090 0.3632165 0.0914188
v -34.3012619 39.2923698 13.1868277
vn 0.8144937 0.5280762 0.2402824
v -34.3598404 39.4635391 13.3064604
vn 0.3628056 0.2874618 0.8864185
v -34.4589882 39.4029465 13.4782248
vn 0.3392724 -0.1175870 0.9333100
v -34.4654236 39.0269432 13.4703302
vn 0.8688765 0.4546962 0.1957168
v -34.1981354 39.1295204 13.0571938
vn 0.2940387 -0.4498301 0.8433233
v -34.3807869 38.5379333 13.3120699
vn -0.3573467 0.6994493 0.6189298
v -34.6428986 39.5305214 13.4148006
vn -0.4950047 -0.1409832 0.8573763
v -34.6525764 39.0431519 13.4315653
vn 0.1693078 0.9409241 -0.2932521
v -34.5064507 39.5953407 13.1784687
vn 0.3919393 0.6209118 -0.6788610
v -34.4269485 39.3602104 13.0407648
vn -0.4110176 -0.5694432 0.7118982
v -34.5629005 38.5542068 13.2762423
vn 0.3194628 0.7692711 -0.5533223
v -34.3600464 39.2098961 12.9248896
vn 0.4462470 -0.4547507 0.7707563
v -34.2191086 38.3591423 13.1129713
vn 0.8528095 0.4484122 0.2676614
v -34.0365028 38.9507332 12.8581743
vn -0.2919731 -0.8117925 0.5057120
v -34.4362526 38.3754120 13.0568819
vn 0.2883660 0.8169371 -0.4994585
v -34.2334137 39.0311012 12.7055569
vn 0.9648250 0.2626984 0.0101091
v -33.8583794 40.3266563 12.4456406
vn 0.8139406 0.5604649 0.1529041
v -33.9313431 40.7034264 12.5866413
vn 0.4403259 0.3445673 0.8290879
v -34.0359917 40.6275291 12.7678852
vn 0.4149440 0.0107226 0.9097838
v -34.0736732 40.1637459 12.8101387
vn 0.9571155 0.2588946 0.1300140
v -33.7379227 39.9997368 12.2892799
vn 0.3753575 0.0169176 0.9267257
v -34.0831413 39.5160713 12.7824821
vn -0.3625702 0.6885996 0.6279917
v -34.2453957 40.7386971 12.7263098
vn -0.4991072 0.0598580 0.8644704
v -34.2793541 40.2043839 12.7851257
vn 0.2000789 0.9164486 -0.3465408
v -34.0886765 40.8215523 12.4548655
vn 0.4498417 0.4365437 -0.7791483
v -33.9991493 40.4024467 12.2997961
vn 0.4255356 0.5250427 -0.7370547
v -33.9126205 40.1041946 12.1499224
vn 0.2032171 -0.9739275 0.1008365
v -33.9604836 37.7778664 12.2328234
vn 0.7765712 -0.3345671 0.5338559
v -33.6716690 38.0790634 12.1624556
vn 0.8123950 -0.2052596 0.5457865
v -33.8743668 38.5413818 12.7470436
vn 0.4920714 -0.6876761 0.5338234
v -34.1237946 37.8114357 12.7967653
vn 0.8426488 -0.2778389 0.4612469
v -33.4301262 38.4861755 11.8469858
vn 0.8273030 -0.2905887 0.4807577
v -33.0555153 38.7903290 11.4375620
vn 0.8437964 -0.0276065 0.5359528
v -32.9059372 39.6112823 11.6977606
vn 0.8044479 -0.1322649 0.5791110
v -33.4616776 39.1692581 12.3824377
vn 0.8414512 -0.2528357 0.4775292
v -32.5434113 38.9904060 10.6380548
vn 0.8650631 -0.0061355 0.5016255
v -32.3835526 39.8238945 10.7721491
vn 0.8153744 -0.2965640 0.4972066
v -32.1162033 38.9182129 9.7791538
vn 0.8774506 -0.0216726 0.4791771
v -31.8728924 39.7153435 9.8598299
vn 0.7966870 -0.2691643 0.5411473
v -31.7063198 38.6770630 9.0603580
vn 0.8902965 -0.0212454 0.4548855
v -31.3589077 39.4003181 8.9340334
vn 0.8039018 -0.1826419 0.5660247
v -31.3120422 38.3458252 8.3728514
vn 0.9096172 -0.0088022 0.4153541
v -30.9884071 38.9665298 8.1215458
vn 0.8114802 -0.1445690 0.5662153
v -31.0221138 37.9339790 7.8678389
vn 0.9049059 -0.0489926 0.4227825
v -30.7649822 38.1655655 7.5589042
vn 0.8297340 -0.2562584 0.4958559
v -30.8574181 37.3077698 7.4497452
vn -0.3443381 0.2280493 0.9107276
v -30.9344578 36.5687752 6.9915938
vn 0.9915695 -0.1288714 -0.0135005
v -30.6600456 37.4783974 7.2076550
vn 0.3006142 0.1682603 0.9387863
v -34.0431442 39.1222763 13.0296516
vn 0.2550387 -0.2456926 0.9351954
v -34.2101364 38.2794380 13.1286077
vn 0.4833795 0.5968856 0.6403684
v -33.3223534 40.4559326 11.9348717
vn 0.4168420 0.3956776 0.8183411
v -33.7911797 39.7005348 12.7206306
vn 0.6157479 0.6552106 0.4376685
v -32.6328201 40.8124962 10.8297405
vn 0.7284130 0.6445942 0.2321915
v -32.0236816 40.7386475 9.6442451
vn 0.8180303 0.5690740 0.0835538
v -31.4159946 40.2270241 8.5293007
vn 0.9083915 0.4121562 -0.0703717
v -30.9560547 39.5237732 7.7612548
vn 0.9736422 0.1644251 -0.1580670
v -30.6931610 38.3145866 7.2928839
vn -0.1571560 0.9493192 0.2722039
v -21.6963863 26.0832882 -9.0092106
vn 0.0823849 0.9863322 -0.1426942
v -20.6921196 26.1999626 -10.7486534
vn -0.4999996 -0.0011754 0.8660249
v -22.6321449 24.6853199 -7.3884311
vn -0.4996208 0.0362393 0.8654859
v -34.3068237 39.3697891 12.8327084
vn -0.4998856 0.0228615 0.8657897
v -34.3071785 39.3389893 12.8333168
vn -0.0167252 -0.9859443 -0.1662351
v -30.9344578 36.5687714 6.9915948
vn -0.4705084 0.3383512 0.8149481
v -34.3681335 39.1987038 12.9388971
vn -0.3798447 0.6502874 0.6579090
v -34.2001534 39.8174095 12.6479445
vn -0.2328605 0.8849317 0.4033260
v -33.7196770 40.6110344 11.8157377
vn -0.0563969 0.9936183 0.0976838
v -33.0358772 40.9860153 10.6313639
vn 0.1127516 0.9742426 -0.1952907
v -32.3366280 40.9078331 9.4202261
vn 0.2536593 0.8617578 -0.4393524
v -31.6700268 40.3700714 8.2656374
vn 0.3944246 0.6145884 -0.6831622
v -31.1998558 39.6315536 7.4512782
vn 0.4829548 0.2588835 -0.8365011
v -30.9178429 38.3614197 6.9628191
vn 0.4999250 -0.0172604 -0.8658967
v -30.8704281 37.4830971 6.8806930
vn -0.2564299 -0.8454778 0.4684134
v -34.2772026 37.7800903 12.7813997
vn 0.8660265 -0.0000014 0.4999981
v -33.9922142 37.7464867 12.2877827
vn -0.4895368 -0.2034788 0.8479093
v -34.4463921 38.2931099 13.0744457
vn -0.5148409 0.2956046 -0.8047091
v -33.7214317 40.8871231 11.4040241
vn -0.5977100 0.5351957 -0.5969157
v -33.8162842 41.1352348 11.5486040
vn -0.9670874 0.2366282 0.0935366
v -33.9281998 41.0509796 11.7443953
vn -0.9978747 -0.0601443 0.0250757
v -33.8912392 40.7451591 11.7035246
vn -0.4978534 0.3226898 -0.8049928
v -33.6088104 40.6067696 11.2225533
vn -0.9894814 -0.0155019 0.1438274
v -33.8830910 40.3106842 11.7035561
vn -0.3071315 0.0720447 0.9489362
v -34.3419075 38.0710602 11.2765131
vn -0.2994227 -0.4302858 0.8515869
v -34.4702568 37.7000198 11.1239748
vn -0.6926259 -0.2079335 0.6906758
v -34.6735535 37.7519073 11.0720730
vn -0.6317691 0.1992487 0.7491114
v -34.5359573 38.1473083 11.2031488
vn -0.9413395 0.2003885 0.2715224
v -34.7351799 37.9032249 10.8811989
vn -0.5024418 0.6068478 0.6158636
v -34.4449081 38.4612579 11.1344004
vn -0.8943891 0.4314002 0.1181611
v -34.6415825 38.2534485 10.6949024
vn -0.8096844 0.5866140 -0.0171846
v -34.5606155 38.4266624 10.4410944
vn -0.4632103 0.8650874 -0.1925097
v -34.3773613 38.6181717 10.3029280
vn -0.4272318 0.8899398 0.1596255
v -34.3224411 38.6576118 10.7812023
vn -0.1310977 0.9556258 -0.2638046
v -34.0686073 38.6542740 10.2730827
vn -0.0770964 0.9760354 0.2034975
v -34.1261597 38.6723862 10.7947292
vn -0.1493590 -0.7022343 0.6961026
v -34.5215454 37.3416901 10.7721624
vn -0.6466132 -0.4542679 0.6128067
v -34.7615433 37.3825188 10.7575617
vn -0.9711576 0.0533352 0.2323969
v -34.8553238 37.5633965 10.5373564
vn -0.9425574 0.3336455 0.0163173
v -34.8330650 37.8747749 10.2193499
vn -0.8179433 0.5293028 -0.2254049
v -34.6739197 38.1571617 9.8931389
vn -0.4453348 0.7348241 -0.5115765
v -34.4517975 38.3123436 9.6877689
vn -0.1284249 0.7966238 -0.5906756
v -34.1499786 38.3311653 9.6501818
vn -0.1277583 -0.6762741 0.7254869
v -34.5791054 37.0783844 10.4600105
vn -0.6524158 -0.4473379 0.6117537
v -34.8429489 37.1089134 10.4557467
vn -0.9783382 0.0511711 0.2005890
v -34.9448013 37.2991104 10.1816893
vn -0.9514889 0.2979159 -0.0769092
v -34.9468689 37.5249825 9.8294487
vn -0.8060488 0.4369961 -0.3991490
v -34.7834892 37.7048416 9.5187988
vn -0.4710829 0.4810405 -0.7393788
v -34.5403328 37.8039856 9.2773256
vn -0.2273124 0.4670722 -0.8545014
v -34.2698975 37.7968140 9.1985292
vn -0.2929310 -0.3130801 0.9034225
v -34.6825600 36.8401260 10.3044710
vn -0.6977656 -0.2445475 0.6732903
v -34.8750420 36.8811035 10.2602663
vn -0.9798413 0.0217401 0.1985913
v -34.9979973 36.9978333 9.9601526
vn -0.9800975 0.1507634 -0.1291485
v -35.0192833 37.1158218 9.5940237
vn -0.8162359 0.2457178 -0.5228592
v -34.9138336 37.1836357 9.2975063
vn -0.4558072 0.1934844 -0.8687943
v -34.7145348 37.1487961 9.0893488
vn -0.2160999 0.1019907 -0.9710298
v -34.3852196 37.0310555 9.0089188
vn -0.3408171 -0.0630639 0.9380121
v -34.7249985 36.5486145 10.2534590
vn -0.6909822 -0.0864604 0.7176825
v -34.8845329 36.5881844 10.1968651
vn -0.9634712 -0.0598946 0.2610283
v -34.9978485 36.6294746 9.9577990
vn -0.9963583 -0.0659315 -0.0540673
v -35.0430183 36.6614799 9.6249132
vn -0.9006466 -0.0966019 -0.4236788
v -34.9828987 36.6191444 9.3496780
vn -0.5893716 -0.1612387 -0.7916080
v -34.8252144 36.5259552 9.1590796
vn -0.2992776 -0.1728204 -0.9383848
v -34.5072098 36.4276581 9.0747900
vn -0.2782048 0.0858340 0.9566790
v -34.6932755 36.2057419 10.2492476
vn -0.6172732 0.0042927 0.7867372
v -34.8354301 36.2488251 10.2074633
vn -0.9443998 -0.0837603 0.3179518
v -34.9326286 36.2510376 10.0407581
vn -0.9833679 -0.1811854 0.0126315
v -34.9615784 36.2003059 9.8127909
vn -0.9309632 -0.2785502 -0.2360451
v -34.9153748 36.1054192 9.5961332
vn -0.8134373 -0.3565280 -0.4595733
v -34.8069878 35.9901619 9.4319038
vn -0.7111860 -0.4009924 -0.5774251
v -34.6467018 35.8427849 9.3086634
vn -0.3805971 0.1595184 0.9108786
v -34.6499252 35.7995415 10.3523121
vn -0.7280962 0.0260023 0.6849816
v -34.8143654 35.8346252 10.2774591
vn -0.9690399 -0.2146492 0.1220140
v -34.8767700 35.7532616 10.0777702
vn -0.8799546 -0.4093924 -0.2409932
v -34.8017616 35.5830269 9.8438272
vn -0.7496428 -0.5314959 -0.3943955
v -34.6078110 35.4144135 9.6734390
vn -0.3727333 -0.1343481 0.9181615
v -34.5938339 35.4666443 10.4274540
vn -0.6472250 -0.1835234 0.7398777
v -34.7087059 35.4720879 10.3854141
vn -0.9053251 -0.3623457 0.2215676
v -34.7638817 35.4475861 10.2385931
vn -0.7122163 -0.7000674 -0.0515129
v -34.6895828 35.2776222 10.0851488
vn -0.5099682 -0.8413032 -0.1792798
v -34.5530434 35.2088089 10.0196762
vn -0.5739040 -0.6626418 0.4811861
v -34.5717010 35.2566299 10.3585472
vn -0.6487606 -0.5781407 0.4948365
v -34.6229134 35.2901230 10.3380833
vn -0.0943179 0.6492265 0.7547246
v -34.2152863 38.4537239 11.1635237
vn -0.1920666 0.8219076 0.5362633
v -34.5702324 38.2247276 11.2847023
vn -0.4143383 0.7777344 0.4727083
v -34.6916313 38.2133446 11.2586699
vn -0.3832865 0.9124711 -0.1431360
v -34.6711426 38.3016663 10.8549604
vn -0.1572329 0.9743140 -0.1612148
v -34.5480843 38.3203316 10.8477173
vn -0.4515951 0.5817711 -0.6764646
v -34.7159042 38.0848770 10.5053501
vn -0.2344433 0.5998312 -0.7650090
v -34.5965614 38.0856743 10.4693975
vn -0.5792504 -0.0207232 -0.8148862
v -34.7996368 37.6899376 10.4146271
vn -0.3790589 -0.0825214 -0.9216857
v -34.6872177 37.6581917 10.3712416
vn -0.6919071 -0.5419552 -0.4770210
v -34.8734093 37.3481827 10.6360626
vn -0.5066485 -0.6726441 -0.5393117
v -34.7669945 37.2882843 10.6108017
vn -0.7230988 -0.6766786 0.1386878
v -34.8938866 37.2598724 11.0397768
vn -0.5419992 -0.8253468 0.1582386
v -34.7892189 37.1926956 11.0478830
vn -0.6549380 -0.3459204 0.6718596
v -34.8491173 37.4766617 11.3893557
vn -0.4649541 -0.4507194 0.7620169
v -34.7407875 37.4273376 11.4262857
vn -0.5271279 0.2564371 0.8101705
v -34.7653427 37.8716087 11.4800310
vn -0.3198526 0.2314289 0.9187682
v -34.6500931 37.8548203 11.5243902
vn -0.7575411 0.5854605 0.2887343
v -34.8094673 38.1324120 11.1852303
vn -0.7382216 0.6684905 -0.0902739
v -34.7938004 38.2000313 10.8762312
vn -0.7802541 0.4649746 -0.4183328
v -34.8280106 38.0340729 10.6086159
vn -0.8588563 0.0942854 -0.5034640
v -34.8921242 37.7318077 10.5392094
vn -0.9280847 -0.2263434 -0.2956814
v -34.9485435 37.4702606 10.7086487
vn -0.9473367 -0.3092480 0.0831799
v -34.9642410 37.4026413 11.0176659
vn -0.9052598 -0.1058038 0.4114734
v -34.9300079 37.5685768 11.2852592
vn -0.8267440 0.2647825 0.4963715
v -34.8658485 37.8708572 11.3545866
vn -0.9074766 0.3972594 0.1366429
v -34.9058380 37.9942436 11.0756311
vn -0.8982546 0.4371014 -0.0456181
v -34.8973656 38.0308495 10.9084120
vn -0.9183891 0.3393725 -0.2034398
v -34.9158783 37.9410324 10.7635374
vn -0.9562101 0.1611259 -0.2443373
v -34.9506264 37.7774315 10.7260427
vn -0.9895087 0.0066941 -0.1443186
v -34.9811707 37.6358871 10.8177557
vn -0.9987429 -0.0330583 0.0376814
v -34.9896049 37.5993118 10.9848890
vn -0.9785640 0.0647929 0.1954850
v -34.9711075 37.6890907 11.1297598
vn -0.9406722 0.2432209 0.2365999
v -34.9363976 37.8526993 11.1673336
vn -0.9780312 0.2084200 -0.0040269
v -34.9661484 37.8198967 10.9465752
vn 0.7085231 -0.6861400 -0.1649456
v -34.4881554 34.0121651 10.8564510
vn 0.8958966 -0.4405622 0.0572213
v -34.3390388 34.2138634 11.2336302
vn 0.9226742 -0.0998791 -0.3724199
v -34.3771439 34.6296463 10.6162806
vn 0.7471406 -0.3911255 -0.5374028
v -34.5111961 34.2311707 10.5310345
vn 0.5866598 -0.0855839 -0.8052985
v -34.6547623 34.8423920 10.2103090
vn 0.1980947 -0.4203822 -0.8854588
v -34.7248077 34.3506317 10.3043032
vn -0.0642162 -0.1664790 -0.9839517
v -34.8796539 34.8623466 10.1343422
vn -0.6324441 -0.2606780 -0.7294254
v -35.0719643 34.7743683 10.2417507
vn -0.5068083 -0.5791923 -0.6384997
v -34.9179039 34.2505264 10.4119158
vn -0.8805596 -0.3323173 -0.3379054
v -35.1799812 34.5913658 10.5167656
vn -0.8937690 -0.4437346 -0.0653966
v -35.1576958 34.3561707 10.8800287
vn -0.5783083 -0.7881933 -0.2105015
v -34.8936081 34.0269623 10.7473259
vn -0.7463013 -0.6416080 0.1771258
v -35.0075493 34.1496162 11.1953993
vn -0.4061005 -0.8357775 0.3695381
v -34.7918091 34.0336075 11.3918476
vn 0.0218217 -0.9996317 0.0161342
v -34.6770592 33.9107132 10.9624472
vn 0.3438824 -0.8512397 0.3964037
v -34.5700302 34.0251465 11.4442348
vn 0.9374367 -0.2266207 0.2643021
v -34.2772255 34.5745659 11.5878134
vn 0.9545306 0.0104992 -0.2979281
v -34.3300400 35.1703415 10.7490234
vn 0.6254063 0.1124472 -0.7721545
v -34.6820488 35.4518852 10.1972208
vn -0.1045042 0.0782969 -0.9914376
v -34.9565125 35.4794502 10.1041031
vn -0.7539606 -0.0248850 -0.6564482
v -35.1926308 35.3887558 10.2411108
vn -0.9733373 -0.1027751 -0.2050653
v -35.3287964 35.1684494 10.6112118
vn -0.9749895 -0.1901171 0.1151124
v -35.2970428 34.8307686 11.1277561
vn -0.8455719 -0.3695654 0.3852657
v -35.1008759 34.5171738 11.5534153
vn -0.4776621 -0.5883910 0.6524071
v -34.8302574 34.3458252 11.7883034
vn 0.3341252 -0.6084352 0.7198383
v -34.5600052 34.3262482 11.8475494
vn 0.8975308 0.0088860 0.4408623
v -34.2980270 35.0048409 11.7805843
vn 0.9984145 0.0448129 0.0340630
v -34.2765770 35.5540657 11.1312933
vn 0.4472218 0.3059114 -0.8404826
v -34.7337227 36.0412216 10.3109283
vn -0.1372834 0.3267671 -0.9350811
v -35.0038376 36.0728455 10.2208672
vn -0.8045474 0.1772153 -0.5668318
v -35.2320328 35.9981537 10.3642969
vn -0.9943017 0.0412588 -0.0982940
v -35.3558044 35.7852402 10.7488718
vn -0.9730704 -0.0231334 0.2293443
v -35.3057251 35.3881035 11.3013887
vn -0.8473973 -0.1088410 0.5196841
v -35.1088409 34.9848862 11.7667952
vn -0.4945990 -0.2492609 0.8326108
v -34.8462296 34.7640305 12.0181227
vn 0.3157733 -0.2597739 0.9125814
v -34.5796700 34.7289658 12.0718470
vn 0.8614727 0.1575915 0.4827317
v -34.3751297 35.4807854 11.7860794
vn 0.9790996 0.1266799 0.1591103
v -34.3492622 35.7725525 11.4258690
vn 0.3374678 0.5517939 -0.7626526
v -34.7888031 36.5291100 10.5546007
vn -0.1644776 0.5723467 -0.8033471
v -35.0288925 36.5733948 10.4798880
vn -0.8323469 0.3558195 -0.4249603
v -35.2229118 36.5071640 10.6193800
vn -0.9888422 0.1489502 0.0022102
v -35.3172417 36.2990837 10.9549894
vn -0.9541849 0.0460048 0.2956600
v -35.2665710 35.9205780 11.3950338
vn -0.8236199 0.0194439 0.5668088
v -35.0898285 35.5094376 11.7926970
vn -0.4827096 0.0003179 0.8757805
v -34.8532715 35.2511368 12.0416069
vn 0.3215760 0.0292485 0.9464319
v -34.6130905 35.1942291 12.0950089
vn 0.9038002 0.0510424 0.4248998
v -34.4189529 36.0180817 11.6779871
vn 0.3213127 0.7380228 -0.5933638
v -34.8218498 36.8711319 10.8624849
vn -0.1769703 0.7812455 -0.5986126
v -35.0234070 36.9222031 10.8166552
vn -0.8394976 0.4852327 -0.2445264
v -35.1803741 36.8598213 10.9405022
vn -0.9497406 0.2489617 0.1897657
v -35.2003403 36.7671852 11.3255997
vn -0.9137998 0.0952182 0.3948461
v -35.1547775 36.4741364 11.6040802
vn -0.8003952 0.0066261 0.5994361
v -35.0147057 36.1504135 11.8591843
vn -0.4655859 -0.0486138 0.8836665
v -34.8242912 35.9141273 12.0344810
vn 0.4144146 0.0375596 0.9093128
v -34.6371422 35.6624908 12.0623646
vn 0.3141374 0.8599109 -0.4023319
v -34.8191147 37.0515327 11.1652937
vn -0.1668832 0.9175112 -0.3610031
v -34.9832344 37.0996475 11.1403532
vn -0.7810661 0.6243967 -0.0080317
v -35.1045532 37.0391998 11.2448273
vn 0.4937671 -0.1911385 0.8483279
v -34.6390991 36.0304108 12.0761013
vn 0.9035038 -0.1323625 0.4076285
v -34.5020752 36.2555275 11.8519583
vn 0.3035525 0.9195628 -0.2495200
v -34.7820930 37.1419563 11.4551439
vn -0.1430916 0.9780745 -0.1513112
v -34.9146309 37.1838379 11.4407167
vn -0.7807449 0.5982564 0.1803513
v -35.0061798 37.1260796 11.5252504
vn -0.8340797 0.2439591 0.4947675
v -34.9418030 36.9108505 11.8712492
vn -0.7460715 0.0487536 0.6640787
v -34.8311958 36.6054230 12.0894175
vn -0.4907368 -0.1636219 0.8558068
v -34.7081985 36.4450264 12.1850882
vn 0.4562573 -0.3820249 0.8036705
v -34.5898895 36.3930359 12.1996794
vn 0.9225489 -0.3263737 0.2058730
v -34.5014191 36.5480232 12.0419617
vn 0.2204513 0.9680364 -0.1196112
v -34.6853561 37.1763268 11.7138548
vn -0.1401022 0.9900801 0.0106169
v -34.8117561 37.2069244 11.7189341
vn -0.6807222 0.6472546 0.3430435
v -34.8786354 37.1563759 11.7838373
vn 0.1749241 0.9816033 -0.0765281
v -34.5245018 37.1611633 11.9416847
vn -0.3090221 0.8996880 0.3083292
v -34.6826744 37.1952095 12.0068808
vn -0.6681712 0.3555098 0.6535749
v -34.6854439 37.0373344 12.1502380
vn -0.5643384 0.0435293 0.8243952
v -34.5968018 36.7800827 12.2994957
vn 0.2852804 -0.4105113 0.8660806
v -34.5024071 36.6835403 12.3291874
vn 0.8584038 -0.4771958 0.1882207
v -34.4265747 36.7681961 12.2203398
vn 0.1246060 0.9893814 -0.0748177
v -34.3808746 37.1625595 12.1993532
vn -0.2501162 0.9090776 0.3331964
v -34.4483223 37.1734428 12.2309418
vn -0.5680695 0.4008888 0.7187386
v -34.4547729 37.0832977 12.3058691
vn -0.4857638 0.1010844 0.8682255
v -34.4166336 36.9459953 12.3825808
vn 0.4300206 -0.5018198 0.7505060
v -34.3731689 36.8942909 12.3944683
vn 0.8336674 -0.5399785 0.1158531
v -34.3416786 36.9342995 12.3413620
vn 0.1100970 -0.8252245 -0.5539705
v -34.6925659 34.0225563 10.5678053
vn -0.9860589 -0.1294006 -0.1046105
v -31.1611443 6.5762982 -0.8678800
vn -0.9942881 -0.0705166 -0.0801156
v -31.0402184 5.7145281 -1.1592190
vn 0.0098054 0.2442753 -0.9696563
v -30.4312000 6.1653752 -1.6793621
vn 0.0367049 0.2907557 -0.9560930
v -30.5980892 7.0986142 -1.4006619
vn -0.9933578 0.1122754 -0.0251914
v -31.0163040 4.8192081 -1.2949010
vn -0.9791148 0.2001466 -0.0357154
v -31.2205658 3.8050599 -1.3527920
vn -0.1046604 0.2731521 -0.9562605
v -30.4130192 4.2968588 -2.0940759
vn 0.0352112 0.2116016 -0.9767215
v -30.3500023 5.1957431 -1.8545491
vn -0.9619205 0.2607294 -0.0820316
v -31.4195919 2.8681920 -1.2308530
vn -0.5831040 -0.2869157 -0.7600455
v -30.6810322 2.7324510 -2.0276310
vn -0.8897141 0.3471441 -0.2964792
v -31.8141193 1.8963940 -0.9025890
vn -0.0534237 -0.6414060 -0.7653393
v -31.0556793 1.1299050 -1.5910220
vn -0.8574315 0.4412677 -0.2647529
v -32.4706497 1.3053581 0.0761290
vn -0.4123034 -0.8411475 -0.3499671
v -32.2135391 0.5685790 -0.0870940
vn -0.8848128 0.2433537 0.3973479
v -33.0479736 1.0140491 1.5476600
vn -0.5111805 -0.7971457 0.3213306
v -32.9009895 0.7050960 1.4777060
vn -0.7281973 -0.6396276 -0.2461811
v -30.4639435 2.5378480 -2.2626851
vn -0.1715312 0.3739063 -0.9114665
v -30.2413712 3.3664680 -2.3581481
vn -0.5578101 -0.6871954 -0.4654143
v -30.1966419 2.4055560 -2.5973649
vn -0.0192042 -0.6405486 -0.7676775
v -29.7759552 2.4652579 -2.8791909
vn 0.0556924 0.2971741 -0.9531977
v -29.7278347 2.7374611 -2.9349029
vn -0.2437679 0.5378802 -0.8070081
v -30.0717525 3.0461171 -2.5824361
vn 0.0844701 -0.2626077 0.9611983
v -30.7944603 6.5219951 -0.4754140
vn 0.9745719 0.2031689 -0.0945090
v -30.2274647 7.0266118 -1.0611910
vn 0.9811245 0.1870532 -0.0490510
v -30.0636749 6.1166549 -1.3283620
vn 0.0231222 -0.1299665 0.9912488
v -30.6126041 5.6612740 -0.7145610
vn -0.0281122 0.1037910 0.9942018
v -30.4887066 4.8184962 -0.7414750
vn 0.9699227 0.2422741 -0.0235198
v -29.8909264 5.2346039 -1.3989460
vn 0.9755997 0.1834668 -0.1206034
v -29.5415783 4.3177400 -1.4283611
vn 0.1886988 0.2032126 0.9607796
v -30.2327766 3.8441870 -0.6232670
vn 0.9464867 -0.0526695 -0.3184164
v -29.4206276 2.6769891 -1.2372760
vn 0.3131662 0.4050833 0.8589729
v -30.1177692 2.9169641 -0.3440240
vn 0.8457736 -0.5036231 -0.1761560
v -29.4512386 1.2372040 -0.5717870
vn 0.3767886 0.6019689 0.7040339
v -30.1409378 2.0468321 0.1814060
vn -0.3011603 0.3532388 0.8857341
v -31.3412724 2.0374179 -0.4857540
vn 0.0615045 -0.9957209 -0.0689716
v -30.6598167 1.2459490 -1.2500679
vn 0.6912816 -0.6011067 0.4009995
v -31.7199173 0.7195680 0.1654870
vn 0.2953609 0.7585876 0.5807813
v -31.9859371 1.4534520 0.3187670
vn 0.4607938 -0.4356499 0.7732260
v -32.6873474 0.8046670 1.5593340
vn 0.0475506 0.4590443 0.8871400
v -32.8157578 1.0596730 1.6494230
vn 0.7237612 -0.3392676 -0.6008887
v -30.0313244 2.6917231 -1.4905360
vn 0.6618822 0.1602102 -0.7322873
v -30.0021076 4.2894359 -1.7579250
vn 0.9385063 0.3087025 -0.1546245
v -29.8279953 3.3628190 -2.0690639
vn 0.4810392 -0.7547147 0.4461021
v -29.9336758 2.5161440 -1.8574539
vn 0.5515347 -0.7854443 0.2808680
v -29.7850952 2.4027460 -2.3231809
vn 0.8695818 0.4827130 -0.1039985
v -29.7200737 3.0462430 -2.3770740
vn 0.8880326 0.2716451 -0.3709542
v -29.5411854 2.7418070 -2.8131130
vn 0.7591630 -0.6253499 -0.1805802
v -29.5919399 2.4711399 -2.7537341
vn -0.5928376 0.1573995 0.7897905
v -30.7631817 3.7920890 -0.8957220
vn -0.5222063 0.3722403 0.7672926
v -30.8389645 2.9138341 -0.6469660
vn -0.7395631 0.0912270 0.6668764
v -30.7814941 2.0414469 -0.1541650
vn 0.0728703 -0.9971813 0.0178730
v -30.1355286 1.2745171 -0.8692170
vn -0.1578904 -0.6865083 -0.7097725
v -28.8373795 0.4704640 -3.1952131
vn 0.6915357 -0.7109128 -0.1279900
v -28.7412071 0.4703560 -3.1417639
vn 0.8841898 0.3018278 -0.3565227
v -28.6484528 0.7615030 -3.2204540
vn 0.0265294 0.3479804 -0.9371264
v -28.7558136 0.7617590 -3.2794590
vn -0.8440350 0.4448151 0.2995738
v -31.7173576 1.2037640 2.2800310
vn 0.0295341 0.3834710 0.9230806
v -31.4903278 1.1632570 2.4151981
vn 0.1815375 -0.6734464 0.7165990
v -31.3476849 0.7280920 2.2970850
vn -0.7522011 -0.6531870 0.0868347
v -31.5746918 0.7685850 2.1620381
vn -0.8548788 0.5109982 -0.0897939
v -30.8917389 1.3116310 0.8716580
vn -0.4467748 -0.8299560 -0.3340140
v -30.7133522 0.6945850 0.7240020
vn 0.6958162 -0.6473783 0.3110325
v -30.1729736 0.7338430 1.0054940
vn 0.5162347 0.6170449 0.5939338
v -30.3512497 1.3508770 1.1531790
vn -0.7128611 -0.6662080 -0.2190803
v -30.0913582 0.6906520 -2.0079401
vn -0.2940835 0.4858021 -0.8231108
v -29.8288574 1.6329550 -2.2336099
vn 0.8609208 0.4748045 0.1826912
v -29.2895546 1.6401700 -1.8619879
vn 0.4178187 -0.6481783 0.6366258
v -29.5276680 0.6985360 -1.6309010
vn -0.5645967 -0.7141279 -0.4138260
v -29.5844021 0.4862880 -2.5746191
vn -0.3306182 0.5223615 -0.7860217
v -29.4378891 1.0743480 -2.6887369
vn 0.8774042 0.4720098 0.0858408
v -29.0370293 1.0792110 -2.4173591
vn 0.5058067 -0.7656661 0.3973852
v -29.1836548 0.4920960 -2.3205230
vn 0.8259951 -0.5607790 0.0570886
v -26.9599705 10.1295223 -3.5138929
vn 0.7133558 -0.5148532 -0.4754470
v -27.0033741 10.1695604 -4.9317169
vn 0.6394606 -0.7030101 -0.3112346
v -28.0239906 8.4735842 -4.1690879
vn 0.8097197 -0.5779846 0.1014281
v -27.8556633 9.0265627 -2.7475049
vn 0.7978463 -0.5758761 0.1783485
v -28.7828159 7.9708042 -1.2813350
vn 0.5428540 -0.8252287 -0.1559081
v -29.4585495 6.8803549 -2.3242400
vn 0.6412985 -0.6255797 0.4442818
v -29.6778889 7.3260632 0.0341000
vn 0.2820770 -0.6402311 0.7145185
v -30.1914310 7.9839921 1.0031910
vn 0.5315716 -0.5458477 0.6476743
v -29.5009556 9.0521584 1.4590859
vn 0.6522378 -0.6271539 0.4257511
v -28.6683464 8.9192944 0.6333680
vn -0.2679298 -0.6546500 0.7068571
v -31.2476501 7.2176790 0.4466740
vn -0.3347248 -0.6693960 0.6632258
v -31.7938919 8.7311888 1.7313590
vn 0.2151912 -0.5863153 0.7809783
v -30.4188709 9.2032976 2.3188491
vn 0.3998982 -0.8818575 -0.2498175
v -26.0438461 11.4682350 -3.6719260
vn 0.2430919 -0.7280923 -0.6409275
v -26.1572399 12.0711346 -5.1468358
vn 0.8085119 -0.5638373 0.1685112
v -28.0005913 9.3923597 -0.9876900
vn 0.4155451 -0.9030967 -0.1083445
v -26.8966866 10.7151241 -1.2137650
vn 0.0559295 -0.8327333 0.5508422
v -29.1070957 10.7045927 2.3963089
vn -0.3048157 -0.5894427 0.7480940
v -32.3284492 10.3911676 2.9523151
vn -0.1613881 -0.8096754 0.5642515
v -30.3888226 11.5384121 3.4377961
vn -0.5513677 -0.7168375 0.4267760
v -32.9172554 12.8336124 4.7534971
vn -0.0056908 -0.6086629 -0.7934086
v -28.6634331 8.5372620 -4.6474991
vn 0.1432905 -0.3614058 -0.9213326
v -27.7481136 10.3480349 -5.5126548
vn -0.4701993 -0.2126994 -0.8565463
v -29.1304169 10.5178871 -5.1460652
vn -0.5275090 -0.3331391 -0.7815067
v -29.5864773 8.9636431 -4.3628621
vn -0.6952710 -0.1497338 -0.7029780
v -30.8826180 10.0955172 -3.5613990
vn -0.6717920 -0.3084616 -0.6734590
v -30.8566246 8.6460752 -3.1732571
vn -0.7710307 -0.3481506 -0.5332006
v -31.9182301 8.3558645 -1.6697630
vn -0.7932279 -0.1925884 -0.5776670
v -32.2672691 9.6952343 -1.9001499
vn -0.9031858 -0.3710020 -0.2159006
v -33.0662918 9.3472948 -0.4034960
vn -0.8499949 -0.4725429 -0.2328346
v -32.1740837 7.8200479 -0.8121620
vn -0.7592546 -0.5682344 0.3172414
v -32.6197510 8.8146524 0.8856290
vn -0.7462757 -0.6026371 0.2826679
v -31.8985729 7.3323112 -0.0062990
vn -0.1286978 -0.4191272 -0.8987599
v -27.0248795 12.8301783 -5.9402261
vn -0.3925648 -0.0818879 -0.9160717
v -28.9630470 12.8895912 -5.7366810
vn -0.7244514 -0.0687165 -0.6858924
v -31.0807171 12.3053331 -3.7023029
vn -0.8110439 -0.0599607 -0.5819044
v -32.5711136 11.8155031 -1.8321830
vn -0.9479553 -0.2089366 -0.2402631
v -33.8708191 11.3186626 0.2793050
vn -0.7939594 -0.5019661 0.3430139
v -33.4179535 10.6456804 2.0701630
vn -0.4560392 -0.1620261 -0.8750862
v -28.1924953 15.0498667 -6.4031448
vn -0.5813260 0.1033222 -0.8070840
v -29.6821022 15.0753670 -5.5394950
vn -0.7721727 -0.0304124 -0.6346845
v -31.4505768 14.5227604 -3.3883131
vn -0.8388282 -0.0196769 -0.5440405
v -32.9718742 14.0207825 -1.3850009
vn -0.9670905 -0.1122953 -0.2283104
v -34.4490433 13.7208633 1.3234500
vn -0.8432492 -0.4049580 0.3534684
v -34.1106644 12.8517008 3.4552970
vn -0.8643832 0.0775430 -0.4968188
v -33.6984406 16.7621975 -0.3016240
vn -0.9774356 -0.0371456 -0.2079422
v -34.9143257 16.4940929 2.4557030
vn -0.9508319 -0.3053603 -0.0517090
v -34.8077469 16.0290031 4.8089728
vn -0.8339589 0.2145421 -0.5084135
v -33.4858665 18.3767586 0.0075910
vn -0.9262893 0.0105057 -0.3766668
v -35.2177277 19.9336510 4.1774569
vn -0.6267702 -0.4443760 -0.6400696
v -30.6401997 7.6276131 -2.7744210
vn -0.1850900 -0.7707963 -0.6096021
v -30.0582695 6.9212990 -2.7600510
vn -0.7927558 -0.4276370 -0.4343556
v -31.4847431 6.9939599 -1.2699500
vn -0.5170918 -0.8340263 -0.1923961
v -31.1936836 6.0476151 -0.9961160
vn 0.1136169 -0.9369759 0.3304049
v -30.6950912 5.9617391 -0.5026190
vn -0.7609445 0.1375521 -0.6340686
v -31.7289066 16.5039291 -3.0419681
vn -0.7636462 0.1863742 -0.6181498
v -31.3646946 17.7483311 -2.9449880
vn -0.1745009 0.1883529 -0.9664744
v -32.0951233 35.6329651 6.5138650
vn -0.1361120 0.3916992 -0.9099699
v -32.1671028 36.9052391 6.8767118
vn -0.6312997 0.0688102 -0.7724804
v -33.2581520 35.5991745 7.0925341
vn -0.5600126 0.3270048 -0.7612187
v -33.1990433 36.8021049 7.3075428
vn -0.8608510 -0.0021691 -0.5088524
v -34.2216644 35.8888474 8.2925940
vn -0.7791743 0.2896982 -0.5558439
v -34.0859566 37.0242844 8.3595285
vn -0.9731683 -0.1009789 -0.2067530
v -34.7930679 36.1190567 9.6127329
vn -0.9220403 0.2963827 -0.2489961
v -34.7512512 37.2055588 9.7860460
vn -0.9417190 -0.1593256 0.2962781
v -34.9189301 36.5433998 11.5337448
vn -0.9141440 0.3529855 0.1993538
v -34.7481117 37.7616386 11.5075626
vn -0.2098001 0.6826656 -0.6999654
v -32.2153511 38.2740479 7.7810378
vn -0.5216749 0.5369166 -0.6630053
v -33.1048393 37.6024323 7.8900638
vn -0.5940319 0.5642658 -0.5733501
v -33.6393814 38.0650368 8.5761738
vn -0.8016070 0.5028780 -0.3233265
v -34.2016182 37.8831863 9.5110092
vn -0.6671454 0.7437310 -0.0422062
v -34.1562996 38.7818375 10.7402020
vn -0.2189169 0.1024694 -0.9703481
v -31.9338665 34.2552376 6.3513479
vn -0.6660398 -0.0117165 -0.7458242
v -33.0505943 34.3125038 6.9797750
vn -0.8888453 -0.1125378 -0.4441727
v -33.9129486 34.4524803 8.1767426
vn -0.9720839 -0.1904368 -0.1370648
v -34.3167496 34.7071915 9.3759260
vn -0.8375200 -0.4294150 0.3378801
v -34.3646355 35.2312126 10.7457523
vn -0.2200272 0.1701270 -0.9605440
v -31.8057632 33.0554390 6.1667829
vn -0.6629615 0.0950827 -0.7425910
v -32.8927727 33.0583420 6.7976980
vn -0.8739004 0.0618209 -0.4821580
v -33.7297935 33.1927376 7.9609342
vn -0.9903260 0.0051783 -0.1386639
v -34.1962471 33.3275909 9.1761665
vn -0.8891599 -0.1591768 0.4290191
v -34.0849609 33.4464989 10.2382421
vn -0.1728152 0.2875158 -0.9420561
v -31.6526012 31.4075813 5.7263498
vn -0.6167096 0.2594236 -0.7432151
v -32.9407806 31.4727993 6.5067382
vn -0.8239948 0.2426921 -0.5119896
v -33.8116417 31.5871048 7.5335431
vn -0.9841813 0.1405513 -0.1078540
v -34.3032951 31.8276787 8.9075928
vn -0.9202828 0.0898056 0.3808077
v -34.1127243 31.9466877 10.0061646
vn -0.0974648 0.4541972 -0.8855538
v -31.6067295 29.6783295 5.0636439
vn -0.5230808 0.4440009 -0.7274956
v -33.0710907 29.7408867 5.7668128
vn -0.8109480 0.3613051 -0.4602413
v -34.1307144 29.9047852 7.0587888
vn -0.9542651 0.2841068 -0.0930679
v -34.6068077 30.0719318 8.7682037
vn -0.9007339 0.2704098 0.3399366
v -34.4314003 30.2588806 10.1354866
vn -0.0629788 0.5471246 -0.8346786
v -31.5261879 28.1268139 4.1008029
vn -0.5191479 0.4660793 -0.7164186
v -33.4134331 28.1072445 4.7773499
vn -0.8212914 0.3723638 -0.4322335
v -34.6904068 28.2410202 6.4506330
vn -0.9289225 0.3555441 -0.1033988
v -35.2261505 28.4576473 8.5508890
vn -0.8657646 0.3438473 0.3636215
v -34.9790802 28.6488743 10.3957291
vn -0.1486553 0.6337938 -0.7590830
v -31.3585339 26.6909103 3.1512160
vn -0.6229326 0.3857624 -0.6805457
v -33.8065071 26.0790558 3.9462440
vn -0.8524722 0.3330479 -0.4029518
v -35.3170776 26.3061733 6.3255339
vn -0.9583859 0.2814715 -0.0476471
v -36.0274696 26.3507309 8.6741056
vn -0.8732456 0.2281310 0.4305791
v -35.7546730 25.9174080 10.9815779
vn -0.3084135 0.7558867 -0.5775089
v -30.9390469 25.4987679 1.8115730
vn -0.7010037 0.3130799 -0.6407611
v -33.6469955 23.8941479 2.6883521
vn -0.9001545 0.2066477 -0.3834300
v -35.9601555 24.4477310 6.0284171
vn -0.9154514 0.0222623 -0.4018124
v -35.9076653 22.1755486 5.4090610
vn -0.9981017 0.0511852 0.0342503
v -36.6596527 23.0413857 8.8668890
vn -0.9888439 -0.1487495 -0.0078377
v -36.4820137 19.9062958 8.4761887
vn -0.8686602 -0.0278598 0.4946244
v -35.9669838 22.0271263 11.4864979
vn -0.8348723 -0.3182148 0.4491410
v -35.6969528 18.4552135 10.8676939
vn -0.7674119 0.2994061 -0.5669524
v -33.1314278 22.5511341 1.5053070
vn -0.7776305 0.3654598 -0.5115955
v -32.4592438 21.7981911 -0.0876390
vn -0.4486859 0.7841384 -0.4287282
v -30.1538925 24.9209442 0.0795640
vn -0.7219547 -0.6433203 0.2547951
v -34.6756973 14.9401112 8.6620426
vn -0.9360817 -0.3284796 -0.1259055
v -35.6478043 16.8122959 6.7901168
vn -0.5158789 0.8067842 -0.2880423
v -28.8459663 24.8508987 -1.9226140
vn -0.7747145 0.3369228 -0.5350705
v -31.0963898 21.5223007 -2.2249279
vn -0.7806938 0.3663419 -0.5062714
v -30.0448532 22.0478649 -3.5304911
vn -0.7221917 0.0324943 -0.6909294
v -29.5623150 18.1670895 -5.4614820
vn -0.1390124 -0.7148568 -0.6853141
v -25.1726322 12.8439732 -6.3557091
vn -0.5720289 0.8113334 -0.1205035
v -27.3130455 25.3522263 -3.8215189
vn -0.7767301 0.4117945 -0.4765667
v -28.7390594 23.1892662 -4.7013831
vn -0.6578972 0.0737078 -0.7494921
v -28.0308228 19.1580124 -6.5133948
vn -0.4633383 -0.1809800 -0.8675044
v -27.6593552 15.2753344 -6.6368270
vn -0.4905882 -0.2483448 -0.8352533
v -26.3930550 16.2142773 -7.8532939
vn -0.1586462 -0.4965650 -0.8533784
v -23.8988552 14.3888178 -7.9705620
vn -0.3241773 -0.4919821 -0.8079992
v -26.3058910 13.4516020 -6.7716980
vn -0.7265864 0.4660545 -0.5048419
v -27.4821987 24.3422699 -5.8144321
vn -0.6855031 0.1555627 -0.7112565
v -26.7219276 21.6870136 -7.6362948
vn -0.4793387 -0.0643687 -0.8752664
v -25.2450771 19.1620483 -9.0977154
vn -0.1280441 -0.2946294 -0.9469944
v -23.1239948 17.2462063 -9.4545231
vn -0.6071021 0.7831848 -0.1343449
v -25.7445641 26.2957764 -5.2140412
vn -0.6207945 0.5330404 -0.5748759
v -25.9163742 25.2219791 -6.7543540
vn -0.5970818 0.3457583 -0.7238401
v -25.3724461 23.8918495 -8.0999346
vn -0.3991818 0.2280225 -0.8880651
v -24.4076118 22.3722057 -9.4256649
vn -0.0362937 0.0411981 -0.9984916
v -22.7638531 20.6271992 -10.1489620
vn -0.4792805 0.7677695 -0.4252295
v -24.3315887 27.2698040 -6.0187349
vn -0.2918850 0.6137710 -0.7335451
v -23.5965023 26.1177826 -7.9256411
vn -0.3036640 0.3176310 -0.8982754
v -22.8852825 24.5402641 -8.9552317
vn -0.3715968 0.8373322 -0.4009870
v -33.0571175 38.9784775 9.1646709
vn -0.0230916 0.6564894 -0.7539818
v -29.8130322 19.3082905 -6.7711892
vn 0.0393080 0.7918656 -0.6094291
v -30.1680679 20.6405888 -5.2211909
vn -0.3187918 0.6260886 -0.7116073
v -31.5738010 20.2972393 -5.7647839
vn -0.3072571 0.5041212 -0.8071277
v -30.7457275 18.8819637 -7.0510101
vn -0.6973478 0.1510971 -0.7006252
v -32.8047447 18.0174980 -5.8857002
vn -0.6131351 0.1507971 -0.7754518
v -31.7144051 17.8563404 -6.8250222
vn -0.6454645 -0.3879427 -0.6579331
v -33.0145264 15.5622549 -5.4510322
vn -0.5344926 -0.2620859 -0.8035102
v -31.2338848 16.5631695 -7.1056709
vn -0.4823987 -0.6097496 -0.6288855
v -31.8162193 14.5577974 -5.3576121
vn -0.4425805 -0.3858558 -0.8094677
v -30.4498196 15.9371347 -7.2359452
vn -0.0223164 0.8441571 -0.5356312
v -30.6851215 22.0846539 -3.2573140
vn -0.3791423 0.6919828 -0.6143379
v -32.5620766 21.6270523 -3.9440911
vn -0.7828133 0.2129689 -0.5846775
v -34.2013054 18.7943287 -3.9938569
vn -0.7958510 -0.3628909 -0.4846973
v -34.7485390 15.5203829 -3.1950090
vn -0.6244951 -0.6742589 -0.3941836
v -33.4733391 13.9924746 -2.6449921
vn -0.1307452 0.9026971 -0.4099311
v -31.8139992 23.4554043 -0.8167670
vn -0.4664159 0.7299422 -0.4996406
v -33.6977844 22.7884998 -1.6464061
vn -0.8433354 0.2464875 -0.4775242
v -35.5757599 19.6764393 -1.5190229
vn -0.9004273 -0.2867407 -0.3271245
v -36.1180496 16.1423378 -0.7680120
vn -0.7782049 -0.5926597 -0.2077299
v -34.9513855 14.2548132 -0.0172330
vn -0.2621745 0.9468018 -0.1866301
v -33.2922554 24.0034561 1.8907120
vn -0.5577676 0.7815280 -0.2794805
v -34.9301186 23.4784908 1.0912260
vn -0.8958696 0.2736246 -0.3500676
v -36.6153183 20.4614048 1.1447210
vn -0.9598367 -0.2323721 -0.1572158
v -37.1595116 17.2408791 1.9338790
vn -0.8648663 -0.5019968 -0.0023787
v -36.1941719 15.5615368 2.9322200
vn -0.6951063 0.7055348 -0.1380141
v -35.7629967 23.1809444 3.5715590
vn -0.9303593 0.3344914 -0.1501571
v -37.1615868 21.0296879 3.5918109
vn -0.9839309 -0.1476198 0.1004406
v -37.5780830 18.5648174 4.1957922
vn -0.8862990 -0.3827508 0.2607222
v -36.7672958 17.2850151 5.0125051
vn -0.7993594 0.6007300 0.0121684
v -35.9915504 23.0663109 5.6661510
vn -0.8420917 0.5355587 -0.0637071
v -36.4441490 22.3036022 5.0564961
vn -0.5506141 0.8191373 -0.1607425
v -34.9077873 23.8950233 4.2810068
vn -0.9272283 0.3469816 0.1408951
v -37.1222191 21.2945042 5.5999951
vn -0.9483683 -0.0493721 0.3133052
v -37.3387947 20.0332870 5.5519600
vn -0.8339812 -0.1595440 0.5282244
v -36.7116508 19.9519997 6.4869528
vn -0.3817509 0.1397088 -0.9136453
v -30.3004189 17.6493378 -7.8736358
vn -0.2776871 0.1173208 -0.9534808
v -29.4080887 17.4070358 -8.1844864
vn -0.8844507 0.2941669 0.3622330
v -36.6890068 21.4538078 6.6815600
vn -0.9358040 0.0268850 -0.3514940
v -22.2273064 24.7698097 -9.4986458
vn -0.7425783 0.0290495 -0.6691290
v -21.4032040 24.9665775 -11.2544785
vn -0.9384707 0.0525107 -0.3413434
v -21.7274666 22.6327877 -10.0797091
vn -0.7364730 -0.0161144 -0.6762750
v -21.1951828 22.4967136 -11.0016661
vn -0.8841634 -0.0034618 -0.4671650
v -21.8300533 27.4415283 -9.9213715
vn -0.8844380 -0.0198962 -0.4662335
v -20.9245358 27.9591064 -11.6952200
vn -0.9245762 -0.0600816 -0.3762301
v -22.6795158 27.0352459 -8.2236061
vn -0.7711300 0.0642677 -0.6334258
v -20.2680683 28.4712524 -12.9912968
vn -0.8770925 -0.0404814 -0.4786127
v -21.2212391 30.0229988 -10.8323603
vn -0.8808855 -0.0154152 -0.4730783
v -20.3582382 31.1374989 -12.5167408
vn -0.8842336 -0.0524470 -0.4640909
v -22.3563023 28.6758633 -8.5573206
vn -0.8076717 0.0689718 -0.5855846
v -19.5564823 32.1836700 -14.0664358
vn -0.5679189 -0.8228978 -0.0175311
v -34.2513695 36.6688690 12.2127466
vn -0.8482919 -0.4461445 -0.2852297
v -34.4137840 36.8963661 12.1033869
vn -0.8433218 -0.4848702 -0.2317525
v -34.7262115 37.0340233 12.8333683
vn -0.5172213 -0.8558229 -0.0070268
v -34.6029892 36.8992538 12.9124660
vn -0.9226204 -0.0136367 -0.3854680
v -34.4717979 37.1963997 12.0869827
vn -0.9465653 -0.0096722 -0.3223671
v -34.7853165 37.2485619 12.8335667
vn -0.8387547 0.4169614 -0.3501912
v -34.4353333 37.5005455 12.1730661
vn -0.8456869 0.4637946 -0.2640232
v -34.7507019 37.4761505 12.8865566
vn -0.5281852 0.8355861 -0.1510504
v -34.2983971 37.7144585 12.3110609
vn -0.5075719 0.8599268 -0.0538213
v -34.6232224 37.6335373 12.9638548
vn -0.4873026 -0.8716322 -0.0528541
v -34.8155785 37.0034027 13.4335051
vn -0.8451032 -0.4954631 -0.2007907
v -34.9032440 37.0941963 13.4245167
vn -0.9734062 -0.0759578 -0.2161269
v -34.9524269 37.2238617 13.4540501
vn -0.9255886 0.3618995 -0.1109708
v -34.9468689 37.3537636 13.5083742
vn -0.6482311 0.7522754 0.1178061
v -34.8873405 37.4493561 13.5713234
vn -0.7574292 -0.6507115 -0.0536245
v -34.9788208 37.0622711 13.8588514
vn -0.9945133 -0.0006154 0.1046085
v -35.0152016 37.1426392 13.9174900
vn -0.5427758 0.3632188 -0.7572758
v -34.6162834 39.2923698 13.0049477
vn -0.6153387 0.5280778 -0.5852282
v -34.6905975 39.4635391 13.1154966
vn -0.9490635 0.2874627 0.1290107
v -34.7897758 39.4029465 13.2872448
vn -0.9779061 -0.1175887 0.1728369
v -34.7797241 39.0269432 13.2888699
vn -0.6039342 0.4546957 -0.6546108
v -34.5555801 39.1295204 12.8508224
vn -0.8773584 -0.4498304 0.1670175
v -34.6849823 38.5379333 13.1364422
vn -0.8906198 -0.4547477 -0.0010781
v -34.5933990 38.3591423 12.8968754
vn -0.6582096 0.4484136 -0.6047193
v -34.4640427 38.9507332 12.6113338
vn -0.4911689 0.2626972 -0.8305079
v -34.1958389 40.3266563 12.2508078
vn -0.5393884 0.5604687 -0.6284385
v -34.2814674 40.7034264 12.3844976
vn -0.9381739 0.3445674 0.0332136
v -34.3861046 40.6275291 12.5657473
vn -0.9953682 0.0107236 0.0955363
v -34.4038544 40.1637459 12.6195068
vn -0.5911562 0.2588912 -0.7638782
v -34.1206551 39.9997368 12.0683107
vn -0.9902450 0.0169214 0.1383058
v -34.3751717 39.5160713 12.6138802
vn -0.8506188 -0.3345637 -0.4056044
v -34.0439491 38.0790634 11.9475193
vn -0.8788622 -0.2052599 -0.4306619
v -34.4488678 38.5413818 12.4153557
vn -0.7083409 -0.6876763 -0.1592311
v -34.3672142 37.8114357 12.6562281
vn -0.8207753 -0.2778381 -0.4991331
v -33.8915138 38.4861755 11.5806036
vn -0.8299991 -0.2905901 -0.4760871
v -33.7242470 38.7903290 11.0514698
vn -0.8860473 -0.0276067 -0.4627721
v -34.0243759 39.6112823 11.0520306
vn -0.9037484 -0.1322644 -0.4071179
v -34.3394547 39.1692581 11.8756552
vn -0.8342776 -0.2528374 -0.4899533
v -33.2879066 38.9904060 10.2082214
vn -0.8669516 -0.0061355 -0.4983545
v -33.4839668 39.8238945 10.1368246
vn -0.8382816 -0.2965629 -0.4575309
v -32.7576828 38.9182129 9.4087973
vn -0.8537055 -0.0216721 -0.5203050
v -32.9492035 39.7153435 9.2384224
vn -0.8669899 -0.2691676 -0.4193774
v -32.3401260 38.6770630 8.6944294
vn -0.8390904 -0.0212455 -0.5435770
v -32.4044342 39.4003181 8.3303976
vn -0.8921427 -0.1826427 -0.4131863
v -31.9418678 38.3458252 8.0092220
vn -0.8145159 -0.0088031 -0.5800745
v -31.8860493 38.9665298 7.6032920
vn -0.8960966 -0.1445673 -0.4196560
v -31.6494789 37.9339790 7.5056300
vn -0.8185929 -0.0489928 -0.5722809
v -31.5104980 38.1655655 7.1284800
vn -0.8443168 -0.2562657 -0.4705923
v -31.3697453 37.3077698 7.1539531
vn -0.4840938 -0.1288716 -0.8654741
v -31.2587757 37.4783974 6.8619781
vn -0.9633198 0.1682603 0.2090534
v -34.6092262 39.1222763 12.7028246
vn -0.9374212 -0.2456932 0.2467315
v -34.6114273 38.2794380 12.8969240
vn -0.7962647 0.5968862 -0.0984344
v -34.0215111 40.4559326 11.5312138
vn -0.9171247 0.3956786 0.0481736
v -34.4675865 39.7005348 12.3301077
vn -0.6869053 0.6552116 -0.3144183
v -33.4092064 40.8124962 10.3814936
vn -0.5652906 0.6445941 -0.5147281
v -32.6871071 40.7386475 9.2612152
vn -0.4813743 0.5690743 -0.6666583
v -32.0253792 40.2270241 8.1774712
vn -0.3932519 0.4121565 -0.8218759
v -31.5902042 39.5237732 7.3951278
vn -0.3499308 0.1644245 -0.9222326
v -31.3160286 38.3145866 6.9332709
# 2427 vertices, 0 vertices normals


usemtl material_0
vt 0.9655200 0.9451090
vt 0.9306100 0.9604090
vt 0.9302600 0.9514290
f 1/1/1 2/2/2 3/3/3
vt 0.9589240 0.9390030
f 1/1/1 3/3/3 4/4/4
vt 0.8950830 0.9465620
vt 0.9011870 0.9399640
f 2/2/2 5/5/5 6/6/6
f 2/2/2 6/6/6 3/3/3
vt 0.8797410 0.9116340
vt 0.8887230 0.9112830
f 5/5/5 7/7/7 8/8/8
f 5/5/5 8/8/8 6/6/6
vt 0.8936050 0.8760690
vt 0.9002020 0.8821690
f 7/7/7 9/9/9 10/10/10
f 7/7/7 10/10/10 8/8/8
vt 0.9285720 0.8607410
vt 0.9289230 0.8697220
f 9/9/9 11/11/11 12/12/12
f 9/9/9 12/12/12 10/10/10
vt 0.9641280 0.8746450
vt 0.9580210 0.8812370
f 11/11/11 13/13/13 14/14/14
f 11/11/11 14/14/14 12/12/12
vt 0.9794120 0.9096030
vt 0.9704330 0.9099430
f 13/13/13 15/15/15 16/16/16
f 13/13/13 16/16/16 14/14/14
f 15/15/15 1/1/1 4/4/4
f 15/15/15 4/4/4 16/16/16
vt 0.9299150 0.9400260
f 4/4/4 3/3/3 17/17/17
vt 0.9506220 0.9311840
f 4/4/4 17/17/17 18/18/18
vt 0.9090080 0.9316640
f 3/3/3 6/6/6 19/19/19
f 3/3/3 19/19/19 17/17/17
vt 0.9001180 0.9109450
f 6/6/6 8/8/8 20/20/20
f 6/6/6 20/20/20 19/19/19
vt 0.9084980 0.8899820
f 8/8/8 10/10/10 21/21/21
f 8/8/8 21/21/21 20/20/20
vt 0.9292710 0.8811170
f 10/10/10 12/12/12 22/22/22
f 10/10/10 22/22/22 21/21/21
vt 0.9501980 0.8895340
f 12/12/12 14/14/14 23/23/23
f 12/12/12 23/23/23 22/22/22
vt 0.9590320 0.9102770
f 14/14/14 16/16/16 24/24/24
f 14/14/14 24/24/24 23/23/23
f 16/16/16 4/4/4 18/18/18
f 16/16/16 18/18/18 24/24/24
vt 0.9297580 0.9261180
f 18/18/18 17/17/17 25/25/25
vt 0.9406830 0.9213940
f 18/18/18 25/25/25 26/26/26
vt 0.9187220 0.9216560
f 17/17/17 19/19/19 27/27/27
f 17/17/17 27/27/27 25/25/25
vt 0.9140710 0.9107370
f 19/19/19 20/20/20 28/28/28
f 19/19/19 28/28/28 27/27/27
vt 0.9185290 0.8997830
f 20/20/20 21/21/21 29/29/29
f 20/20/20 29/29/29 28/28/28
vt 0.9293700 0.8950700
f 21/21/21 22/22/22 30/30/30
f 21/21/21 30/30/30 29/29/29
vt 0.9403860 0.8994560
f 22/22/22 23/23/23 31/31/31
f 22/22/22 31/31/31 30/30/30
vt 0.9450780 0.9103580
f 23/23/23 24/24/24 32/32/32
f 23/23/23 32/32/32 31/31/31
f 24/24/24 18/18/18 26/26/26
f 24/24/24 26/26/26 32/32/32
vt 0.9295820 0.9105970
f 26/26/26 25/25/25 33/33/33
f 25/25/25 27/27/27 33/33/33
f 27/27/27 28/28/28 33/33/33
f 28/28/28 29/29/29 33/33/33
f 29/29/29 30/30/30 33/33/33
f 30/30/30 31/31/31 33/33/33
f 31/31/31 32/32/32 33/33/33
f 32/32/32 26/26/26 33/33/33
vt 0.2970070 0.0492450
vt 0.2962390 0.0462700
vt 0.3014030 0.0427350
f 34/34/34 35/35/35 36/36/36
vt 0.3029520 0.0453950
f 34/34/34 36/36/36 37/37/37
vt 0.2947260 0.0450360
vt 0.2988790 0.0406250
f 35/35/35 38/38/38 39/39/39
f 35/35/35 39/39/39 36/36/36
vt 0.2919690 0.0440730
vt 0.2941690 0.0388880
f 38/38/38 40/40/40 41/41/41
f 38/38/38 41/41/41 39/39/39
vt 0.2889870 0.0435770
vt 0.2892040 0.0377200
f 40/40/40 42/42/42 43/43/43
f 40/40/40 43/43/43 41/41/41
vt 0.2864690 0.0436950
vt 0.2846790 0.0371240
f 42/42/42 44/44/44 45/45/45
f 42/42/42 45/45/45 43/43/43
vt 0.2840040 0.0452160
vt 0.2800710 0.0376280
f 44/44/44 46/46/46 47/47/47
f 44/44/44 47/47/47 45/45/45
vt 0.3054800 0.0368100
f 37/37/37 36/36/36 48/48/48
vt 0.3081780 0.0390640
f 37/37/37 48/48/48 49/49/49
vt 0.3021950 0.0344380
f 36/36/36 39/39/39 50/50/50
f 36/36/36 50/50/50 48/48/48
vt 0.2964820 0.0319410
f 39/39/39 41/41/41 51/51/51
f 39/39/39 51/51/51 50/50/50
vt 0.2901330 0.0292740
f 41/41/41 43/43/43 52/52/52
f 41/41/41 52/52/52 51/51/51
vt 0.2852240 0.0273380
f 43/43/43 45/45/45 53/53/53
f 43/43/43 53/53/53 52/52/52
vt 0.2808240 0.0265150
f 45/45/45 47/47/47 54/54/54
f 45/45/45 54/54/54 53/53/53
vt 0.3078310 0.0309500
f 49/49/49 48/48/48 55/55/55
vt 0.3111140 0.0329670
f 49/49/49 55/55/55 56/56/56
vt 0.3038420 0.0281980
f 48/48/48 50/50/50 57/57/57
f 48/48/48 57/57/57 55/55/55
vt 0.2987320 0.0250100
f 50/50/50 51/51/51 58/58/58
f 50/50/50 58/58/58 57/57/57
vt 0.2935920 0.0220000
f 51/51/51 52/52/52 59/59/59
f 51/51/51 59/59/59 58/58/58
vt 0.2889570 0.0189520
f 52/52/52 53/53/53 60/60/60
f 52/52/52 60/60/60 59/59/59
vt 0.2854990 0.0165740
f 53/53/53 54/54/54 61/61/61
f 53/53/53 61/61/61 60/60/60
vt 0.3097330 0.0265950
f 56/56/56 55/55/55 62/62/62
vt 0.3122380 0.0281310
f 56/56/56 62/62/62 63/63/63
vt 0.3059420 0.0232880
f 55/55/55 57/57/57 64/64/64
f 55/55/55 64/64/64 62/62/62
vt 0.3017990 0.0195700
f 57/57/57 58/58/58 65/65/65
f 57/57/57 65/65/65 64/64/64
vt 0.2984490 0.0162280
f 58/58/58 59/59/59 66/66/66
f 58/58/58 66/66/66 65/65/65
vt 0.2961490 0.0126540
f 59/59/59 60/60/60 67/67/67
f 59/59/59 67/67/67 66/66/66
vt 0.2939880 0.0080040
f 60/60/60 61/61/61 68/68/68
f 60/60/60 68/68/68 67/67/67
vt 0.3125320 0.0229720
f 63/63/63 62/62/62 69/69/69
vt 0.3146620 0.0241660
f 63/63/63 69/69/69 70/70/70
vt 0.3098910 0.0202830
f 62/62/62 64/64/64 71/71/71
f 62/62/62 71/71/71 69/69/69
vt 0.3067510 0.0165680
f 64/64/64 65/65/65 72/72/72
f 64/64/64 72/72/72 71/71/71
vt 0.3048230 0.0128920
f 65/65/65 66/66/66 73/73/73
f 65/65/65 73/73/73 72/72/72
vt 0.3038010 0.0092280
f 66/66/66 67/67/67 74/74/74
f 66/66/66 74/74/74 73/73/73
vt 0.3027540 0.0045560
f 67/67/67 68/68/68 75/75/75
f 67/67/67 75/75/75 74/74/74
vt 0.3163910 0.0197630
f 70/70/70 69/69/69 76/76/76
vt 0.3183730 0.0207570
f 70/70/70 76/76/76 77/77/77
vt 0.3145180 0.0177330
f 69/69/69 71/71/71 78/78/78
f 69/69/69 78/78/78 76/76/76
vt 0.3129140 0.0145540
f 71/71/71 72/72/72 79/79/79
f 71/71/71 79/79/79 78/78/78
vt 0.3119230 0.0109780
f 72/72/72 73/73/73 80/80/80
f 72/72/72 80/80/80 79/79/79
vt 0.3116130 0.0075350
f 73/73/73 74/74/74 81/81/81
f 73/73/73 81/81/81 80/80/80
vt 0.3121420 0.0039060
f 74/74/74 75/75/75 82/82/82
f 74/74/74 82/82/82 81/81/81
vt 0.3214160 0.0167210
f 77/77/77 76/76/76 83/83/83
vt 0.3231830 0.0174600
f 77/77/77 83/83/83 84/84/84
vt 0.3201840 0.0153830
f 76/76/76 78/78/78 85/85/85
f 76/76/76 85/85/85 83/83/83
vt 0.3194520 0.0130690
f 78/78/78 79/79/79 86/86/86
f 78/78/78 86/86/86 85/85/85
vt 0.3192920 0.0086630
f 79/79/79 80/80/80 87/87/87
f 79/79/79 87/87/87 86/86/86
f 80/80/80 81/81/81 87/87/87
vt 0.3201870 0.0043090
f 81/81/81 82/82/82 88/88/88
f 81/81/81 88/88/88 87/87/87
vt 0.3253210 0.0139150
vt 0.3268620 0.0142430
f 83/83/83 89/89/89 90/90/90
f 83/83/83 90/90/90 84/84/84
f 85/85/85 89/89/89 83/83/83
vt 0.3239810 0.0117410
f 86/86/86 91/91/91 89/89/89
f 86/86/86 89/89/89 85/85/85
vt 0.3246770 0.0085080
f 87/87/87 92/92/92 91/91/91
f 87/87/87 91/91/91 86/86/86
vt 0.3257360 0.0064780
f 88/88/88 93/93/93 92/92/92
f 88/88/88 92/92/92 87/87/87
vt 0.3271520 0.0112550
f 90/90/90 89/89/89 94/94/94
vt 0.3280570 0.0110620
f 90/90/90 94/94/94 95/95/95
f 92/92/92 93/93/93 95/95/95
f 92/92/92 95/95/95 94/94/94
f 94/94/94 89/89/89 91/91/91
f 94/94/94 91/91/91 92/92/92
vt 0.2899810 0.0492900
f 35/35/35 34/34/34 96/96/96
vt 0.2909350 0.0468250
f 35/35/35 96/96/96 97/97/97
f 97/97/97 96/96/96 46/46/46
f 97/97/97 46/46/46 44/44/44
f 40/40/40 38/38/38 35/35/35
f 40/40/40 35/35/35 97/97/97
f 42/42/42 40/40/40 97/97/97
f 42/42/42 97/97/97 44/44/44
vt 0.4965180 0.9070340
vt 0.4834830 0.8823070
vt 0.5028510 0.8794240
f 98/98/98 99/99/99 100/100/100
vt 0.5095380 0.9023000
f 98/98/98 100/100/100 101/101/101
vt 0.5291820 0.8802750
f 101/101/101 100/100/100 102/102/102
vt 0.5253370 0.8983200
f 101/101/101 102/102/102 103/103/103
vt 0.5522470 0.8947560
f 103/103/103 102/102/102 104/104/104
vt 0.5343830 0.9092970
f 103/103/103 104/104/104 105/105/105
vt 0.5628240 0.9107130
f 105/105/105 104/104/104 106/106/106
vt 0.5389010 0.9224150
f 105/105/105 106/106/106 107/107/107
vt 0.4773310 0.8564690
vt 0.4983990 0.8583420
f 99/99/99 108/108/108 109/109/109
f 99/99/99 109/109/109 100/100/100
vt 0.5335140 0.8597300
f 100/100/100 109/109/109 599/110/599
f 100/100/100 599/110/599 102/102/102
vt 0.5863060 0.8660000
f 102/102/102 599/110/599 110/111/110
f 102/102/102 110/111/110 104/104/104
vt 0.5905440 0.8979150
f 104/104/104 110/111/110 111/112/111
f 104/104/104 111/112/111 106/106/106
vt 0.6274060 0.8782440
f 110/111/110 112/113/112 111/112/111
vt 0.5191050 0.9182480
f 105/105/105 113/114/113 103/103/103
f 103/103/103 113/114/113 101/101/101
vt 0.1793000 0.0261090
vt 0.1900420 0.0352030
vt 0.1760890 0.0547640
f 114/115/114 115/116/115 116/117/116
vt 0.1592460 0.0462340
f 114/115/114 116/117/116 117/118/117
vt 0.2027800 0.0445030
vt 0.2021610 0.0627760
f 115/116/115 118/119/118 119/120/119
f 115/116/115 119/120/119 116/117/116
vt 0.2145080 0.0363800
vt 0.2246480 0.0575370
f 118/119/118 120/121/120 121/122/121
f 118/119/118 121/122/121 119/120/119
vt 0.2230650 0.0254960
vt 0.2400510 0.0445070
f 120/121/120 122/123/122 123/124/123
f 120/121/120 123/124/123 121/122/121
vt 0.1655040 0.0854660
f 117/118/117 116/117/116 124/125/124
vt 0.1396800 0.0748030
f 117/118/117 124/125/124 125/126/125
vt 0.2036740 0.0908020
f 116/117/116 119/120/119 126/127/126
f 116/117/116 126/127/126 124/125/124
vt 0.2368530 0.0836620
f 119/120/119 121/122/121 127/128/127
f 119/120/119 127/128/127 126/127/126
vt 0.2592380 0.0694200
f 121/122/121 123/124/123 128/129/128
f 121/122/121 128/129/128 127/128/127
vt 0.1742310 0.1173840
f 125/126/125 124/125/124 129/130/129
vt 0.1503880 0.1135420
f 125/126/125 129/130/129 130/131/130
vt 0.2111890 0.1205560
f 124/125/124 126/127/126 131/132/131
f 124/125/124 131/132/131 129/130/129
vt 0.2523890 0.1151520
f 126/127/126 127/128/127 132/133/132
f 126/127/126 132/133/132 131/132/131
vt 0.2792820 0.0994980
f 127/128/127 128/129/128 133/134/133
f 127/128/127 133/134/133 132/133/132
vt 0.2690940 0.1518170
f 131/132/131 132/133/132 134/135/134
vt 0.2341190 0.1551660
f 131/132/131 134/135/134 135/136/135
vt 0.2995330 0.1435610
f 132/133/132 133/134/133 136/137/136
f 132/133/132 136/137/136 134/135/134
vt 0.2811960 0.2008590
f 135/136/135 134/135/134 137/138/137
vt 0.2319630 0.1796440
f 135/136/135 137/138/137 138/139/138
f 134/135/134 136/137/136 137/138/137
vt 0.2050520 0.0130810
f 115/116/115 114/115/114 139/140/139
vt 0.2041760 0.0256740
f 115/116/115 139/140/139 140/141/140
f 120/121/120 118/119/118 140/141/140
f 118/119/118 115/116/115 140/141/140
vt 0.2284990 0.0156160
vt 0.2511140 0.0332200
f 107/142/107 106/143/106 123/124/123
f 107/142/107 123/124/123 122/123/122
vt 0.2737220 0.0563330
f 106/143/106 111/144/111 128/129/128
f 106/143/106 128/129/128 123/124/123
vt 0.3010650 0.0898740
f 111/144/111 112/145/112 133/134/133
f 111/144/111 133/134/133 128/129/128
f 112/145/112 136/137/136 133/134/133
vt 0.1326700 0.0557230
vt 0.1508820 0.0365360
f 108/146/108 99/147/99 117/118/117
f 108/146/108 117/118/117 125/126/125
vt 0.1734000 0.0170860
f 99/147/99 98/148/98 114/115/114
f 99/147/99 114/115/114 117/118/117
f 122/123/122 120/121/120 140/141/140
f 122/123/122 140/141/140 139/140/139
vt 0.5180610 0.9314230
f 105/105/105 107/107/107 141/149/141
f 105/105/105 141/149/141 113/114/113
f 101/101/101 113/114/113 141/149/141
f 101/101/101 141/149/141 98/98/98
vt 0.2055190 0.0039060
f 122/123/122 139/140/139 141/150/141
f 122/123/122 141/150/141 107/142/107
f 139/140/139 114/115/114 98/148/98
f 139/140/139 98/148/98 141/150/141
vt 0.1706690 0.8538810
vt 0.1512670 0.8375970
vt 0.1567860 0.8231260
f 142/151/142 143/152/143 144/153/144
vt 0.1797020 0.8325540
f 142/151/142 144/153/144 145/154/145
vt 0.1351470 0.8276350
f 144/153/144 143/152/143 146/155/146
vt 0.1397810 0.8151510
f 144/153/144 146/155/146 147/156/147
vt 0.1235840 0.8064790
vt 0.1183260 0.8218880
vt 0.1039540 0.8134680
f 148/157/148 149/158/149 150/159/150
vt 0.1111090 0.7997480
f 148/157/148 150/159/150 151/160/151
vt 0.1098520 0.8247760
f 150/159/150 149/158/149 152/161/152
vt 0.1003460 0.8223890
f 150/159/150 152/161/152 153/162/153
vt 0.1077150 0.8312570
f 153/162/153 152/161/152 154/163/154
vt 0.1000140 0.8302650
f 153/162/153 154/163/154 155/164/155
vt 0.1089440 0.8383460
f 155/164/155 154/163/154 156/165/156
vt 0.1046320 0.8395560
f 155/164/155 156/165/156 157/166/157
vt 0.1006610 0.7908500
vt 0.0933920 0.8039400
vt 0.0820160 0.7949560
f 158/167/158 159/168/159 160/169/160
vt 0.0915750 0.7781860
f 158/167/158 160/169/160 161/170/161
vt 0.0693010 0.7743550
f 161/170/161 160/169/160 162/171/162
vt 0.0852960 0.7650370
f 161/170/161 162/171/162 163/172/163
vt 0.0624040 0.7485060
f 163/172/163 162/171/162 164/173/164
vt 0.0825850 0.7483610
f 163/172/163 164/173/164 165/174/165
vt 0.0782340 0.7262140
f 165/174/165 164/173/164 166/175/166
vt 0.0895420 0.7313130
f 165/174/165 166/175/166 167/176/167
vt 0.0979470 0.7097390
f 167/176/167 166/175/166 168/177/168
vt 0.1023890 0.7122050
f 167/176/167 168/177/168 169/178/169
vt 0.0632050 0.7853520
f 162/171/162 160/169/160 170/179/170
vt 0.0567530 0.7760620
f 162/171/162 170/179/170 171/180/171
vt 0.0459910 0.7910020
f 171/180/171 170/179/170 172/181/172
vt 0.0433580 0.7872140
f 171/180/171 172/181/172 173/182/173
f 151/160/151 150/159/150 159/168/159
f 151/160/151 159/168/159 158/167/158
vt 0.1930080 0.9314960
vt 0.1771430 0.9147920
vt 0.1970520 0.9009200
f 174/183/174 175/184/175 176/185/176
vt 0.2052310 0.9141390
f 174/183/174 176/185/176 177/186/177
vt 0.2118350 0.8895470
vt 0.2192910 0.9009020
f 176/185/176 178/187/178 179/188/179
f 176/185/176 179/188/179 177/186/177
vt 0.2257030 0.8776660
vt 0.2364230 0.8685690
vt 0.2467960 0.8805940
f 180/189/180 181/190/181 182/191/182
vt 0.2348760 0.8916490
f 180/189/180 182/191/182 183/192/183
vt 0.3383940 0.8637850
vt 0.3280160 0.8616290
vt 0.3289050 0.8517930
f 182/193/182 184/194/184 185/195/185
vt 0.3378150 0.8462180
f 182/193/182 185/195/185 183/196/183
vt 0.3205540 0.8597570
vt 0.3209720 0.8521760
f 184/194/184 186/197/186 187/198/187
f 184/194/184 187/198/187 185/195/185
vt 0.3125920 0.8554400
vt 0.3132900 0.8518450
f 186/197/186 188/199/188 189/200/189
f 186/197/186 189/200/189 187/198/187
vt 0.2441120 0.8582540
vt 0.2528350 0.8456430
vt 0.2651800 0.8595660
f 190/201/190 191/202/191 192/203/192
vt 0.2541230 0.8700230
f 190/201/190 192/203/192 193/204/193
vt 0.2579490 0.8318420
vt 0.2765940 0.8369890
f 191/202/191 194/205/194 195/206/195
f 191/202/191 195/206/195 192/203/192
vt 0.2582450 0.8162820
vt 0.2782450 0.8120890
f 194/205/194 196/207/196 197/208/197
f 194/205/194 197/208/197 195/206/195
vt 0.2172440 0.7409970
vt 0.2014770 0.7266850
vt 0.2080000 0.7158310
f 198/209/198 199/210/199 200/211/200
vt 0.2302300 0.7262590
f 198/209/198 200/211/200 201/212/201
vt 0.1804350 0.7137640
vt 0.1823270 0.7102260
f 199/210/199 202/213/202 203/214/203
f 199/210/199 203/214/203 200/211/200
vt 0.1785230 0.9913640
vt 0.1686720 0.9807930
vt 0.1791470 0.9754410
f 204/215/204 205/216/205 206/217/206
vt 0.2010470 0.9791320
f 204/215/204 206/217/206 207/218/207
vt 0.1610870 0.9667450
vt 0.1641550 0.9646170
f 205/216/205 208/219/208 209/220/209
f 205/216/205 209/220/209 206/217/206
f 181/190/181 190/201/190 193/204/193
f 181/190/181 193/204/193 182/191/182
vt 0.1694980 0.7975350
vt 0.1727460 0.7765550
vt 0.1805680 0.7769990
f 174/221/174 177/222/177 143/223/143
vt 0.1783530 0.8022320
f 174/221/174 143/223/143 142/224/142
vt 0.1992920 0.8531650
vt 0.1970370 0.8781450
vt 0.1887780 0.8773170
f 176/225/176 175/226/175 145/227/145
vt 0.1910360 0.8518040
f 176/225/176 145/227/145 144/228/144
vt 0.1752950 0.7574150
vt 0.1831080 0.7582210
f 177/222/177 179/229/179 146/230/146
f 177/222/177 146/230/146 143/223/143
vt 0.1931920 0.8325150
vt 0.2015990 0.8340220
f 147/231/147 178/232/178 176/225/176
f 147/231/147 176/225/176 144/228/144
vt 0.2066200 0.8009890
vt 0.2038320 0.8152670
vt 0.1952900 0.8136540
f 181/233/181 180/234/180 148/235/148
vt 0.1968320 0.7990980
f 181/233/181 148/235/148 151/236/151
vt 0.3258890 0.8439960
f 183/196/183 185/195/185 152/237/152
vt 0.3335750 0.8394300
f 183/196/183 152/237/152 149/238/149
vt 0.3349040 0.8714720
f 184/194/184 182/193/182 150/239/150
vt 0.3252290 0.8691700
f 184/194/184 150/239/150 153/240/153
vt 0.3197100 0.8472240
f 185/195/185 187/198/187 154/241/154
f 185/195/185 154/241/154 152/237/152
f 186/197/186 184/194/184 153/240/153
vt 0.3176970 0.8650760
f 186/197/186 153/240/153 155/242/155
vt 0.3124650 0.8504310
f 187/198/187 189/200/189 156/243/156
f 187/198/187 156/243/156 154/241/154
vt 0.3109280 0.8564410
f 189/200/189 188/199/188 157/244/157
f 189/200/189 157/244/157 156/243/156
f 188/199/188 186/197/186 155/242/155
f 188/199/188 155/242/155 157/244/157
vt 0.0530560 0.9213800
vt 0.0683400 0.9169340
vt 0.0730460 0.9237410
f 193/245/193 207/246/207 160/247/160
vt 0.0595860 0.9291230
f 193/245/193 160/247/160 159/248/159
vt 0.2106270 0.7715630
vt 0.2108920 0.7884000
vt 0.1990850 0.7850940
f 210/249/210 190/250/190 158/251/158
vt 0.2005690 0.7691690
f 210/249/210 158/251/158 161/252/161
vt 0.2167340 0.7577140
f 211/253/211 210/249/210 161/252/161
vt 0.2039190 0.7555330
f 211/253/211 161/252/161 163/254/163
vt 0.0433580 0.8804680
vt 0.0572340 0.8596500
vt 0.0654060 0.8612420
f 204/255/204 201/256/201 164/257/164
vt 0.0552930 0.8860070
f 204/255/204 164/257/164 162/258/162
f 198/209/198 211/253/211 163/254/163
vt 0.2070020 0.7419740
f 198/209/198 163/254/163 165/259/165
vt 0.0671300 0.8331650
vt 0.0756480 0.8358890
f 201/256/201 200/260/200 166/261/166
f 201/256/201 166/261/166 164/257/164
f 199/210/199 198/209/198 165/259/165
vt 0.1945050 0.7315070
f 199/210/199 165/259/165 167/262/167
vt 0.0813780 0.8111450
vt 0.0851580 0.8120250
f 200/260/200 203/263/203 168/264/168
f 200/260/200 168/264/168 166/261/166
vt 0.1771430 0.7159840
f 203/214/203 202/213/202 169/265/169
vt 0.1776110 0.7097390
f 203/214/203 169/265/169 168/266/168
f 202/213/202 199/210/199 167/262/167
f 202/213/202 167/262/167 169/265/169
vt 0.1813670 0.9678420
f 207/218/207 206/217/206 170/267/170
vt 0.2016120 0.9709340
f 207/218/207 170/267/170 160/268/160
vt 0.1656440 0.9960940
f 205/216/205 204/215/204 162/269/162
vt 0.1615500 0.9839380
f 205/216/205 162/269/162 171/270/171
vt 0.1639860 0.9616370
f 206/217/206 209/220/209 172/271/172
f 206/217/206 172/271/172 170/267/170
vt 0.1580310 0.9667980
f 209/220/209 208/219/208 173/272/173
f 209/220/209 173/272/173 172/271/172
f 208/219/208 205/216/205 171/270/171
f 208/219/208 171/270/171 173/272/173
vt 0.0433580 0.9298290
f 182/273/182 193/245/193 159/248/159
vt 0.0474940 0.9366130
f 182/273/182 159/248/159 150/274/150
f 190/250/190 181/233/181 151/236/151
f 190/250/190 151/236/151 158/251/158
vt 0.2292270 0.7465480
f 211/253/211 198/209/198 212/275/212
vt 0.2372050 0.7290970
f 198/209/198 201/212/201 213/276/213
f 198/209/198 213/276/213 212/275/212
vt 0.2853200 0.7168140
vt 0.2866970 0.7112230
vt 0.2888620 0.7113450
f 214/277/214 215/278/215 216/279/216
vt 0.2868010 0.7161400
f 214/277/214 216/279/216 217/280/217
vt 0.2337410 0.7582050
f 211/253/211 212/275/212 196/281/196
vt 0.2261410 0.7639900
f 211/253/211 196/281/196 194/282/194
vt 0.2729530 0.7644630
vt 0.2759880 0.7589730
vt 0.2792930 0.7619490
f 218/283/218 219/284/219 220/285/220
vt 0.2727700 0.7680870
f 218/283/218 220/285/220 221/286/221
vt 0.1064120 0.8860110
vt 0.0877240 0.9017120
vt 0.0820170 0.8931720
f 213/287/213 204/288/204 195/289/195
vt 0.1002710 0.8761560
f 213/287/213 195/289/195 197/290/197
vt 0.2558530 0.7436460
f 212/275/212 213/276/213 222/291/222
vt 0.2506440 0.7529310
f 212/275/212 222/291/222 223/292/223
vt 0.1241400 0.8610440
f 213/287/213 197/290/197 224/293/224
vt 0.1289740 0.8692240
f 213/287/213 224/293/224 222/294/222
vt 0.2505710 0.7990980
f 197/208/197 196/207/196 225/295/225
vt 0.2581700 0.7922110
f 197/208/197 225/295/225 224/296/224
f 196/281/196 212/275/212 223/292/223
vt 0.2490040 0.7618770
f 196/281/196 223/292/223 225/297/225
f 223/292/223 222/291/222 219/284/219
f 223/292/223 219/284/219 218/283/218
vt 0.1502510 0.8535370
f 222/294/222 224/293/224 220/298/220
vt 0.1521660 0.8572280
f 222/294/222 220/298/220 219/299/219
vt 0.2284460 0.7843110
f 224/296/224 225/295/225 221/300/221
vt 0.2341020 0.7796060
f 224/296/224 221/300/221 220/301/220
f 225/297/225 223/292/223 218/283/218
f 225/297/225 218/283/218 221/286/221
vt 0.3146920 0.7672430
vt 0.2929480 0.7818800
vt 0.2901540 0.7589320
f 201/302/201 204/303/204 226/304/226
vt 0.3040340 0.7517290
f 201/302/201 226/304/226 227/305/227
vt 0.3440560 0.7447660
vt 0.3234940 0.7360820
vt 0.3285010 0.7272440
f 204/306/204 228/307/228 226/308/226
vt 0.3238690 0.7607490
vt 0.3121660 0.7459200
f 204/306/204 213/309/213 229/310/229
f 204/306/204 229/310/229 228/307/228
f 213/309/213 201/302/201 227/305/227
f 213/309/213 227/305/227 229/310/229
vt 0.2855400 0.7386800
f 227/305/227 226/304/226 230/311/230
vt 0.2945970 0.7359870
f 227/305/227 230/311/230 231/312/231
vt 0.3070920 0.7243080
f 226/308/226 228/307/228 232/313/232
vt 0.3105790 0.7174940
f 226/308/226 232/313/232 230/314/230
vt 0.3005140 0.7315110
f 228/307/228 229/310/229 233/315/233
f 228/307/228 233/315/233 232/313/232
f 229/310/229 227/305/227 231/312/231
f 229/310/229 231/312/231 233/315/233
vt 0.2803480 0.7173480
f 231/312/231 230/311/230 215/316/215
f 231/312/231 215/316/215 214/277/214
f 230/314/230 232/313/232 216/279/216
vt 0.2899120 0.7097390
f 230/314/230 216/279/216 215/317/215
f 232/313/232 233/315/233 217/280/217
f 232/313/232 217/280/217 216/279/216
f 233/315/233 231/312/231 214/277/214
f 233/315/233 214/277/214 217/280/217
vt 0.2189790 0.7754550
f 190/250/190 210/249/210 191/318/191
vt 0.0630120 0.9098700
f 207/246/207 193/245/193 192/319/192
f 210/249/210 211/253/211 194/282/194
f 210/249/210 194/282/194 191/318/191
f 204/288/204 207/246/207 192/319/192
f 204/288/204 192/319/192 195/289/195
f 179/188/179 178/187/178 180/189/180
f 179/188/179 180/189/180 183/192/183
vt 0.1779500 0.7394850
f 146/230/146 179/229/179 183/320/183
vt 0.1857550 0.7406430
f 146/230/146 183/320/183 149/321/149
f 147/156/147 146/155/146 149/158/149
f 147/156/147 149/158/149 148/157/148
f 180/234/180 178/232/178 147/231/147
f 180/234/180 147/231/147 148/235/148
f 129/130/129 131/132/131 135/136/135
vt 0.1998710 0.1432660
f 129/130/129 135/136/135 234/322/234
vt 0.1813190 0.1547400
f 129/130/129 234/322/234 235/323/235
f 129/130/129 235/323/235 130/131/130
f 234/322/234 135/136/135 138/139/138
f 234/322/234 138/139/138 235/323/235
vt 0.2729850 0.4758280
vt 0.2847240 0.4974090
vt 0.2722580 0.5079800
f 236/324/236 237/325/237 600/326/600
vt 0.2562920 0.4850510
f 236/324/236 600/326/600 601/327/601
vt 0.2926660 0.4690760
vt 0.2993910 0.4911350
f 238/328/238 239/329/239 237/325/237
f 238/328/238 237/325/237 236/324/236
vt 0.3127210 0.4658360
vt 0.3152610 0.4903550
f 240/330/240 241/331/241 239/329/239
f 240/330/240 239/329/239 238/328/238
vt 0.3327300 0.4651210
vt 0.3343690 0.4892440
f 242/332/242 243/333/243 241/331/241
f 242/332/242 241/331/241 240/330/240
vt 0.3556990 0.4676450
vt 0.3534590 0.4925500
f 244/334/244 245/335/245 243/333/243
f 244/334/244 243/333/243 242/332/242
vt 0.2979130 0.5166180
vt 0.2921240 0.5239550
f 237/325/237 246/336/246 604/337/604
f 237/325/237 604/337/604 600/326/600
vt 0.3058790 0.5047760
f 239/329/239 247/338/247 246/336/246
f 239/329/239 246/336/246 237/325/237
vt 0.3170210 0.5071450
f 241/331/241 248/339/248 247/338/247
f 241/331/241 247/338/247 239/329/239
vt 0.3292410 0.5030330
f 243/333/243 249/340/249 248/339/248
f 243/333/243 248/339/248 241/331/241
vt 0.3403340 0.5124830
f 245/335/245 250/341/250 249/340/249
f 245/335/245 249/340/249 243/333/243
vt 0.2465400 0.4595770
f 236/324/236 601/327/601 606/342/606
vt 0.2627290 0.4531330
f 236/324/236 606/342/606 251/343/251
f 238/328/238 236/324/236 251/343/251
vt 0.2840630 0.4455220
f 238/328/238 251/343/251 252/344/252
f 240/330/240 238/328/238 252/344/252
vt 0.3069610 0.4405510
f 240/330/240 252/344/252 253/345/253
f 242/332/242 240/330/240 253/345/253
vt 0.3294240 0.4391070
f 242/332/242 253/345/253 254/346/254
f 244/334/244 242/332/242 254/346/254
vt 0.3494630 0.4399750
f 244/334/244 254/346/254 255/347/255
vt 0.2377880 0.4295980
f 251/343/251 606/342/606 608/348/608
vt 0.2537810 0.4243650
f 251/343/251 608/348/608 256/349/256
f 252/344/252 251/343/251 256/349/256
vt 0.2764130 0.4180480
f 252/344/252 256/349/256 257/350/257
f 253/345/253 252/344/252 257/350/257
vt 0.3002550 0.4133760
f 253/345/253 257/350/257 258/351/258
f 254/346/254 253/345/253 258/351/258
vt 0.3243050 0.4117180
f 254/346/254 258/351/258 259/352/259
f 255/347/255 254/346/254 259/352/259
vt 0.3451540 0.4123700
f 255/347/255 259/352/259 260/353/260
vt 0.2293930 0.4015810
f 256/349/256 608/348/608 610/354/610
vt 0.2458810 0.3957980
f 256/349/256 610/354/610 261/355/261
f 257/350/257 256/349/256 261/355/261
vt 0.2696830 0.3899140
f 257/350/257 261/355/261 262/356/262
f 258/351/258 257/350/257 262/356/262
vt 0.2943360 0.3856900
f 258/351/258 262/356/262 263/357/263
f 259/352/259 258/351/258 263/357/263
vt 0.3226300 0.3846730
f 259/352/259 263/357/263 264/358/264
f 260/353/260 259/352/259 264/358/264
vt 0.3468790 0.3860480
f 260/353/260 264/358/264 265/359/265
vt 0.2207640 0.3770640
f 261/355/261 610/354/610 612/360/612
vt 0.2397580 0.3687040
f 261/355/261 612/360/612 266/361/266
f 262/356/262 261/355/261 266/361/266
vt 0.2648890 0.3611400
f 262/356/262 266/361/266 267/362/267
f 263/357/263 262/356/262 267/362/267
vt 0.2972100 0.3560590
f 263/357/263 267/362/267 268/363/268
f 264/358/264 263/357/263 268/363/268
vt 0.3317790 0.3547220
f 264/358/264 268/363/268 269/364/269
f 265/359/265 264/358/264 269/364/269
vt 0.3610460 0.3543310
f 265/359/265 269/364/269 270/365/270
vt 0.2129700 0.3587930
f 266/361/266 612/360/612 614/366/614
vt 0.2357220 0.3456140
f 266/361/266 614/366/614 271/367/271
f 267/362/267 266/361/266 271/367/271
vt 0.2655680 0.3335170
f 267/362/267 271/367/271 272/368/272
f 268/363/268 267/362/267 272/368/272
vt 0.3059180 0.3254160
f 268/363/268 272/368/272 273/369/273
f 269/364/269 268/363/268 273/369/273
vt 0.3497600 0.3195320
f 269/364/269 273/369/273 274/370/274
f 270/365/270 269/364/269 274/370/274
vt 0.3813010 0.3185600
f 270/365/270 274/370/274 275/371/275
vt 0.2018780 0.3406600
f 271/367/271 614/366/614 615/372/615
vt 0.2264060 0.3205240
f 271/367/271 615/372/615 276/373/276
f 272/368/272 271/367/271 276/373/276
vt 0.2642720 0.2981270
f 272/368/272 276/373/276 277/374/277
f 273/369/273 272/368/272 277/374/277
vt 0.3132190 0.2908630
f 273/369/273 277/374/277 278/375/278
f 274/370/274 273/369/273 278/375/278
vt 0.3590900 0.2830720
f 274/370/274 278/375/278 279/376/279
f 275/371/275 274/370/274 279/376/279
vt 0.3940350 0.2748170
f 275/371/275 279/376/279 280/377/280
vt 0.1855110 0.3244140
f 276/373/276 615/372/615 616/378/616
vt 0.2098100 0.2964420
f 276/373/276 616/378/616 281/379/281
f 277/374/277 276/373/276 281/379/281
vt 0.2511780 0.2636990
f 277/374/277 281/379/281 282/380/282
vt 0.3127650 0.2614610
f 283/381/283 277/374/277 282/380/282
vt 0.3013610 0.2306460
f 283/381/283 282/380/282 284/382/284
vt 0.3566900 0.2393620
f 285/383/285 283/381/283 284/382/284
vt 0.3433440 0.1997180
f 285/383/285 284/382/284 286/384/286
vt 0.3930630 0.2241310
f 287/385/287 285/383/285 286/384/286
vt 0.3746820 0.1774320
f 287/385/287 286/384/286 288/386/288
vt 0.2317120 0.2435370
vt 0.1820760 0.2783730
vt 0.2046750 0.2276050
f 289/387/289 290/388/290 291/389/291
f 137/138/137 289/387/289 291/389/291
f 137/138/137 291/389/291 138/139/138
vt 0.3402300 0.1274220
vt 0.3151290 0.1574470
f 292/390/292 293/391/293 136/137/136
f 292/390/292 136/137/136 112/145/112
vt 0.1635960 0.3126590
vt 0.1374310 0.3061910
f 290/388/290 619/392/619 620/393/620
vt 0.1458710 0.2704700
f 290/388/290 620/393/620 294/394/294
f 291/389/291 290/388/290 294/394/294
vt 0.1694120 0.2208260
f 291/389/291 294/394/294 295/395/295
f 138/139/138 291/389/291 295/395/295
vt 0.1792140 0.1697010
f 138/139/138 295/395/295 296/396/296
vt 0.1465440 0.2275220
f 295/395/295 294/394/294 297/397/297
f 296/396/296 295/395/295 297/397/297
vt 0.1466660 0.1697230
f 296/396/296 297/397/297 298/398/298
vt 0.1104680 0.3062150
f 294/394/294 620/393/620 622/399/622
vt 0.1107960 0.2756870
f 294/394/294 622/399/622 300/400/300
f 297/397/297 294/394/294 300/400/300
vt 0.1197250 0.2376050
f 297/397/297 300/400/300 301/401/301
f 298/398/298 297/397/297 301/401/301
vt 0.1067330 0.1871640
f 298/398/298 301/401/301 302/402/302
vt 0.1393710 0.1085060
f 303/403/303 298/398/298 302/402/302
vt 0.0891560 0.1341280
f 303/403/303 302/402/302 304/404/304
vt 0.1188090 0.0614540
vt 0.1296190 0.0827790
vt 0.0665130 0.0953340
f 299/405/299 305/406/305 306/407/306
vt 0.0956900 0.2533320
f 301/401/301 300/400/300 307/408/307
f 302/402/302 301/401/301 307/408/307
vt 0.0826990 0.2195840
f 302/402/302 307/408/307 308/409/308
f 304/404/304 302/402/302 308/409/308
vt 0.0619670 0.1760380
f 304/404/304 308/409/308 309/410/309
f 306/407/306 304/404/304 309/410/309
vt 0.0376970 0.1440340
f 306/407/306 309/410/309 310/411/310
vt 0.0816240 0.3111810
f 300/400/300 622/399/622 624/412/624
vt 0.0783870 0.2901870
f 300/400/300 624/412/624 311/413/311
f 307/408/307 300/400/300 311/413/311
vt 0.0713670 0.2694190
f 307/408/307 311/413/311 312/414/312
f 308/409/308 307/408/307 312/414/312
vt 0.0575670 0.2482860
f 308/409/308 312/414/312 313/415/313
f 309/410/309 308/409/308 313/415/313
vt 0.0424900 0.2259730
f 309/410/309 313/415/313 314/416/314
f 310/411/310 309/410/309 314/416/314
vt 0.0229690 0.2090060
f 310/411/310 314/416/314 315/417/315
vt 0.0509940 0.3181780
f 311/413/311 624/412/624 627/418/627
vt 0.0498300 0.3111590
f 311/413/311 627/418/627 316/419/316
f 312/414/312 311/413/311 316/419/316
vt 0.0381080 0.2919760
f 312/414/312 316/419/316 317/420/317
f 313/415/313 312/414/312 317/420/317
f 314/416/314 313/415/313 317/420/317
f 315/417/315 314/416/314 317/420/317
vt 0.0198100 0.2724400
f 315/417/315 317/420/317 318/421/318
f 278/375/278 277/374/277 283/381/283
f 279/376/279 278/375/278 283/381/283
f 279/376/279 283/381/283 285/383/285
f 280/377/280 279/376/279 285/383/285
f 280/377/280 285/383/285 287/385/287
f 281/379/281 616/378/616 619/392/619
f 281/379/281 619/392/619 290/388/290
f 282/380/282 281/379/281 290/388/290
f 282/380/282 290/388/290 289/387/289
f 284/382/284 282/380/282 289/387/289
f 284/382/284 289/387/289 137/138/137
f 286/384/286 284/382/284 137/138/137
f 286/384/286 137/138/137 293/391/293
f 288/386/288 286/384/286 293/391/293
f 288/386/288 293/391/293 292/390/292
f 293/391/293 137/138/137 136/137/136
f 235/323/235 138/139/138 296/396/296
f 130/131/130 235/323/235 296/396/296
f 130/131/130 296/396/296 298/398/298
f 130/131/130 298/398/298 303/403/303
f 306/407/306 305/406/305 303/403/303
f 306/407/306 303/403/303 304/404/304
f 303/403/303 305/406/305 125/126/125
f 303/403/303 125/126/125 130/131/130
f 299/405/299 108/146/108 125/126/125
f 299/405/299 125/126/125 305/406/305
vt 0.3487560 0.5211910
vt 0.3183570 0.5308870
f 250/341/250 605/422/605 629/423/629
vt 0.3184160 0.5213240
f 250/341/250 629/423/629 319/424/319
f 248/339/248 249/340/249 250/341/250
f 248/339/248 250/341/250 319/424/319
f 247/338/247 248/339/248 319/424/319
f 247/338/247 319/424/319 246/336/246
vt 0.3708730 0.0797960
vt 0.3815020 0.0695970
vt 0.3997520 0.0920480
f 320/425/320 321/426/321 322/427/322
vt 0.3852340 0.1073370
f 320/425/320 322/427/322 323/428/323
vt 0.3950900 0.0552170
vt 0.4139720 0.0594950
f 321/426/321 324/429/324 325/430/325
f 321/426/321 325/430/325 322/427/322
vt 0.3898260 0.0362670
vt 0.4252400 0.0271460
f 324/429/324 326/431/326 327/432/327
f 324/429/324 327/432/327 325/430/325
vt 0.3810450 0.0249610
vt 0.4176930 0.0069530
f 326/431/326 328/433/328 329/434/329
f 326/431/326 329/434/329 327/432/327
vt 0.4247170 0.1149420
f 323/428/323 322/427/322 330/435/330
vt 0.4078070 0.1372900
f 323/428/323 330/435/330 331/436/331
vt 0.4435980 0.0742420
f 322/427/322 325/430/325 332/437/332
f 322/427/322 332/437/332 330/435/330
vt 0.4639860 0.0321100
f 325/430/325 327/432/327 333/438/333
f 325/430/325 333/438/333 332/437/332
vt 0.4662600 0.0039060
f 327/432/327 329/434/329 334/439/334
f 327/432/327 334/439/334 333/438/333
vt 0.4567120 0.1364960
f 331/436/331 330/435/330 335/440/335
vt 0.4450040 0.1636610
f 331/436/331 335/440/335 336/441/336
vt 0.4788330 0.0919970
f 330/435/330 332/437/332 337/442/337
f 330/435/330 337/442/337 335/440/335
vt 0.5000630 0.0467360
f 332/437/332 333/438/333 338/443/338
f 332/437/332 338/443/338 337/442/337
vt 0.5101780 0.0162240
f 333/438/333 334/439/334 339/444/339
f 333/438/333 339/444/339 338/443/338
vt 0.4954910 0.1526090
f 336/441/336 335/440/335 340/445/340
vt 0.4906240 0.1780130
f 336/441/336 340/445/340 341/446/341
vt 0.5140890 0.1097790
f 335/440/335 337/442/337 342/447/342
f 335/440/335 342/447/342 340/445/340
vt 0.5356770 0.0694840
f 337/442/337 338/443/338 343/448/343
f 337/442/337 343/448/343 342/447/342
vt 0.5530680 0.0453120
f 338/443/338 339/444/339 344/449/344
f 338/443/338 344/449/344 343/448/343
vt 0.5445900 0.1252220
f 340/445/340 342/447/342 345/450/345
vt 0.5313480 0.1575560
f 340/445/340 345/450/345 346/451/346
vt 0.5613600 0.0947010
f 342/447/342 343/448/343 347/452/347
f 342/447/342 347/452/347 345/450/345
vt 0.5780840 0.0785010
f 343/448/343 344/449/344 348/453/348
f 343/448/343 348/453/348 347/452/347
vt 0.5634970 0.1705800
vt 0.5349980 0.1813570
f 349/454/349 350/455/350 346/451/346
vt 0.5564540 0.1507440
f 349/454/349 346/451/346 351/456/351
vt 0.5734610 0.1194700
f 345/450/345 347/452/347 352/457/352
vt 0.5691940 0.1367790
f 345/450/345 352/457/352 353/458/353
vt 0.5886510 0.1229860
f 347/452/347 348/453/348 354/459/354
f 347/452/347 354/459/354 352/457/352
vt 0.3589740 0.0462930
f 321/426/321 320/425/320 355/460/355
vt 0.3719310 0.0501500
f 321/426/321 355/460/355 356/461/356
f 326/431/326 356/461/356 355/460/355
f 326/431/326 355/460/355 328/433/328
vt 0.5825380 0.1456460
f 353/458/353 357/462/357 349/454/349
f 353/458/353 349/454/349 351/456/351
f 357/462/357 353/458/353 352/457/352
f 357/462/357 352/457/352 354/459/354
f 326/431/326 324/429/324 356/461/356
f 324/429/324 321/426/321 356/461/356
f 341/446/341 340/445/340 346/451/346
f 341/446/341 346/451/346 350/455/350
f 346/451/346 345/450/345 353/458/353
f 346/451/346 353/458/353 351/456/351
vt 0.3787910 0.6641920
vt 0.3733700 0.6546840
vt 0.3886350 0.6492700
f 358/463/358 360/464/360 361/465/361
vt 0.3911110 0.6618320
f 358/463/358 361/465/361 359/466/359
vt 0.3843740 0.6394610
f 360/464/360 362/467/362 361/465/361
vt 0.3550290 0.6939930
vt 0.3627190 0.6980080
vt 0.3651670 0.7127320
f 360/468/360 363/469/363 364/470/364
vt 0.3567110 0.7133720
f 360/468/360 364/470/364 362/471/362
vt 0.3704410 0.7104110
f 363/469/363 365/472/365 364/470/364
vt 0.3672610 0.6924870
vt 0.3741560 0.7058970
f 363/469/363 366/473/366 367/474/367
f 363/469/363 367/474/367 365/472/365
vt 0.3773200 0.6983910
f 366/473/366 368/475/368 367/474/367
vt 0.3705130 0.6785830
vt 0.3806440 0.6890550
f 366/473/366 369/476/369 370/477/370
f 366/473/366 370/477/370 368/475/368
vt 0.3844690 0.6812500
f 369/476/369 371/478/371 370/477/370
vt 0.3784410 0.6711790
vt 0.3887060 0.6752220
f 369/476/369 372/479/372 373/480/373
f 369/476/369 373/480/373 371/478/371
vt 0.3909040 0.6703310
f 372/479/372 374/481/374 373/480/373
f 372/479/372 358/463/358 359/466/359
f 372/479/372 359/466/359 374/481/374
vt 0.4068880 0.6454340
f 359/466/359 361/465/361 376/482/376
vt 0.4053170 0.6621880
f 359/466/359 376/482/376 375/483/375
vt 0.4002740 0.6320570
f 361/465/361 362/467/362 377/484/377
f 361/465/361 377/484/377 376/482/376
vt 0.3752690 0.7261240
f 362/471/362 364/470/364 378/485/378
vt 0.3666810 0.7323530
f 362/471/362 378/485/378 377/486/377
vt 0.3807050 0.7212810
f 364/470/364 365/472/365 379/487/379
f 364/470/364 379/487/379 378/485/378
vt 0.3850350 0.7158420
f 365/472/365 367/474/367 380/488/380
f 365/472/365 380/488/380 379/487/379
vt 0.3897690 0.7075300
f 367/474/367 368/475/368 381/489/381
f 367/474/367 381/489/381 380/488/380
vt 0.3942090 0.6967090
f 368/475/368 370/477/370 382/490/382
f 368/475/368 382/490/382 381/489/381
vt 0.3977050 0.6862750
f 370/477/370 371/478/371 383/491/383
f 370/477/370 383/491/383 382/490/382
vt 0.4006060 0.6781490
f 371/478/371 373/480/373 384/492/384
f 371/478/371 384/492/384 383/491/383
vt 0.4026540 0.6721800
f 373/480/373 374/481/374 385/493/385
f 373/480/373 385/493/385 384/492/384
f 374/481/374 359/466/359 375/483/375
f 374/481/374 375/483/375 385/493/385
vt 0.4258510 0.6520360
f 375/483/375 376/482/376 387/494/387
vt 0.4180010 0.6661570
f 375/483/375 387/494/387 386/495/386
vt 0.3885160 0.7352350
f 377/486/377 378/485/378 388/496/388
vt 0.3813100 0.7447370
f 377/486/377 388/496/388 389/497/389
vt 0.3928110 0.7289650
f 378/485/378 379/487/379 390/498/390
f 378/485/378 390/498/390 388/496/388
vt 0.3971390 0.7230380
f 379/487/379 380/488/380 391/499/391
f 379/487/379 391/499/391 390/498/390
vt 0.4027420 0.7142010
f 380/488/380 381/489/381 392/500/392
f 380/488/380 392/500/392 391/499/391
vt 0.4075000 0.7022810
f 381/489/381 382/490/382 393/501/393
f 381/489/381 393/501/393 392/500/392
vt 0.4098560 0.6906640
f 382/490/382 383/491/383 394/502/394
f 382/490/382 394/502/394 393/501/393
vt 0.4115270 0.6816520
f 383/491/383 384/492/384 395/503/395
f 383/491/383 395/503/395 394/502/394
vt 0.4131280 0.6753770
f 384/492/384 385/493/385 396/504/396
f 384/492/384 396/504/396 395/503/395
f 385/493/385 375/483/375 386/495/386
f 385/493/385 386/495/386 396/504/396
vt 0.4392220 0.6603730
f 386/495/386 387/494/387 398/505/398
vt 0.4286990 0.6713940
f 386/495/386 398/505/398 397/506/397
vt 0.4032060 0.7412160
f 389/497/389 388/496/388 399/507/399
vt 0.4058140 0.7338550
f 388/496/388 390/498/390 400/508/400
f 388/496/388 400/508/400 399/507/399
vt 0.4095100 0.7274000
f 390/498/390 391/499/391 401/509/401
f 390/498/390 401/509/401 400/508/400
vt 0.4145060 0.7181590
f 391/499/391 392/500/392 402/510/402
f 391/499/391 402/510/402 401/509/401
vt 0.4182700 0.7068040
f 392/500/392 393/501/393 403/511/403
f 392/500/392 403/511/403 402/510/402
vt 0.4198000 0.6958090
f 393/501/393 394/502/394 404/512/404
f 393/501/393 404/512/404 403/511/403
vt 0.4212520 0.6866070
f 394/502/394 395/503/395 405/513/405
f 394/502/394 405/513/405 404/512/404
vt 0.4227710 0.6800690
f 395/503/395 396/504/396 406/514/406
f 395/503/395 406/514/406 405/513/405
f 396/504/396 386/495/386 397/506/397
f 396/504/396 397/506/397 406/514/406
vt 0.4473650 0.6686020
f 397/506/397 398/505/398 408/515/408
vt 0.4378800 0.6775410
f 397/506/397 408/515/408 407/516/407
vt 0.4193190 0.7348200
f 399/507/399 400/508/400 409/517/409
vt 0.4187020 0.7412800
f 399/507/399 409/517/409 410/518/410
vt 0.4216180 0.7288180
f 400/508/400 401/509/401 411/519/411
f 400/508/400 411/519/411 409/517/409
vt 0.4249890 0.7203340
f 401/509/401 402/510/402 412/520/412
f 401/509/401 412/520/412 411/519/411
vt 0.4286130 0.7052370
f 402/510/402 403/511/403 413/521/413
f 402/510/402 413/521/413 412/520/412
f 403/511/403 404/512/404 413/521/413
vt 0.4300750 0.6917140
f 404/512/404 405/513/405 414/522/414
f 404/512/404 414/522/414 413/521/413
vt 0.4317060 0.6854700
f 405/513/405 406/514/406 415/523/415
f 405/513/405 415/523/415 414/522/414
f 406/514/406 397/506/397 407/516/407
f 406/514/406 407/516/407 415/523/415
vt 0.4533540 0.6757870
f 407/516/407 408/515/408 417/524/417
vt 0.4449700 0.6834270
f 407/516/407 417/524/417 416/525/416
vt 0.4307050 0.7335850
f 410/518/410 409/517/409 418/526/418
vt 0.4316830 0.7281110
f 409/517/409 411/519/411 419/527/419
f 409/517/409 419/527/419 418/526/418
vt 0.4336610 0.7206670
f 411/519/411 412/520/412 420/528/420
f 411/519/411 420/528/420 419/527/419
vt 0.4360930 0.7076450
f 412/520/412 413/521/413 421/529/421
f 412/520/412 421/529/421 420/528/420
vt 0.4375890 0.6957490
f 413/521/413 414/522/414 422/530/422
f 413/521/413 422/530/422 421/529/421
vt 0.4392430 0.6903410
f 414/522/414 415/523/415 423/531/423
f 414/522/414 423/531/423 422/530/422
f 415/523/415 407/516/407 416/525/416
f 415/523/415 416/525/416 423/531/423
vt 0.4579130 0.6823250
f 416/525/416 417/524/417 425/532/425
vt 0.4508990 0.6888060
f 416/525/416 425/532/425 424/533/424
vt 0.4409250 0.7280590
f 418/526/418 419/527/419 426/534/426
vt 0.4414930 0.7196660
f 419/527/419 420/528/420 427/535/427
f 419/527/419 427/535/427 426/534/426
vt 0.4428950 0.7086980
f 420/528/420 421/529/421 428/536/428
f 420/528/420 428/536/428 427/535/427
vt 0.4443140 0.6988190
f 421/529/421 422/530/422 429/537/429
f 421/529/421 429/537/429 428/536/428
vt 0.4459450 0.6945430
f 422/530/422 423/531/423 430/538/430
f 422/530/422 430/538/430 429/537/429
f 423/531/423 416/525/416 424/533/424
f 423/531/423 424/533/424 430/538/430
vt 0.4585890 0.6923630
f 424/533/424 425/532/425 431/539/431
vt 0.4492120 0.7177770
f 426/534/426 427/535/427 432/540/432
vt 0.4496330 0.7237970
f 426/534/426 432/540/432 433/541/433
vt 0.4498700 0.7090880
f 427/535/427 428/536/428 434/542/434
f 427/535/427 434/542/434 432/540/432
vt 0.4510610 0.7015830
f 428/536/428 429/537/429 435/543/435
f 428/536/428 435/543/435 434/542/434
vt 0.4523180 0.6986370
f 429/537/429 430/538/430 436/544/436
f 429/537/429 436/544/436 435/543/435
f 430/538/430 424/533/424 431/539/431
f 430/538/430 431/539/431 436/544/436
vt 0.4565320 0.7150610
f 433/541/433 432/540/432 438/545/438
vt 0.4575100 0.7196610
f 433/541/433 438/545/438 439/546/439
vt 0.4580940 0.7028570
f 434/542/434 435/543/435 441/547/441
vt 0.4568720 0.7088980
f 434/542/434 441/547/441 440/548/440
f 435/543/435 436/544/436 441/547/441
vt 0.4629620 0.6981840
f 436/544/436 431/539/431 437/549/437
f 436/544/436 437/549/437 441/547/441
vt 0.4645280 0.7134410
f 439/546/439 438/545/438 443/550/443
vt 0.4642330 0.7087940
f 438/545/438 440/548/440 444/551/444
f 438/545/438 444/551/444 443/550/443
vt 0.4648620 0.7054400
f 440/548/440 441/547/441 445/552/445
f 440/548/440 445/552/445 444/551/444
vt 0.4680600 0.7022700
f 441/547/441 437/549/437 442/553/442
f 441/547/441 442/553/442 445/552/445
vt 0.3688890 0.6664730
f 360/464/360 358/463/358 446/554/446
vt 0.3610620 0.6847350
f 363/469/363 360/468/360 446/555/446
f 366/473/366 363/469/363 446/555/446
f 369/476/369 366/473/366 446/555/446
f 372/479/372 369/476/369 446/554/446
f 358/463/358 372/479/372 446/554/446
f 434/542/434 440/548/440 438/545/438
f 434/542/434 438/545/438 432/540/432
vt 0.0083130 0.0895640
vt 0.0061940 0.0862970
vt 0.0114960 0.0837760
f 447/556/447 448/557/448 449/558/449
vt 0.0141310 0.0863320
f 447/556/447 449/558/449 450/559/450
vt 0.0047480 0.0828920
vt 0.0095370 0.0811890
f 448/557/448 451/560/451 452/561/452
f 448/557/448 452/561/452 449/558/449
vt 0.0039060 0.0793120
f 451/560/451 453/562/453 452/561/452
vt 0.0106320 0.0926440
f 454/563/454 447/556/447 450/559/450
vt 0.0168450 0.0888210
f 454/563/454 450/559/450 455/564/455
vt 0.0174260 0.0800730
f 450/559/450 449/558/449 456/565/456
vt 0.0198650 0.0818220
f 450/559/450 456/565/456 457/566/457
vt 0.0152930 0.0780490
f 449/558/449 452/561/452 458/567/458
f 449/558/449 458/567/458 456/565/456
vt 0.0137630 0.0758490
f 452/561/452 453/562/453 459/568/459
f 452/561/452 459/568/459 458/567/458
vt 0.0077780 0.0749210
vt 0.0128500 0.0732570
f 453/562/453 460/569/460 461/570/461
f 453/562/453 461/570/461 459/568/459
vt 0.0071760 0.0710160
vt 0.0121890 0.0702580
f 460/569/460 462/571/462 463/572/463
f 460/569/460 463/572/463 461/570/461
f 455/564/455 450/559/450 457/566/457
vt 0.0225150 0.0833950
f 455/564/455 457/566/457 464/573/464
vt 0.0219460 0.0754870
vt 0.0238310 0.0763450
f 456/565/456 465/574/465 466/575/466
f 456/565/456 466/575/466 457/566/457
vt 0.0202790 0.0742570
f 458/567/458 467/576/467 465/574/465
f 458/567/458 465/574/465 456/565/456
vt 0.0188850 0.0726940
f 459/568/459 468/577/468 467/576/467
f 459/568/459 467/576/467 458/567/458
vt 0.0178730 0.0708650
f 461/570/461 469/578/469 468/577/468
f 461/570/461 468/577/468 459/568/459
vt 0.0172990 0.0688480
f 463/572/463 470/579/470 469/578/469
f 463/572/463 469/578/469 461/570/461
vt 0.0255130 0.0761690
f 457/566/457 466/575/466 634/580/634
f 457/566/457 634/580/634 464/573/464
vt 0.0249200 0.0703840
f 465/574/465 471/581/471 466/575/466
vt 0.0238260 0.0697700
f 467/576/467 472/582/472 471/581/471
f 467/576/467 471/581/471 465/574/465
f 468/577/468 472/582/472 467/576/467
vt 0.0232770 0.0689250
f 469/578/469 473/583/473 472/582/472
f 469/578/469 472/582/472 468/577/468
vt 0.0231770 0.0682540
f 470/579/470 474/584/474 473/583/473
f 470/579/470 473/583/473 469/578/469
vt 0.0258760 0.0703690
f 466/575/466 471/581/471 475/585/475
f 466/575/466 475/585/475 634/580/634
vt 0.0248110 0.0688340
f 471/581/471 472/582/472 476/586/476
f 472/582/472 473/583/473 476/586/476
f 473/583/473 474/584/474 476/586/476
f 475/585/475 471/581/471 476/586/476
vt 0.9474660 0.7609860
vt 0.9527960 0.7548070
vt 0.9579380 0.7613400
f 477/587/477 478/588/478 479/589/479
vt 0.9491750 0.7649490
f 477/587/477 479/589/479 480/590/480
vt 0.9507750 0.7727930
vt 0.9634450 0.7743340
vt 0.9615870 0.7885380
f 481/591/481 482/592/482 483/593/483
vt 0.9516210 0.7825770
f 481/591/481 483/593/483 484/594/484
vt 0.9527030 0.8011850
f 484/594/484 483/593/483 485/595/485
vt 0.9470920 0.7931480
f 484/594/484 485/595/485 486/596/486
vt 0.9384770 0.8078120
f 486/596/486 485/595/485 487/597/487
vt 0.9368860 0.7967620
f 486/596/486 487/597/487 488/598/488
vt 0.9258090 0.8060400
f 488/598/488 487/597/487 489/599/489
vt 0.9276680 0.7938760
f 488/598/488 489/599/489 490/600/490
vt 0.9152430 0.8005450
f 490/600/490 489/599/489 491/601/491
vt 0.9203730 0.7894070
f 490/600/490 491/601/491 492/602/492
vt 0.8988000 0.8012810
f 492/602/492 491/601/491 493/603/493
vt 0.9022300 0.7937460
f 492/602/492 493/603/493 494/604/494
vt 0.8879770 0.7978340
vt 0.8868020 0.8016250
vt 0.8761180 0.8018390
f 495/605/495 496/606/496 497/607/497
vt 0.8782670 0.7999350
f 495/605/495 497/607/497 498/608/498
vt 0.8949300 0.8081750
vt 0.9087630 0.8120050
vt 0.8960920 0.8189320
f 499/609/499 500/610/500 501/611/501
vt 0.8891040 0.8147290
f 499/609/499 501/611/501 502/612/502
vt 0.9245880 0.8197340
vt 0.9162960 0.8288530
f 500/610/500 503/613/503 504/614/504
vt 0.9090080 0.8249580
f 500/610/500 504/614/504 505/615/505
vt 0.9417870 0.8197500
vt 0.9377170 0.8304160
f 503/613/503 506/616/506 507/617/507
vt 0.9291210 0.8298240
f 503/613/503 507/617/507 508/618/508
vt 0.9595100 0.8101270
vt 0.9576760 0.8213440
f 506/616/506 509/619/509 510/620/510
vt 0.9491880 0.8256760
f 506/616/506 510/620/510 511/621/511
vt 0.9731680 0.7944660
vt 0.9729910 0.8051670
f 509/619/509 512/622/512 513/623/513
vt 0.9666770 0.8128710
f 509/619/509 513/623/513 514/624/514
vt 0.9765280 0.7757120
vt 0.9822770 0.7863620
f 512/622/512 515/625/515 516/626/516
vt 0.9787370 0.7954940
f 512/622/512 516/626/516 517/627/517
f 494/604/494 493/603/493 496/606/496
f 494/604/494 496/606/496 495/605/495
vt 0.8823430 0.8207750
vt 0.8864310 0.8246730
vt 0.8775770 0.8292470
f 518/628/518 519/629/519 520/630/520
vt 0.8753460 0.8273230
f 518/628/518 520/630/520 521/631/521
vt 0.9044200 0.8377220
vt 0.9089210 0.8407200
vt 0.9031950 0.8495680
f 522/632/522 523/633/523 524/634/524
vt 0.9007740 0.8476800
f 522/632/522 524/634/524 525/635/525
vt 0.9298510 0.8406630
vt 0.9364150 0.8402980
vt 0.9347770 0.8499170
f 526/636/526 527/637/527 528/638/528
vt 0.9312170 0.8500760
f 526/636/526 528/638/528 529/639/529
vt 0.9523770 0.8319700
vt 0.9584470 0.8291370
vt 0.9590220 0.8369670
f 530/640/530 531/641/531 532/642/532
vt 0.9554820 0.8381750
f 530/640/530 532/642/532 533/643/533
vt 0.9711470 0.8165680
vt 0.9747410 0.8118030
vt 0.9771560 0.8184370
f 534/644/534 535/645/535 536/646/536
vt 0.9746550 0.8200860
f 534/644/534 536/646/536 537/647/537
vt 0.9833950 0.7967300
vt 0.9863510 0.7919420
vt 0.9908350 0.7963950
f 538/648/538 539/649/539 540/650/540
vt 0.9893030 0.7988750
f 538/648/538 540/650/540 541/651/541
f 502/612/502 501/611/501 519/629/519
f 502/612/502 519/629/519 518/628/518
f 505/615/505 504/614/504 523/633/523
f 505/615/505 523/633/523 522/632/522
f 508/618/508 507/617/507 527/637/527
f 508/618/508 527/637/527 526/636/526
f 511/621/511 510/620/510 531/641/531
f 511/621/511 531/641/531 530/640/530
f 514/624/514 513/623/513 535/645/535
f 514/624/514 535/645/535 534/644/534
f 517/627/517 516/626/516 539/649/539
f 517/627/517 539/649/539 538/648/538
vt 0.9705770 0.7630600
f 542/652/542 479/589/479 478/588/478
vt 0.9625630 0.7569090
f 542/652/542 478/588/478 543/653/543
f 483/593/483 482/592/482 515/625/515
f 483/593/483 515/625/515 512/622/512
f 485/595/485 483/593/483 512/622/512
f 485/595/485 512/622/512 509/619/509
f 487/597/487 485/595/485 509/619/509
f 487/597/487 509/619/509 506/616/506
f 489/599/489 487/597/487 506/616/506
f 489/599/489 506/616/506 503/613/503
f 491/601/491 489/599/489 503/613/503
f 491/601/491 503/613/503 500/610/500
f 493/603/493 491/601/491 500/610/500
f 493/603/493 500/610/500 499/609/499
f 496/606/496 493/603/493 499/609/499
vt 0.8864550 0.8050420
f 496/606/496 499/609/499 544/654/544
f 497/607/497 496/606/496 544/654/544
vt 0.8781180 0.8034980
f 497/607/497 544/654/544 545/655/545
f 482/592/482 479/589/479 542/652/542
f 482/592/482 542/652/542 515/625/515
f 480/590/480 479/589/479 482/592/482
f 480/590/480 482/592/482 481/591/481
vt 0.9006500 0.7875960
vt 0.9173430 0.7824460
f 547/656/547 546/657/546 492/602/492
f 547/656/547 492/602/492 494/604/494
vt 0.8862340 0.7943990
f 550/658/550 547/656/547 494/604/494
f 550/658/550 494/604/494 495/605/495
vt 0.8768110 0.7984270
f 548/659/548 550/658/550 495/605/495
f 548/659/548 495/605/495 498/608/498
vt 0.8741920 0.8017900
f 549/660/549 548/659/548 498/608/498
f 549/660/549 498/608/498 497/607/497
vt 0.8765620 0.8047580
f 598/661/598 549/660/549 497/607/497
f 598/661/598 497/607/497 545/655/545
vt 0.8843660 0.8070880
f 597/662/597 598/661/598 545/655/545
f 597/662/597 545/655/545 544/654/544
vt 0.8900920 0.8094150
f 553/663/553 597/662/597 544/654/544
f 553/663/553 544/654/544 499/609/499
vt 0.8863610 0.8131560
f 554/664/554 553/663/553 499/609/499
f 554/664/554 499/609/499 502/612/502
vt 0.8800050 0.8190000
f 573/665/573 554/664/554 502/612/502
f 573/665/573 502/612/502 518/628/518
vt 0.8718510 0.8275350
f 572/666/572 573/665/573 518/628/518
f 572/666/572 518/628/518 521/631/521
vt 0.8765220 0.8325970
f 570/667/570 572/666/572 521/631/521
f 570/667/570 521/631/521 520/630/520
vt 0.8874820 0.8276400
f 571/668/571 570/667/570 520/630/520
f 571/668/571 520/630/520 519/629/519
vt 0.8967410 0.8219010
f 551/669/551 571/668/571 519/629/519
f 551/669/551 519/629/519 501/611/501
vt 0.9053960 0.8184220
f 552/670/552 551/669/551 501/611/501
f 552/670/552 501/611/501 500/610/500
vt 0.9056370 0.8252620
f 557/671/557 552/670/552 500/610/500
f 557/671/557 500/610/500 505/615/505
vt 0.9011190 0.8371640
f 577/672/577 557/671/557 505/615/505
f 577/672/577 505/615/505 522/632/522
vt 0.8975000 0.8498270
f 576/673/576 577/672/577 522/632/522
f 576/673/576 522/632/522 525/635/525
vt 0.9036990 0.8532750
f 574/674/574 576/673/576 525/635/525
f 574/674/574 525/635/525 524/634/524
vt 0.9111690 0.8428050
f 575/675/575 574/674/574 524/634/524
f 575/675/575 524/634/524 523/633/523
vt 0.9180720 0.8311890
f 555/676/555 575/675/575 523/633/523
f 555/676/555 523/633/523 504/614/504
vt 0.9239250 0.8259940
f 556/677/556 555/676/555 504/614/504
f 556/677/556 504/614/504 503/613/503
vt 0.9261070 0.8313630
f 560/678/560 556/677/556 503/613/503
f 560/678/560 503/613/503 508/618/508
vt 0.9266110 0.8417010
f 581/679/581 560/678/560 508/618/508
f 581/679/581 508/618/508 526/636/526
vt 0.9291500 0.8528970
f 580/680/580 581/679/581 526/636/526
f 580/680/580 526/636/526 529/639/529
vt 0.9369190 0.8525700
f 578/681/578 580/680/580 529/639/529
f 578/681/578 529/639/529 528/638/528
vt 0.9393360 0.8412350
f 579/682/579 578/681/578 528/638/528
f 579/682/579 528/638/528 527/637/527
vt 0.9403060 0.8317970
f 558/683/558 579/682/579 527/637/527
f 558/683/558 527/637/527 507/617/507
vt 0.9436080 0.8260060
f 559/684/559 558/683/558 507/617/507
f 559/684/559 507/617/507 506/616/506
vt 0.9476430 0.8280530
f 563/685/563 559/684/559 506/616/506
f 563/685/563 506/616/506 511/621/511
vt 0.9498600 0.8339740
f 585/686/585 563/685/563 511/621/511
f 585/686/585 511/621/511 530/640/530
vt 0.9548270 0.8415450
f 584/687/584 585/686/585 530/640/530
f 584/687/584 530/640/530 533/643/533
vt 0.9617410 0.8391400
f 582/688/582 584/687/584 533/643/533
f 582/688/582 533/643/533 532/642/532
vt 0.9614760 0.8294010
f 583/689/583 582/688/582 532/642/532
f 583/689/583 532/642/532 531/641/531
vt 0.9605260 0.8222360
f 561/690/561 583/689/583 531/641/531
f 561/690/561 531/641/531 510/620/510
vt 0.9630910 0.8160350
f 562/691/562 561/690/561 510/620/510
f 562/691/562 510/620/510 509/619/509
vt 0.9670160 0.8163830
f 566/692/566 562/691/562 509/619/509
f 566/692/566 509/619/509 514/624/514
vt 0.9699330 0.8196180
f 589/693/589 566/692/566 514/624/514
f 589/693/589 514/624/514 534/644/534
vt 0.9752220 0.8230920
f 588/694/588 589/693/589 534/644/534
f 588/694/588 534/644/534 537/647/537
vt 0.9802410 0.8197710
f 586/695/586 588/694/588 537/647/537
f 586/695/586 537/647/537 536/646/536
vt 0.9777530 0.8115750
f 587/696/587 586/695/586 536/646/536
f 587/696/587 536/646/536 535/645/535
vt 0.9760220 0.8055280
f 564/697/564 587/696/587 535/645/535
f 564/697/564 535/645/535 513/623/513
vt 0.9773040 0.7987000
f 565/698/565 564/697/564 513/623/513
f 565/698/565 513/623/513 512/622/512
vt 0.9793990 0.7988670
f 569/699/569 565/698/565 512/622/512
f 569/699/569 512/622/512 517/627/517
vt 0.9833880 0.8000080
f 593/700/593 569/699/569 517/627/517
f 593/700/593 517/627/517 538/648/538
vt 0.9910390 0.8015930
f 592/701/592 593/700/593 538/648/538
f 592/701/592 538/648/538 541/651/541
vt 0.9940960 0.7969680
f 590/702/590 592/701/592 541/651/541
f 590/702/590 541/651/541 540/650/540
vt 0.9888000 0.7900880
f 591/703/591 590/702/590 540/650/540
f 591/703/591 540/650/540 539/649/539
vt 0.9848990 0.7848920
f 567/704/567 591/703/591 539/649/539
f 567/704/567 539/649/539 516/626/516
vt 0.9813020 0.7732130
f 568/705/568 567/704/567 516/626/516
f 568/705/568 516/626/516 515/625/515
vt 0.9745700 0.7590350
f 542/652/542 596/706/596 568/705/568
f 542/652/542 568/705/568 515/625/515
vt 0.9646220 0.7524600
f 594/707/594 596/706/596 542/652/542
f 594/707/594 542/652/542 543/653/543
vt 0.9531840 0.7518600
f 595/708/595 594/707/594 543/653/543
f 595/708/595 543/653/543 478/588/478
vt 0.3744590 0.4704730
vt 0.3691090 0.4989400
f 603/709/603 602/710/602 245/335/245
f 603/709/603 245/335/245 244/334/244
f 602/710/602 605/422/605 250/341/250
f 602/710/602 250/341/250 245/335/245
vt 0.3669420 0.4401230
f 607/711/607 603/709/603 244/334/244
f 607/711/607 244/334/244 255/347/255
vt 0.3616870 0.4134850
f 609/712/609 607/711/607 255/347/255
f 609/712/609 255/347/255 260/353/260
vt 0.3642770 0.3894270
f 611/713/611 609/712/609 260/353/260
f 611/713/611 260/353/260 265/359/265
vt 0.3813620 0.3594400
f 613/714/613 611/713/611 265/359/265
f 613/714/613 265/359/265 270/365/270
vt 0.3204850 0.0534300
vt 0.3651420 0.1069520
f 618/715/618 617/716/617 292/390/292
f 618/715/618 292/390/292 112/145/112
vt 0.1061750 0.0384300
vt 0.1413240 0.0361530
f 621/717/621 109/718/109 108/146/108
f 621/717/621 108/146/108 299/405/299
vt 0.0505360 0.0815140
f 623/719/623 621/717/621 299/405/299
f 623/719/623 299/405/299 306/407/306
vt 0.0039890 0.2018270
vt 0.0203280 0.1317890
f 626/720/626 625/721/625 310/411/310
f 626/720/626 310/411/310 315/417/315
vt 0.0105760 0.2640330
f 628/722/628 626/720/626 315/417/315
f 628/722/628 315/417/315 318/421/318
vt 0.6059820 0.8444650
f 618/723/618 112/113/112 110/111/110
vt 0.4065450 0.3228410
f 630/724/630 613/714/613 270/365/270
f 630/724/630 270/365/270 275/371/275
vt 0.4237880 0.2739560
f 631/725/631 630/724/630 275/371/275
f 631/725/631 275/371/275 280/377/280
vt 0.4001530 0.1639070
vt 0.4205660 0.2160210
f 633/726/633 632/727/632 287/385/287
f 633/726/633 287/385/287 288/386/288
f 625/721/625 623/719/623 306/407/306
f 625/721/625 306/407/306 310/411/310
f 632/727/632 631/725/631 280/377/280
f 632/727/632 280/377/280 287/385/287
f 617/716/617 633/726/633 288/386/288
f 617/716/617 288/386/288 292/390/292
vt 0.1634880 0.0089780
f 621/717/621 599/728/599 109/718/109
f 629/423/629 604/337/604 246/336/246
f 629/423/629 246/336/246 319/424/319
f 599/110/599 618/723/618 110/111/110
vt 1.9655200 0.9451090
vt 1.9589250 0.9390030
vt 1.9302599 0.9514290
f 635/729/635 638/730/638 637/731/637
vt 1.9306099 0.9604090
f 635/729/635 637/731/637 636/732/636
vt 1.9011869 0.9399640
f 636/732/636 637/731/637 640/733/640
vt 1.8950830 0.9465620
f 636/732/636 640/733/640 639/734/639
vt 1.8887230 0.9112830
f 639/734/639 640/733/640 642/735/642
vt 1.8797410 0.9116340
f 639/734/639 642/735/642 641/736/641
vt 1.9002020 0.8821690
f 641/736/641 642/735/642 644/737/644
vt 1.8936050 0.8760690
f 641/736/641 644/737/644 643/738/643
vt 1.9289230 0.8697220
f 643/738/643 644/737/644 646/739/646
vt 1.9285721 0.8607410
f 643/738/643 646/739/646 645/740/645
vt 1.9580200 0.8812370
f 645/740/645 646/739/646 648/741/648
vt 1.9641280 0.8746450
f 645/740/645 648/741/648 647/742/647
vt 1.9704330 0.9099430
f 647/742/647 648/741/648 650/743/650
vt 1.9794120 0.9096030
f 647/742/647 650/743/650 649/744/649
f 649/744/649 650/743/650 638/730/638
f 649/744/649 638/730/638 635/729/635
vt 1.9506220 0.9311840
vt 1.9299150 0.9400260
f 638/730/638 652/745/652 651/746/651
f 638/730/638 651/746/651 637/731/637
vt 1.9090080 0.9316640
f 637/731/637 651/746/651 653/747/653
f 637/731/637 653/747/653 640/733/640
vt 1.9001180 0.9109450
f 640/733/640 653/747/653 654/748/654
f 640/733/640 654/748/654 642/735/642
vt 1.9084980 0.8899820
f 642/735/642 654/748/654 655/749/655
f 642/735/642 655/749/655 644/737/644
vt 1.9292710 0.8811170
f 644/737/644 655/749/655 656/750/656
f 644/737/644 656/750/656 646/739/646
vt 1.9501981 0.8895340
f 646/739/646 656/750/656 657/751/657
f 646/739/646 657/751/657 648/741/648
vt 1.9590321 0.9102770
f 648/741/648 657/751/657 658/752/658
f 648/741/648 658/752/658 650/743/650
f 650/743/650 658/752/658 652/745/652
f 650/743/650 652/745/652 638/730/638
vt 1.9406830 0.9213940
vt 1.9297580 0.9261180
f 652/745/652 660/753/660 659/754/659
f 652/745/652 659/754/659 651/746/651
vt 1.9187220 0.9216560
f 651/746/651 659/754/659 661/755/661
f 651/746/651 661/755/661 653/747/653
vt 1.9140710 0.9107370
f 653/747/653 661/755/661 662/756/662
f 653/747/653 662/756/662 654/748/654
vt 1.9185290 0.8997830
f 654/748/654 662/756/662 663/757/663
f 654/748/654 663/757/663 655/749/655
vt 1.9293690 0.8950700
f 655/749/655 663/757/663 664/758/664
f 655/749/655 664/758/664 656/750/656
vt 1.9403861 0.8994560
f 656/750/656 664/758/664 665/759/665
f 656/750/656 665/759/665 657/751/657
vt 1.9450780 0.9103580
f 657/751/657 665/759/665 666/760/666
f 657/751/657 666/760/666 658/752/658
f 658/752/658 666/760/666 660/753/660
f 658/752/658 660/753/660 652/745/652
vt 1.9295820 0.9105970
f 660/753/660 667/761/667 659/754/659
f 659/754/659 667/761/667 661/755/661
f 661/755/661 667/761/667 662/756/662
f 662/756/662 667/761/667 663/757/663
f 663/757/663 667/761/667 664/758/664
f 664/758/664 667/761/667 665/759/665
f 665/759/665 667/761/667 666/760/666
f 666/760/666 667/761/667 660/753/660
vt 1.2970070 0.0492450
vt 1.3029521 0.0453950
vt 1.3014040 0.0427350
f 668/762/668 671/763/671 670/764/670
vt 1.2962390 0.0462700
f 668/762/668 670/764/670 669/765/669
vt 1.2988790 0.0406250
f 669/765/669 670/764/670 673/766/673
vt 1.2947260 0.0450360
f 669/765/669 673/766/673 672/767/672
vt 1.2941689 0.0388880
f 672/767/672 673/766/673 675/768/675
vt 1.2919689 0.0440730
f 672/767/672 675/768/675 674/769/674
vt 1.2892040 0.0377200
f 674/769/674 675/768/675 677/770/677
vt 1.2889870 0.0435770
f 674/769/674 677/770/677 676/771/676
vt 1.2846791 0.0371240
f 676/771/676 677/770/677 679/772/679
vt 1.2864690 0.0436950
f 676/771/676 679/772/679 678/773/678
vt 1.2800710 0.0376280
f 678/773/678 679/772/679 681/774/681
vt 1.2840040 0.0452160
f 678/773/678 681/774/681 680/775/680
vt 1.3081779 0.0390640
vt 1.3054800 0.0368100
f 671/763/671 683/776/683 682/777/682
f 671/763/671 682/777/682 670/764/670
vt 1.3021950 0.0344380
f 670/764/670 682/777/682 684/778/684
f 670/764/670 684/778/684 673/766/673
vt 1.2964820 0.0319410
f 673/766/673 684/778/684 685/779/685
f 673/766/673 685/779/685 675/768/675
vt 1.2901330 0.0292740
f 675/768/675 685/779/685 686/780/686
f 675/768/675 686/780/686 677/770/677
vt 1.2852240 0.0273380
f 677/770/677 686/780/686 687/781/687
f 677/770/677 687/781/687 679/772/679
vt 1.2808239 0.0265150
f 679/772/679 687/781/687 688/782/688
f 679/772/679 688/782/688 681/774/681
vt 1.3111140 0.0329670
vt 1.3078320 0.0309500
f 683/776/683 690/783/690 689/784/689
f 683/776/683 689/784/689 682/777/682
vt 1.3038419 0.0281980
f 682/777/682 689/784/689 691/785/691
f 682/777/682 691/785/691 684/778/684
vt 1.2987320 0.0250100
f 684/778/684 691/785/691 692/786/692
f 684/778/684 692/786/692 685/779/685
vt 1.2935920 0.0220000
f 685/779/685 692/786/692 693/787/693
f 685/779/685 693/787/693 686/780/686
vt 1.2889570 0.0189520
f 686/780/686 693/787/693 694/788/694
f 686/780/686 694/788/694 687/781/687
vt 1.2854990 0.0165740
f 687/781/687 694/788/694 695/789/695
f 687/781/687 695/789/695 688/782/688
vt 1.3122380 0.0281310
vt 1.3097330 0.0265950
f 690/783/690 697/790/697 696/791/696
f 690/783/690 696/791/696 689/784/689
vt 1.3059421 0.0232880
f 689/784/689 696/791/696 698/792/698
f 689/784/689 698/792/698 691/785/691
vt 1.3017991 0.0195700
f 691/785/691 698/792/698 699/793/699
f 691/785/691 699/793/699 692/786/692
vt 1.2984500 0.0162280
f 692/786/692 699/793/699 700/794/700
f 692/786/692 700/794/700 693/787/693
vt 1.2961490 0.0126540
f 693/787/693 700/794/700 701/795/701
f 693/787/693 701/795/701 694/788/694
vt 1.2939880 0.0080040
f 694/788/694 701/795/701 702/796/702
f 694/788/694 702/796/702 695/789/695
vt 1.3146620 0.0241660
vt 1.3125310 0.0229720
f 697/790/697 704/797/704 703/798/703
f 697/790/697 703/798/703 696/791/696
vt 1.3098910 0.0202830
f 696/791/696 703/798/703 705/799/705
f 696/791/696 705/799/705 698/792/698
vt 1.3067510 0.0165680
f 698/792/698 705/799/705 706/800/706
f 698/792/698 706/800/706 699/793/699
vt 1.3048230 0.0128920
f 699/793/699 706/800/706 707/801/707
f 699/793/699 707/801/707 700/794/700
vt 1.3038009 0.0092280
f 700/794/700 707/801/707 708/802/708
f 700/794/700 708/802/708 701/795/701
vt 1.3027540 0.0045560
f 701/795/701 708/802/708 709/803/709
f 701/795/701 709/803/709 702/796/702
vt 1.3183730 0.0207570
vt 1.3163910 0.0197630
f 704/797/704 711/804/711 710/805/710
f 704/797/704 710/805/710 703/798/703
vt 1.3145180 0.0177330
f 703/798/703 710/805/710 712/806/712
f 703/798/703 712/806/712 705/799/705
vt 1.3129140 0.0145540
f 705/799/705 712/806/712 713/807/713
f 705/799/705 713/807/713 706/800/706
vt 1.3119230 0.0109780
f 706/800/706 713/807/713 714/808/714
f 706/800/706 714/808/714 707/801/707
vt 1.3116130 0.0075350
f 707/801/707 714/808/714 715/809/715
f 707/801/707 715/809/715 708/802/708
vt 1.3121420 0.0039060
f 708/802/708 715/809/715 716/810/716
f 708/802/708 716/810/716 709/803/709
vt 1.3231829 0.0174600
vt 1.3214160 0.0167210
f 711/804/711 718/811/718 717/812/717
f 711/804/711 717/812/717 710/805/710
vt 1.3201840 0.0153830
f 710/805/710 717/812/717 719/813/719
f 710/805/710 719/813/719 712/806/712
vt 1.3194520 0.0130690
f 712/806/712 719/813/719 720/814/720
f 712/806/712 720/814/720 713/807/713
vt 1.3192919 0.0086630
f 713/807/713 720/814/720 721/815/721
f 713/807/713 721/815/721 714/808/714
f 714/808/714 721/815/721 715/809/715
vt 1.3201870 0.0043090
f 715/809/715 721/815/721 722/816/722
f 715/809/715 722/816/722 716/810/716
vt 1.3268620 0.0142430
f 717/812/717 718/811/718 724/817/724
vt 1.3253210 0.0139150
f 717/812/717 724/817/724 723/818/723
f 719/813/719 717/812/717 723/818/723
f 720/814/720 719/813/719 723/818/723
vt 1.3239810 0.0117410
f 720/814/720 723/818/723 725/819/725
f 721/815/721 720/814/720 725/819/725
vt 1.3246770 0.0085080
f 721/815/721 725/819/725 726/820/726
f 722/816/722 721/815/721 726/820/726
vt 1.3257360 0.0064780
f 722/816/722 726/820/726 727/821/727
vt 1.3280571 0.0110620
vt 1.3271520 0.0112550
f 724/817/724 729/822/729 728/823/728
f 724/817/724 728/823/728 723/818/723
f 726/820/726 728/823/728 729/822/729
f 726/820/726 729/822/729 727/821/727
f 728/823/728 725/819/725 723/818/723
f 728/823/728 726/820/726 725/819/725
vt 1.2909350 0.0468250
vt 1.2899810 0.0492900
f 669/765/669 731/824/731 730/825/730
f 669/765/669 730/825/730 668/762/668
f 731/824/731 678/773/678 680/775/680
f 731/824/731 680/775/680 730/825/730
f 674/769/674 731/824/731 669/765/669
f 674/769/674 669/765/669 672/767/672
f 676/771/676 678/773/678 731/824/731
f 676/771/676 731/824/731 674/769/674
vt 1.4965180 0.9070340
vt 1.5095381 0.9023000
vt 1.5028510 0.8794240
f 732/826/732 735/827/735 734/828/734
vt 1.4834830 0.8823070
f 732/826/732 734/828/734 733/829/733
vt 1.5253370 0.8983200
vt 1.5291820 0.8802750
f 735/827/735 737/830/737 736/831/736
f 735/827/735 736/831/736 734/828/734
vt 1.5343831 0.9092970
vt 1.5522470 0.8947560
f 737/830/737 739/832/739 738/833/738
f 737/830/737 738/833/738 736/831/736
vt 1.5389010 0.9224150
vt 1.5628240 0.9107130
f 739/832/739 741/834/741 740/835/740
f 739/832/739 740/835/740 738/833/738
vt 1.4983990 0.8583420
f 733/829/733 734/828/734 743/836/743
vt 1.4773310 0.8564690
f 733/829/733 743/836/743 742/837/742
vt 1.5335140 0.8597300
f 734/828/734 736/831/736 599/838/599
f 734/828/734 599/838/599 743/836/743
vt 1.5863060 0.8660000
f 736/831/736 738/833/738 744/839/744
f 736/831/736 744/839/744 599/838/599
vt 1.5905440 0.8979150
f 738/833/738 740/835/740 745/840/745
f 738/833/738 745/840/745 744/839/744
vt 1.6274060 0.8782440
f 744/839/744 745/840/745 746/841/746
vt 1.5191050 0.9182480
f 739/832/739 737/830/737 747/842/747
f 737/830/737 735/827/735 747/842/747
vt 1.1793000 0.0261090
vt 1.1592460 0.0462340
vt 1.1760890 0.0547640
f 748/843/748 751/844/751 750/845/750
vt 1.1900420 0.0352030
f 748/843/748 750/845/750 749/846/749
vt 1.2021610 0.0627760
f 749/846/749 750/845/750 753/847/753
vt 1.2027800 0.0445030
f 749/846/749 753/847/753 752/848/752
vt 1.2246480 0.0575370
f 752/848/752 753/847/753 755/849/755
vt 1.2145081 0.0363800
f 752/848/752 755/849/755 754/850/754
vt 1.2400510 0.0445070
f 754/850/754 755/849/755 757/851/757
vt 1.2230650 0.0254960
f 754/850/754 757/851/757 756/852/756
vt 1.1396800 0.0748030
vt 1.1655040 0.0854660
f 751/844/751 759/853/759 758/854/758
f 751/844/751 758/854/758 750/845/750
vt 1.2036740 0.0908020
f 750/845/750 758/854/758 760/855/760
f 750/845/750 760/855/760 753/847/753
vt 1.2368530 0.0836620
f 753/847/753 760/855/760 761/856/761
f 753/847/753 761/856/761 755/849/755
vt 1.2592380 0.0694200
f 755/849/755 761/856/761 762/857/762
f 755/849/755 762/857/762 757/851/757
vt 1.1503880 0.1135420
vt 1.1742300 0.1173840
f 759/853/759 764/858/764 763/859/763
f 759/853/759 763/859/763 758/854/758
vt 1.2111890 0.1205560
f 758/854/758 763/859/763 765/860/765
f 758/854/758 765/860/765 760/855/760
vt 1.2523890 0.1151520
f 760/855/760 765/860/765 766/861/766
f 760/855/760 766/861/766 761/856/761
vt 1.2792820 0.0994980
f 761/856/761 766/861/766 767/862/767
f 761/856/761 767/862/767 762/857/762
vt 1.2341191 0.1551660
vt 1.2690940 0.1518170
f 765/860/765 769/863/769 768/864/768
f 765/860/765 768/864/768 766/861/766
vt 1.2995330 0.1435610
f 766/861/766 768/864/768 770/865/770
f 766/861/766 770/865/770 767/862/767
vt 1.2319630 0.1796440
vt 1.2811960 0.2008590
f 769/863/769 772/866/772 771/867/771
f 769/863/769 771/867/771 768/864/768
f 768/864/768 771/867/771 770/865/770
vt 1.2041759 0.0256740
vt 1.2050520 0.0130810
f 749/846/749 774/868/774 773/869/773
f 749/846/749 773/869/773 748/843/748
f 754/850/754 774/868/774 752/848/752
f 752/848/752 774/868/774 749/846/749
vt 1.2284991 0.0156160
f 741/870/741 756/852/756 757/851/757
vt 1.2511140 0.0332200
f 741/870/741 757/851/757 740/871/740
f 740/871/740 757/851/757 762/857/762
vt 1.2737230 0.0563330
f 740/871/740 762/857/762 745/872/745
f 745/872/745 762/857/762 767/862/767
vt 1.3010650 0.0898740
f 745/872/745 767/862/767 746/873/746
f 746/873/746 767/862/767 770/865/770
vt 1.1326700 0.0557230
f 742/874/742 759/853/759 751/844/751
vt 1.1508820 0.0365360
f 742/874/742 751/844/751 733/875/733
f 733/875/733 751/844/751 748/843/748
vt 1.1734000 0.0170860
f 733/875/733 748/843/748 732/876/732
f 756/852/756 773/869/773 774/868/774
f 756/852/756 774/868/774 754/850/754
vt 1.5180610 0.9314230
f 739/832/739 747/842/747 775/877/775
f 739/832/739 775/877/775 741/834/741
f 735/827/735 732/826/732 775/877/775
f 735/827/735 775/877/775 747/842/747
vt 1.2055190 0.0039060
f 756/852/756 741/870/741 775/878/775
f 756/852/756 775/878/775 773/869/773
f 773/869/773 775/878/775 732/876/732
f 773/869/773 732/876/732 748/843/748
vt 1.1706690 0.8538810
vt 1.1797020 0.8325540
vt 1.1567860 0.8231260
f 776/879/776 779/880/779 778/881/778
vt 1.1512680 0.8375970
f 776/879/776 778/881/778 777/882/777
vt 1.1397810 0.8151510
vt 1.1351470 0.8276350
f 778/881/778 781/883/781 780/884/780
f 778/881/778 780/884/780 777/882/777
vt 1.1235840 0.8064790
vt 1.1111090 0.7997480
vt 1.1039530 0.8134680
f 782/885/782 785/886/785 784/887/784
vt 1.1183259 0.8218880
f 782/885/782 784/887/784 783/888/783
vt 1.1003460 0.8223890
vt 1.1098520 0.8247760
f 784/887/784 787/889/787 786/890/786
f 784/887/784 786/890/786 783/888/783
vt 1.1000140 0.8302650
vt 1.1077150 0.8312570
f 787/889/787 789/891/789 788/892/788
f 787/889/787 788/892/788 786/890/786
vt 1.1046320 0.8395560
vt 1.1089441 0.8383460
f 789/891/789 791/893/791 790/894/790
f 789/891/789 790/894/790 788/892/788
vt 1.1006610 0.7908500
vt 1.0915750 0.7781860
vt 1.0820160 0.7949560
f 792/895/792 795/896/795 794/897/794
vt 1.0933920 0.8039400
f 792/895/792 794/897/794 793/898/793
vt 1.0852960 0.7650370
vt 1.0693010 0.7743550
f 795/896/795 797/899/797 796/900/796
f 795/896/795 796/900/796 794/897/794
vt 1.0825850 0.7483610
vt 1.0624040 0.7485060
f 797/899/797 799/901/799 798/902/798
f 797/899/797 798/902/798 796/900/796
vt 1.0895420 0.7313130
vt 1.0782340 0.7262140
f 799/901/799 801/903/801 800/904/800
f 799/901/799 800/904/800 798/902/798
vt 1.1023890 0.7122050
vt 1.0979470 0.7097390
f 801/903/801 803/905/803 802/906/802
f 801/903/801 802/906/802 800/904/800
vt 1.0567530 0.7760620
vt 1.0632050 0.7853520
f 796/900/796 805/907/805 804/908/804
f 796/900/796 804/908/804 794/897/794
vt 1.0433580 0.7872140
vt 1.0459909 0.7910020
f 805/907/805 807/909/807 806/910/806
f 805/907/805 806/910/806 804/908/804
f 785/886/785 792/895/792 793/898/793
f 785/886/785 793/898/793 784/887/784
vt 1.1930079 0.9314960
vt 1.2052310 0.9141390
vt 1.1970520 0.9009200
f 808/911/808 811/912/811 810/913/810
vt 1.1771430 0.9147920
f 808/911/808 810/913/810 809/914/809
vt 1.2192910 0.9009020
f 810/913/810 811/912/811 813/915/813
vt 1.2118350 0.8895470
f 810/913/810 813/915/813 812/916/812
vt 1.2257030 0.8776660
vt 1.2348760 0.8916490
vt 1.2467960 0.8805940
f 814/917/814 817/918/817 816/919/816
vt 1.2364230 0.8685690
f 814/917/814 816/919/816 815/920/815
vt 1.3383940 0.8637850
vt 1.3378150 0.8462180
vt 1.3289050 0.8517930
f 816/921/816 817/922/817 819/923/819
vt 1.3280160 0.8616290
f 816/921/816 819/923/819 818/924/818
vt 1.3209720 0.8521760
f 818/924/818 819/923/819 821/925/821
vt 1.3205540 0.8597570
f 818/924/818 821/925/821 820/926/820
vt 1.3132900 0.8518450
f 820/926/820 821/925/821 823/927/823
vt 1.3125920 0.8554400
f 820/926/820 823/927/823 822/928/822
vt 1.2441120 0.8582540
vt 1.2541230 0.8700230
vt 1.2651800 0.8595660
f 824/929/824 827/930/827 826/931/826
vt 1.2528350 0.8456430
f 824/929/824 826/931/826 825/932/825
vt 1.2765930 0.8369890
f 825/932/825 826/931/826 829/933/829
vt 1.2579490 0.8318420
f 825/932/825 829/933/829 828/934/828
vt 1.2782450 0.8120890
f 828/934/828 829/933/829 831/935/831
vt 1.2582450 0.8162820
f 828/934/828 831/935/831 830/936/830
vt 1.2172440 0.7409970
vt 1.2302300 0.7262590
vt 1.2079999 0.7158310
f 832/937/832 835/938/835 834/939/834
vt 1.2014771 0.7266850
f 832/937/832 834/939/834 833/940/833
vt 1.1823270 0.7102260
f 833/940/833 834/939/834 837/941/837
vt 1.1804349 0.7137640
f 833/940/833 837/941/837 836/942/836
vt 1.1785229 0.9913640
vt 1.2010469 0.9791320
vt 1.1791470 0.9754410
f 838/943/838 841/944/841 840/945/840
vt 1.1686720 0.9807930
f 838/943/838 840/945/840 839/946/839
vt 1.1641550 0.9646170
f 839/946/839 840/945/840 843/947/843
vt 1.1610870 0.9667450
f 839/946/839 843/947/843 842/948/842
f 815/920/815 816/919/816 827/930/827
f 815/920/815 827/930/827 824/929/824
vt 1.1694980 0.7975350
vt 1.1783530 0.8022320
vt 1.1805680 0.7769990
f 808/949/808 776/950/776 777/951/777
vt 1.1727470 0.7765550
f 808/949/808 777/951/777 811/952/811
vt 1.1992930 0.8531650
vt 1.1910360 0.8518040
vt 1.1887780 0.8773170
f 810/953/810 778/954/778 779/955/779
vt 1.1970370 0.8781450
f 810/953/810 779/955/779 809/956/809
vt 1.1831080 0.7582210
f 811/952/811 777/951/777 780/957/780
vt 1.1752950 0.7574150
f 811/952/811 780/957/780 813/958/813
vt 1.1931920 0.8325150
f 781/959/781 778/954/778 810/953/810
vt 1.2015990 0.8340220
f 781/959/781 810/953/810 812/960/812
vt 1.2066200 0.8009890
vt 1.1968330 0.7990980
vt 1.1952900 0.8136540
f 815/961/815 785/962/785 782/963/782
vt 1.2038320 0.8152670
f 815/961/815 782/963/782 814/964/814
vt 1.3335750 0.8394300
vt 1.3258890 0.8439960
f 817/922/817 783/965/783 786/966/786
f 817/922/817 786/966/786 819/923/819
vt 1.3252290 0.8691700
vt 1.3349040 0.8714720
f 818/924/818 787/967/787 784/968/784
f 818/924/818 784/968/784 816/921/816
vt 1.3197100 0.8472240
f 819/923/819 786/966/786 788/969/788
f 819/923/819 788/969/788 821/925/821
vt 1.3176980 0.8650760
f 820/926/820 789/970/789 787/967/787
f 820/926/820 787/967/787 818/924/818
vt 1.3124650 0.8504310
f 821/925/821 788/969/788 790/971/790
f 821/925/821 790/971/790 823/927/823
vt 1.3109280 0.8564410
f 823/927/823 790/971/790 791/972/791
f 823/927/823 791/972/791 822/928/822
f 822/928/822 791/972/791 789/970/789
f 822/928/822 789/970/789 820/926/820
vt 1.0530560 0.9213800
vt 1.0595860 0.9291230
vt 1.0730460 0.9237410
f 827/973/827 793/974/793 794/975/794
vt 1.0683399 0.9169340
f 827/973/827 794/975/794 841/976/841
vt 1.2106270 0.7715630
vt 1.2005690 0.7691690
vt 1.1990850 0.7850940
f 844/977/844 795/978/795 792/979/792
vt 1.2108920 0.7884000
f 844/977/844 792/979/792 824/980/824
vt 1.2167341 0.7577140
vt 1.2039191 0.7555330
f 845/981/845 797/982/797 795/978/795
f 845/981/845 795/978/795 844/977/844
vt 1.0433580 0.8804680
vt 1.0552930 0.8860070
vt 1.0654060 0.8612420
f 838/983/838 796/984/796 798/985/798
vt 1.0572340 0.8596500
f 838/983/838 798/985/798 835/986/835
vt 1.2070020 0.7419740
f 832/937/832 799/987/799 797/982/797
f 832/937/832 797/982/797 845/981/845
vt 1.0756480 0.8358890
f 835/986/835 798/985/798 800/988/800
vt 1.0671300 0.8331650
f 835/986/835 800/988/800 834/989/834
vt 1.1945050 0.7315070
f 833/940/833 801/990/801 799/987/799
f 833/940/833 799/987/799 832/937/832
vt 1.0851580 0.8120250
f 834/989/834 800/988/800 802/991/802
vt 1.0813780 0.8111450
f 834/989/834 802/991/802 837/992/837
vt 1.1776110 0.7097390
vt 1.1771430 0.7159840
f 837/941/837 802/993/802 803/994/803
f 837/941/837 803/994/803 836/942/836
f 836/942/836 803/994/803 801/990/801
f 836/942/836 801/990/801 833/940/833
vt 1.2016120 0.9709340
vt 1.1813670 0.9678420
f 841/944/841 794/995/794 804/996/804
f 841/944/841 804/996/804 840/945/840
vt 1.1615500 0.9839380
vt 1.1656440 0.9960940
f 839/946/839 805/997/805 796/998/796
f 839/946/839 796/998/796 838/943/838
vt 1.1639860 0.9616370
f 840/945/840 804/996/804 806/999/806
f 840/945/840 806/999/806 843/947/843
vt 1.1580310 0.9667980
f 843/947/843 806/999/806 807/1000/807
f 843/947/843 807/1000/807 842/948/842
f 842/948/842 807/1000/807 805/997/805
f 842/948/842 805/997/805 839/946/839
vt 1.0433580 0.9298290
vt 1.0474941 0.9366130
f 816/1001/816 784/1002/784 793/974/793
f 816/1001/816 793/974/793 827/973/827
f 824/980/824 792/979/792 785/962/785
f 824/980/824 785/962/785 815/961/815
vt 1.2292269 0.7465480
f 845/981/845 846/1003/846 832/937/832
vt 1.2372050 0.7290970
f 832/937/832 846/1003/846 847/1004/847
f 832/937/832 847/1004/847 835/938/835
vt 1.2853200 0.7168140
vt 1.2868010 0.7161400
vt 1.2888620 0.7113450
f 848/1005/848 851/1006/851 850/1007/850
vt 1.2866970 0.7112230
f 848/1005/848 850/1007/850 849/1008/849
vt 1.2261410 0.7639900
vt 1.2337410 0.7582050
f 845/981/845 828/1009/828 830/1010/830
f 845/981/845 830/1010/830 846/1003/846
vt 1.2729530 0.7644630
vt 1.2727700 0.7680870
vt 1.2792929 0.7619490
f 852/1011/852 855/1012/855 854/1013/854
vt 1.2759880 0.7589730
f 852/1011/852 854/1013/854 853/1014/853
vt 1.1064121 0.8860110
vt 1.1002710 0.8761560
vt 1.0820169 0.8931720
f 847/1015/847 831/1016/831 829/1017/829
vt 1.0877240 0.9017120
f 847/1015/847 829/1017/829 838/1018/838
vt 1.2506440 0.7529310
vt 1.2558531 0.7436460
f 846/1003/846 857/1019/857 856/1020/856
f 846/1003/846 856/1020/856 847/1004/847
vt 1.1289740 0.8692240
vt 1.1241400 0.8610440
f 847/1015/847 856/1021/856 858/1022/858
f 847/1015/847 858/1022/858 831/1016/831
vt 1.2581700 0.7922110
vt 1.2505710 0.7990980
f 831/935/831 858/1023/858 859/1024/859
f 831/935/831 859/1024/859 830/936/830
vt 1.2490040 0.7618770
f 830/1010/830 859/1025/859 857/1019/857
f 830/1010/830 857/1019/857 846/1003/846
f 857/1019/857 852/1011/852 853/1014/853
f 857/1019/857 853/1014/853 856/1020/856
vt 1.1521660 0.8572280
vt 1.1502510 0.8535370
f 856/1021/856 853/1026/853 854/1027/854
f 856/1021/856 854/1027/854 858/1022/858
vt 1.2341020 0.7796060
vt 1.2284460 0.7843110
f 858/1023/858 854/1028/854 855/1029/855
f 858/1023/858 855/1029/855 859/1024/859
f 859/1025/859 855/1012/855 852/1011/852
f 859/1025/859 852/1011/852 857/1019/857
vt 1.3146920 0.7672430
vt 1.3040340 0.7517290
vt 1.2901540 0.7589320
f 835/1030/835 861/1031/861 860/1032/860
vt 1.2929480 0.7818800
f 835/1030/835 860/1032/860 838/1033/838
vt 1.3440560 0.7447660
vt 1.3285010 0.7272440
vt 1.3234940 0.7360820
f 838/1034/838 860/1035/860 862/1036/862
vt 1.3121660 0.7459200
f 838/1034/838 862/1036/862 863/1037/863
vt 1.3238690 0.7607490
f 838/1034/838 863/1037/863 847/1038/847
f 847/1038/847 863/1037/863 861/1031/861
f 847/1038/847 861/1031/861 835/1030/835
vt 1.2945970 0.7359870
vt 1.2855400 0.7386800
f 861/1031/861 865/1039/865 864/1040/864
f 861/1031/861 864/1040/864 860/1032/860
vt 1.3105789 0.7174940
vt 1.3070920 0.7243080
f 860/1035/860 864/1041/864 866/1042/866
f 860/1035/860 866/1042/866 862/1036/862
vt 1.3005140 0.7315110
f 862/1036/862 866/1042/866 867/1043/867
f 862/1036/862 867/1043/867 863/1037/863
f 863/1037/863 867/1043/867 865/1039/865
f 863/1037/863 865/1039/865 861/1031/861
vt 1.2803479 0.7173480
f 865/1039/865 848/1005/848 849/1044/849
f 865/1039/865 849/1044/849 864/1040/864
vt 1.2899120 0.7097390
f 864/1041/864 849/1045/849 850/1007/850
f 864/1041/864 850/1007/850 866/1042/866
f 866/1042/866 850/1007/850 851/1006/851
f 866/1042/866 851/1006/851 867/1043/867
f 867/1043/867 851/1006/851 848/1005/848
f 867/1043/867 848/1005/848 865/1039/865
vt 1.2189790 0.7754550
f 824/980/824 825/1046/825 844/977/844
vt 1.0630120 0.9098700
f 841/976/841 826/1047/826 827/973/827
f 844/977/844 825/1046/825 828/1009/828
f 844/977/844 828/1009/828 845/981/845
f 838/1018/838 829/1017/829 826/1047/826
f 838/1018/838 826/1047/826 841/976/841
f 813/915/813 817/918/817 814/917/814
f 813/915/813 814/917/814 812/916/812
vt 1.1857550 0.7406430
vt 1.1779500 0.7394850
f 780/957/780 783/1048/783 817/1049/817
f 780/957/780 817/1049/817 813/958/813
f 781/883/781 782/885/782 783/888/783
f 781/883/781 783/888/783 780/884/780
f 814/964/814 782/963/782 781/959/781
f 814/964/814 781/959/781 812/960/812
vt 1.1998709 0.1432660
f 763/859/763 868/1050/868 769/863/769
f 763/859/763 769/863/769 765/860/765
vt 1.1813190 0.1547400
f 763/859/763 764/858/764 869/1051/869
f 763/859/763 869/1051/869 868/1050/868
f 868/1050/868 869/1051/869 772/866/772
f 868/1050/868 772/866/772 769/863/769
vt 1.2729850 0.4758280
vt 1.2562920 0.4850510
vt 1.2722580 0.5079800
f 870/1052/870 601/1053/601 600/1054/600
vt 1.2847240 0.4974090
f 870/1052/870 600/1054/600 871/1055/871
vt 1.2926660 0.4690760
f 872/1056/872 870/1052/870 871/1055/871
vt 1.2993910 0.4911350
f 872/1056/872 871/1055/871 873/1057/873
vt 1.3127210 0.4658360
f 874/1058/874 872/1056/872 873/1057/873
vt 1.3152610 0.4903550
f 874/1058/874 873/1057/873 875/1059/875
vt 1.3327301 0.4651210
f 876/1060/876 874/1058/874 875/1059/875
vt 1.3343689 0.4892440
f 876/1060/876 875/1059/875 877/1061/877
vt 1.3556989 0.4676450
f 878/1062/878 876/1060/876 877/1061/877
vt 1.3534590 0.4925500
f 878/1062/878 877/1061/877 879/1063/879
vt 1.2921240 0.5239550
f 871/1055/871 600/1054/600 604/1064/604
vt 1.2979130 0.5166180
f 871/1055/871 604/1064/604 880/1065/880
f 873/1057/873 871/1055/871 880/1065/880
vt 1.3058790 0.5047760
f 873/1057/873 880/1065/880 881/1066/881
f 875/1059/875 873/1057/873 881/1066/881
vt 1.3170210 0.5071450
f 875/1059/875 881/1066/881 882/1067/882
f 877/1061/877 875/1059/875 882/1067/882
vt 1.3292410 0.5030330
f 877/1061/877 882/1067/882 883/1068/883
f 879/1063/879 877/1061/877 883/1068/883
vt 1.3403341 0.5124830
f 879/1063/879 883/1068/883 884/1069/884
vt 1.2627290 0.4531330
vt 1.2465390 0.4595770
f 870/1052/870 885/1070/885 606/1071/606
f 870/1052/870 606/1071/606 601/1053/601
vt 1.2840630 0.4455220
f 872/1056/872 886/1072/886 885/1070/885
f 872/1056/872 885/1070/885 870/1052/870
vt 1.3069611 0.4405510
f 874/1058/874 887/1073/887 886/1072/886
f 874/1058/874 886/1072/886 872/1056/872
vt 1.3294240 0.4391070
f 876/1060/876 888/1074/888 887/1073/887
f 876/1060/876 887/1073/887 874/1058/874
vt 1.3494630 0.4399750
f 878/1062/878 889/1075/889 888/1074/888
f 878/1062/878 888/1074/888 876/1060/876
vt 1.2537810 0.4243650
vt 1.2377880 0.4295980
f 885/1070/885 890/1076/890 608/1077/608
f 885/1070/885 608/1077/608 606/1071/606
vt 1.2764130 0.4180480
f 886/1072/886 891/1078/891 890/1076/890
f 886/1072/886 890/1076/890 885/1070/885
vt 1.3002549 0.4133760
f 887/1073/887 892/1079/892 891/1078/891
f 887/1073/887 891/1078/891 886/1072/886
vt 1.3243051 0.4117180
f 888/1074/888 893/1080/893 892/1079/892
f 888/1074/888 892/1079/892 887/1073/887
vt 1.3451540 0.4123700
f 889/1075/889 894/1081/894 893/1080/893
f 889/1075/889 893/1080/893 888/1074/888
vt 1.2458810 0.3957980
vt 1.2293930 0.4015810
f 890/1076/890 895/1082/895 610/1083/610
f 890/1076/890 610/1083/610 608/1077/608
vt 1.2696830 0.3899140
f 891/1078/891 896/1084/896 895/1082/895
f 891/1078/891 895/1082/895 890/1076/890
vt 1.2943360 0.3856900
f 892/1079/892 897/1085/897 896/1084/896
f 892/1079/892 896/1084/896 891/1078/891
vt 1.3226310 0.3846730
f 893/1080/893 898/1086/898 897/1085/897
f 893/1080/893 897/1085/897 892/1079/892
vt 1.3468790 0.3860480
f 894/1081/894 899/1087/899 898/1086/898
f 894/1081/894 898/1086/898 893/1080/893
vt 1.2397580 0.3687040
vt 1.2207640 0.3770640
f 895/1082/895 900/1088/900 612/1089/612
f 895/1082/895 612/1089/612 610/1083/610
vt 1.2648890 0.3611400
f 896/1084/896 901/1090/901 900/1088/900
f 896/1084/896 900/1088/900 895/1082/895
vt 1.2972100 0.3560590
f 897/1085/897 902/1091/902 901/1090/901
f 897/1085/897 901/1090/901 896/1084/896
vt 1.3317790 0.3547220
f 898/1086/898 903/1092/903 902/1091/902
f 898/1086/898 902/1091/902 897/1085/897
vt 1.3610460 0.3543310
f 899/1087/899 904/1093/904 903/1092/903
f 899/1087/899 903/1092/903 898/1086/898
vt 1.2357219 0.3456140
vt 1.2129700 0.3587930
f 900/1088/900 905/1094/905 614/1095/614
f 900/1088/900 614/1095/614 612/1089/612
vt 1.2655680 0.3335170
f 901/1090/901 906/1096/906 905/1094/905
f 901/1090/901 905/1094/905 900/1088/900
vt 1.3059180 0.3254160
f 902/1091/902 907/1097/907 906/1096/906
f 902/1091/902 906/1096/906 901/1090/901
vt 1.3497601 0.3195320
f 903/1092/903 908/1098/908 907/1097/907
f 903/1092/903 907/1097/907 902/1091/902
vt 1.3813000 0.3185600
f 904/1093/904 909/1099/909 908/1098/908
f 904/1093/904 908/1098/908 903/1092/903
vt 1.2264060 0.3205240
vt 1.2018780 0.3406600
f 905/1094/905 910/1100/910 615/1101/615
f 905/1094/905 615/1101/615 614/1095/614
vt 1.2642720 0.2981270
f 906/1096/906 911/1102/911 910/1100/910
f 906/1096/906 910/1100/910 905/1094/905
vt 1.3132190 0.2908630
f 907/1097/907 912/1103/912 911/1102/911
f 907/1097/907 911/1102/911 906/1096/906
vt 1.3590900 0.2830720
f 908/1098/908 913/1104/913 912/1103/912
f 908/1098/908 912/1103/912 907/1097/907
vt 1.3940350 0.2748170
f 909/1099/909 914/1105/914 913/1104/913
f 909/1099/909 913/1104/913 908/1098/908
vt 1.2098100 0.2964420
vt 1.1855110 0.3244140
f 910/1100/910 915/1106/915 616/1107/616
f 910/1100/910 616/1107/616 615/1101/615
vt 1.2511780 0.2636990
f 911/1102/911 916/1108/916 915/1106/915
f 911/1102/911 915/1106/915 910/1100/910
vt 1.3127650 0.2614610
vt 1.3013610 0.2306460
f 917/1109/917 918/1110/918 916/1108/916
f 917/1109/917 916/1108/916 911/1102/911
vt 1.3566890 0.2393620
vt 1.3433440 0.1997180
f 919/1111/919 920/1112/920 918/1110/918
f 919/1111/919 918/1110/918 917/1109/917
vt 1.3930640 0.2241310
vt 1.3746819 0.1774320
f 921/1113/921 922/1114/922 920/1112/920
f 921/1113/921 920/1112/920 919/1111/919
vt 1.2317120 0.2435370
vt 1.2046750 0.2276050
vt 1.1820760 0.2783730
f 923/1115/923 925/1116/925 924/1117/924
f 771/867/771 772/866/772 925/1116/925
f 771/867/771 925/1116/925 923/1115/923
vt 1.3402300 0.1274220
f 926/1118/926 746/873/746 770/865/770
vt 1.3151290 0.1574470
f 926/1118/926 770/865/770 927/1119/927
vt 1.1458710 0.2704700
vt 1.1374310 0.3061910
f 924/1117/924 928/1120/928 620/1121/620
vt 1.1635960 0.3126590
f 924/1117/924 620/1121/620 619/1122/619
vt 1.1694120 0.2208260
f 925/1116/925 929/1123/929 928/1120/928
f 925/1116/925 928/1120/928 924/1117/924
vt 1.1792140 0.1697010
f 772/866/772 930/1124/930 929/1123/929
f 772/866/772 929/1123/929 925/1116/925
vt 1.1465440 0.2275220
f 929/1123/929 931/1125/931 928/1120/928
vt 1.1466660 0.1697230
f 930/1124/930 932/1126/932 931/1125/931
f 930/1124/930 931/1125/931 929/1123/929
vt 1.1107960 0.2756870
vt 1.1104680 0.3062150
f 928/1120/928 934/1127/934 622/1128/622
f 928/1120/928 622/1128/622 620/1121/620
vt 1.1197250 0.2376050
f 931/1125/931 935/1129/935 934/1127/934
f 931/1125/931 934/1127/934 928/1120/928
vt 1.1067330 0.1871640
f 932/1126/932 936/1130/936 935/1129/935
f 932/1126/932 935/1129/935 931/1125/931
vt 1.1393700 0.1085060
vt 1.0891560 0.1341280
f 937/1131/937 938/1132/938 936/1130/936
f 937/1131/937 936/1130/936 932/1126/932
vt 1.1188090 0.0614540
vt 1.0665129 0.0953340
vt 1.1296190 0.0827790
f 933/1133/933 940/1134/940 939/1135/939
vt 1.0956900 0.2533320
f 935/1129/935 941/1136/941 934/1127/934
vt 1.0826989 0.2195840
f 936/1130/936 942/1137/942 941/1136/941
f 936/1130/936 941/1136/941 935/1129/935
vt 1.0619670 0.1760380
f 938/1132/938 943/1138/943 942/1137/942
f 938/1132/938 942/1137/942 936/1130/936
vt 1.0376970 0.1440340
f 940/1134/940 944/1139/944 943/1138/943
f 940/1134/940 943/1138/943 938/1132/938
vt 1.0783870 0.2901870
vt 1.0816240 0.3111810
f 934/1127/934 945/1140/945 624/1141/624
f 934/1127/934 624/1141/624 622/1128/622
vt 1.0713670 0.2694190
f 941/1136/941 946/1142/946 945/1140/945
f 941/1136/941 945/1140/945 934/1127/934
vt 1.0575670 0.2482860
f 942/1137/942 947/1143/947 946/1142/946
f 942/1137/942 946/1142/946 941/1136/941
vt 1.0424900 0.2259730
f 943/1138/943 948/1144/948 947/1143/947
f 943/1138/943 947/1143/947 942/1137/942
vt 1.0229690 0.2090060
f 944/1139/944 949/1145/949 948/1144/948
f 944/1139/944 948/1144/948 943/1138/943
vt 1.0498290 0.3111590
vt 1.0509940 0.3181780
f 945/1140/945 950/1146/950 627/1147/627
f 945/1140/945 627/1147/627 624/1141/624
vt 1.0381080 0.2919760
f 946/1142/946 951/1148/951 950/1146/950
f 946/1142/946 950/1146/950 945/1140/945
f 947/1143/947 951/1148/951 946/1142/946
f 948/1144/948 951/1148/951 947/1143/947
vt 1.0198100 0.2724400
f 949/1145/949 952/1149/952 951/1148/951
f 949/1145/949 951/1148/951 948/1144/948
f 912/1103/912 917/1109/917 911/1102/911
f 913/1104/913 919/1111/919 917/1109/917
f 913/1104/913 917/1109/917 912/1103/912
f 914/1105/914 921/1113/921 919/1111/919
f 914/1105/914 919/1111/919 913/1104/913
f 915/1106/915 924/1117/924 619/1122/619
f 915/1106/915 619/1122/619 616/1107/616
f 916/1108/916 923/1115/923 924/1117/924
f 916/1108/916 924/1117/924 915/1106/915
f 918/1110/918 771/867/771 923/1115/923
f 918/1110/918 923/1115/923 916/1108/916
f 920/1112/920 927/1119/927 771/867/771
f 920/1112/920 771/867/771 918/1110/918
f 922/1114/922 926/1118/926 927/1119/927
f 922/1114/922 927/1119/927 920/1112/920
f 927/1119/927 770/865/770 771/867/771
f 869/1051/869 930/1124/930 772/866/772
f 764/858/764 937/1131/937 932/1126/932
f 764/858/764 932/1126/932 930/1124/930
f 764/858/764 930/1124/930 869/1051/869
f 940/1134/940 938/1132/938 937/1131/937
f 940/1134/940 937/1131/937 939/1135/939
f 937/1131/937 764/858/764 759/853/759
f 937/1131/937 759/853/759 939/1135/939
f 933/1133/933 939/1135/939 759/853/759
f 933/1133/933 759/853/759 742/874/742
vt 1.3184160 0.5213240
vt 1.3183570 0.5308870
f 884/1069/884 953/1150/953 629/1151/629
vt 1.3487560 0.5211910
f 884/1069/884 629/1151/629 605/1152/605
f 882/1067/882 953/1150/953 884/1069/884
f 882/1067/882 884/1069/884 883/1068/883
f 881/1066/881 880/1065/880 953/1150/953
f 881/1066/881 953/1150/953 882/1067/882
vt 1.3708730 0.0797960
vt 1.3852340 0.1073370
vt 1.3997520 0.0920480
f 954/1153/954 957/1154/957 956/1155/956
vt 1.3815020 0.0695970
f 954/1153/954 956/1155/956 955/1156/955
vt 1.4139720 0.0594950
f 955/1156/955 956/1155/956 959/1157/959
vt 1.3950900 0.0552170
f 955/1156/955 959/1157/959 958/1158/958
vt 1.4252400 0.0271460
f 958/1158/958 959/1157/959 961/1159/961
vt 1.3898261 0.0362670
f 958/1158/958 961/1159/961 960/1160/960
vt 1.4176930 0.0069530
f 960/1160/960 961/1159/961 963/1161/963
vt 1.3810450 0.0249610
f 960/1160/960 963/1161/963 962/1162/962
vt 1.4078070 0.1372900
vt 1.4247169 0.1149420
f 957/1154/957 965/1163/965 964/1164/964
f 957/1154/957 964/1164/964 956/1155/956
vt 1.4435980 0.0742420
f 956/1155/956 964/1164/964 966/1165/966
f 956/1155/956 966/1165/966 959/1157/959
vt 1.4639870 0.0321100
f 959/1157/959 966/1165/966 967/1166/967
f 959/1157/959 967/1166/967 961/1159/961
vt 1.4662600 0.0039060
f 961/1159/961 967/1166/967 968/1167/968
f 961/1159/961 968/1167/968 963/1161/963
vt 1.4450040 0.1636610
vt 1.4567120 0.1364960
f 965/1163/965 970/1168/970 969/1169/969
f 965/1163/965 969/1169/969 964/1164/964
vt 1.4788330 0.0919970
f 964/1164/964 969/1169/969 971/1170/971
f 964/1164/964 971/1170/971 966/1165/966
vt 1.5000629 0.0467360
f 966/1165/966 971/1170/971 972/1171/972
f 966/1165/966 972/1171/972 967/1166/967
vt 1.5101780 0.0162240
f 967/1166/967 972/1171/972 973/1172/973
f 967/1166/967 973/1172/973 968/1167/968
vt 1.4906240 0.1780130
vt 1.4954910 0.1526090
f 970/1168/970 975/1173/975 974/1174/974
f 970/1168/970 974/1174/974 969/1169/969
vt 1.5140890 0.1097790
f 969/1169/969 974/1174/974 976/1175/976
f 969/1169/969 976/1175/976 971/1170/971
vt 1.5356770 0.0694840
f 971/1170/971 976/1175/976 977/1176/977
f 971/1170/971 977/1176/977 972/1171/972
vt 1.5530680 0.0453120
f 972/1171/972 977/1176/977 978/1177/978
f 972/1171/972 978/1177/978 973/1172/973
vt 1.5313480 0.1575560
vt 1.5445900 0.1252220
f 974/1174/974 980/1178/980 979/1179/979
f 974/1174/974 979/1179/979 976/1175/976
vt 1.5613600 0.0947010
f 976/1175/976 979/1179/979 981/1180/981
f 976/1175/976 981/1180/981 977/1176/977
vt 1.5780840 0.0785010
f 977/1176/977 981/1180/981 982/1181/982
f 977/1176/977 982/1181/982 978/1177/978
vt 1.5634969 0.1705800
vt 1.5564539 0.1507440
f 983/1182/983 985/1183/985 980/1178/980
vt 1.5349981 0.1813570
f 983/1182/983 980/1178/980 984/1184/984
vt 1.5691940 0.1367790
vt 1.5734611 0.1194700
f 979/1179/979 987/1185/987 986/1186/986
f 979/1179/979 986/1186/986 981/1180/981
vt 1.5886509 0.1229860
f 981/1180/981 986/1186/986 988/1187/988
f 981/1180/981 988/1187/988 982/1181/982
vt 1.3719310 0.0501500
vt 1.3589740 0.0462930
f 955/1156/955 990/1188/990 989/1189/989
f 955/1156/955 989/1189/989 954/1153/954
f 960/1160/960 962/1162/962 989/1189/989
f 960/1160/960 989/1189/989 990/1188/990
f 987/1185/987 985/1183/985 983/1182/983
vt 1.5825380 0.1456460
f 987/1185/987 983/1182/983 991/1190/991
f 991/1190/991 988/1187/988 986/1186/986
f 991/1190/991 986/1186/986 987/1185/987
f 960/1160/960 990/1188/990 958/1158/958
f 958/1158/958 990/1188/990 955/1156/955
f 975/1173/975 984/1184/984 980/1178/980
f 975/1173/975 980/1178/980 974/1174/974
f 980/1178/980 985/1183/985 987/1185/987
f 980/1178/980 987/1185/987 979/1179/979
vt 1.3787910 0.6641920
vt 1.3911110 0.6618320
vt 1.3886350 0.6492700
f 992/1191/992 993/1192/993 995/1193/995
vt 1.3733701 0.6546840
f 992/1191/992 995/1193/995 994/1194/994
vt 1.3843740 0.6394610
f 994/1194/994 995/1193/995 996/1195/996
vt 1.3550290 0.6939930
vt 1.3567110 0.7133720
vt 1.3651670 0.7127320
f 994/1196/994 996/1197/996 998/1198/998
vt 1.3627191 0.6980080
f 994/1196/994 998/1198/998 997/1199/997
vt 1.3704410 0.7104110
f 997/1199/997 998/1198/998 999/1200/999
vt 1.3741560 0.7058970
f 997/1199/997 999/1200/999 1001/1201/1001
vt 1.3672611 0.6924870
f 997/1199/997 1001/1201/1001 1000/1202/1000
vt 1.3773201 0.6983910
f 1000/1202/1000 1001/1201/1001 1002/1203/1002
vt 1.3806440 0.6890550
f 1000/1202/1000 1002/1203/1002 1004/1204/1004
vt 1.3705130 0.6785830
f 1000/1202/1000 1004/1204/1004 1003/1205/1003
vt 1.3844690 0.6812500
f 1003/1205/1003 1004/1204/1004 1005/1206/1005
vt 1.3887060 0.6752220
f 1003/1205/1003 1005/1206/1005 1007/1207/1007
vt 1.3784410 0.6711790
f 1003/1205/1003 1007/1207/1007 1006/1208/1006
vt 1.3909039 0.6703310
f 1006/1208/1006 1007/1207/1007 1008/1209/1008
f 1006/1208/1006 1008/1209/1008 993/1192/993
f 1006/1208/1006 993/1192/993 992/1191/992
vt 1.4053169 0.6621880
vt 1.4068880 0.6454340
f 993/1192/993 1009/1210/1009 1010/1211/1010
f 993/1192/993 1010/1211/1010 995/1193/995
vt 1.4002740 0.6320570
f 995/1193/995 1010/1211/1010 1011/1212/1011
f 995/1193/995 1011/1212/1011 996/1195/996
vt 1.3666810 0.7323530
vt 1.3752691 0.7261240
f 996/1197/996 1011/1213/1011 1012/1214/1012
f 996/1197/996 1012/1214/1012 998/1198/998
vt 1.3807050 0.7212810
f 998/1198/998 1012/1214/1012 1013/1215/1013
f 998/1198/998 1013/1215/1013 999/1200/999
vt 1.3850350 0.7158420
f 999/1200/999 1013/1215/1013 1014/1216/1014
f 999/1200/999 1014/1216/1014 1001/1201/1001
vt 1.3897690 0.7075300
f 1001/1201/1001 1014/1216/1014 1015/1217/1015
f 1001/1201/1001 1015/1217/1015 1002/1203/1002
vt 1.3942090 0.6967090
f 1002/1203/1002 1015/1217/1015 1016/1218/1016
f 1002/1203/1002 1016/1218/1016 1004/1204/1004
vt 1.3977050 0.6862750
f 1004/1204/1004 1016/1218/1016 1017/1219/1017
f 1004/1204/1004 1017/1219/1017 1005/1206/1005
vt 1.4006060 0.6781490
f 1005/1206/1005 1017/1219/1017 1018/1220/1018
f 1005/1206/1005 1018/1220/1018 1007/1207/1007
vt 1.4026541 0.6721800
f 1007/1207/1007 1018/1220/1018 1019/1221/1019
f 1007/1207/1007 1019/1221/1019 1008/1209/1008
f 1008/1209/1008 1019/1221/1019 1009/1210/1009
f 1008/1209/1008 1009/1210/1009 993/1192/993
vt 1.4180011 0.6661570
vt 1.4258510 0.6520360
f 1009/1210/1009 1020/1222/1020 1021/1223/1021
f 1009/1210/1009 1021/1223/1021 1010/1211/1010
vt 1.3813100 0.7447370
vt 1.3885159 0.7352350
f 1011/1213/1011 1023/1224/1023 1022/1225/1022
f 1011/1213/1011 1022/1225/1022 1012/1214/1012
vt 1.3928109 0.7289650
f 1012/1214/1012 1022/1225/1022 1024/1226/1024
f 1012/1214/1012 1024/1226/1024 1013/1215/1013
vt 1.3971390 0.7230380
f 1013/1215/1013 1024/1226/1024 1025/1227/1025
f 1013/1215/1013 1025/1227/1025 1014/1216/1014
vt 1.4027420 0.7142010
f 1014/1216/1014 1025/1227/1025 1026/1228/1026
f 1014/1216/1014 1026/1228/1026 1015/1217/1015
vt 1.4075000 0.7022810
f 1015/1217/1015 1026/1228/1026 1027/1229/1027
f 1015/1217/1015 1027/1229/1027 1016/1218/1016
vt 1.4098560 0.6906640
f 1016/1218/1016 1027/1229/1027 1028/1230/1028
f 1016/1218/1016 1028/1230/1028 1017/1219/1017
vt 1.4115270 0.6816520
f 1017/1219/1017 1028/1230/1028 1029/1231/1029
f 1017/1219/1017 1029/1231/1029 1018/1220/1018
vt 1.4131280 0.6753770
f 1018/1220/1018 1029/1231/1029 1030/1232/1030
f 1018/1220/1018 1030/1232/1030 1019/1221/1019
f 1019/1221/1019 1030/1232/1030 1020/1222/1020
f 1019/1221/1019 1020/1222/1020 1009/1210/1009
vt 1.4286990 0.6713940
vt 1.4392220 0.6603730
f 1020/1222/1020 1031/1233/1031 1032/1234/1032
f 1020/1222/1020 1032/1234/1032 1021/1223/1021
vt 1.4032060 0.7412160
f 1023/1224/1023 1033/1235/1033 1022/1225/1022
vt 1.4058141 0.7338550
f 1022/1225/1022 1033/1235/1033 1034/1236/1034
f 1022/1225/1022 1034/1236/1034 1024/1226/1024
vt 1.4095100 0.7274000
f 1024/1226/1024 1034/1236/1034 1035/1237/1035
f 1024/1226/1024 1035/1237/1035 1025/1227/1025
vt 1.4145050 0.7181590
f 1025/1227/1025 1035/1237/1035 1036/1238/1036
f 1025/1227/1025 1036/1238/1036 1026/1228/1026
vt 1.4182700 0.7068040
f 1026/1228/1026 1036/1238/1036 1037/1239/1037
f 1026/1228/1026 1037/1239/1037 1027/1229/1027
vt 1.4198000 0.6958090
f 1027/1229/1027 1037/1239/1037 1038/1240/1038
f 1027/1229/1027 1038/1240/1038 1028/1230/1028
vt 1.4212520 0.6866070
f 1028/1230/1028 1038/1240/1038 1039/1241/1039
f 1028/1230/1028 1039/1241/1039 1029/1231/1029
vt 1.4227710 0.6800690
f 1029/1231/1029 1039/1241/1039 1040/1242/1040
f 1029/1231/1029 1040/1242/1040 1030/1232/1030
f 1030/1232/1030 1040/1242/1040 1031/1233/1031
f 1030/1232/1030 1031/1233/1031 1020/1222/1020
vt 1.4378810 0.6775410
vt 1.4473650 0.6686020
f 1031/1233/1031 1041/1243/1041 1042/1244/1042
f 1031/1233/1031 1042/1244/1042 1032/1234/1032
vt 1.4187020 0.7412800
vt 1.4193190 0.7348200
f 1033/1235/1033 1044/1245/1044 1043/1246/1043
f 1033/1235/1033 1043/1246/1043 1034/1236/1034
vt 1.4216180 0.7288180
f 1034/1236/1034 1043/1246/1043 1045/1247/1045
f 1034/1236/1034 1045/1247/1045 1035/1237/1035
vt 1.4249890 0.7203340
f 1035/1237/1035 1045/1247/1045 1046/1248/1046
f 1035/1237/1035 1046/1248/1046 1036/1238/1036
vt 1.4286129 0.7052370
f 1036/1238/1036 1046/1248/1046 1047/1249/1047
f 1036/1238/1036 1047/1249/1047 1037/1239/1037
f 1037/1239/1037 1047/1249/1047 1038/1240/1038
vt 1.4300750 0.6917140
f 1038/1240/1038 1047/1249/1047 1048/1250/1048
f 1038/1240/1038 1048/1250/1048 1039/1241/1039
vt 1.4317060 0.6854700
f 1039/1241/1039 1048/1250/1048 1049/1251/1049
f 1039/1241/1039 1049/1251/1049 1040/1242/1040
f 1040/1242/1040 1049/1251/1049 1041/1243/1041
f 1040/1242/1040 1041/1243/1041 1031/1233/1031
vt 1.4449700 0.6834270
vt 1.4533540 0.6757870
f 1041/1243/1041 1050/1252/1050 1051/1253/1051
f 1041/1243/1041 1051/1253/1051 1042/1244/1042
vt 1.4307040 0.7335850
f 1044/1245/1044 1052/1254/1052 1043/1246/1043
vt 1.4316829 0.7281110
f 1043/1246/1043 1052/1254/1052 1053/1255/1053
f 1043/1246/1043 1053/1255/1053 1045/1247/1045
vt 1.4336610 0.7206670
f 1045/1247/1045 1053/1255/1053 1054/1256/1054
f 1045/1247/1045 1054/1256/1054 1046/1248/1046
vt 1.4360930 0.7076450
f 1046/1248/1046 1054/1256/1054 1055/1257/1055
f 1046/1248/1046 1055/1257/1055 1047/1249/1047
vt 1.4375890 0.6957490
f 1047/1249/1047 1055/1257/1055 1056/1258/1056
f 1047/1249/1047 1056/1258/1056 1048/1250/1048
vt 1.4392440 0.6903410
f 1048/1250/1048 1056/1258/1056 1057/1259/1057
f 1048/1250/1048 1057/1259/1057 1049/1251/1049
f 1049/1251/1049 1057/1259/1057 1050/1252/1050
f 1049/1251/1049 1050/1252/1050 1041/1243/1041
vt 1.4508990 0.6888060
vt 1.4579140 0.6823250
f 1050/1252/1050 1058/1260/1058 1059/1261/1059
f 1050/1252/1050 1059/1261/1059 1051/1253/1051
vt 1.4409250 0.7280590
f 1052/1254/1052 1060/1262/1060 1053/1255/1053
vt 1.4414930 0.7196660
f 1053/1255/1053 1060/1262/1060 1061/1263/1061
f 1053/1255/1053 1061/1263/1061 1054/1256/1054
vt 1.4428951 0.7086980
f 1054/1256/1054 1061/1263/1061 1062/1264/1062
f 1054/1256/1054 1062/1264/1062 1055/1257/1055
vt 1.4443140 0.6988190
f 1055/1257/1055 1062/1264/1062 1063/1265/1063
f 1055/1257/1055 1063/1265/1063 1056/1258/1056
vt 1.4459450 0.6945430
f 1056/1258/1056 1063/1265/1063 1064/1266/1064
f 1056/1258/1056 1064/1266/1064 1057/1259/1057
f 1057/1259/1057 1064/1266/1064 1058/1260/1058
f 1057/1259/1057 1058/1260/1058 1050/1252/1050
vt 1.4585890 0.6923630
f 1058/1260/1058 1065/1267/1065 1059/1261/1059
vt 1.4496330 0.7237970
vt 1.4492120 0.7177770
f 1060/1262/1060 1067/1268/1067 1066/1269/1066
f 1060/1262/1060 1066/1269/1066 1061/1263/1061
vt 1.4498700 0.7090880
f 1061/1263/1061 1066/1269/1066 1068/1270/1068
f 1061/1263/1061 1068/1270/1068 1062/1264/1062
vt 1.4510610 0.7015830
f 1062/1264/1062 1068/1270/1068 1069/1271/1069
f 1062/1264/1062 1069/1271/1069 1063/1265/1063
vt 1.4523180 0.6986370
f 1063/1265/1063 1069/1271/1069 1070/1272/1070
f 1063/1265/1063 1070/1272/1070 1064/1266/1064
f 1064/1266/1064 1070/1272/1070 1065/1267/1065
f 1064/1266/1064 1065/1267/1065 1058/1260/1058
vt 1.4575100 0.7196610
vt 1.4565320 0.7150610
f 1067/1268/1067 1073/1273/1073 1072/1274/1072
f 1067/1268/1067 1072/1274/1072 1066/1269/1066
vt 1.4568720 0.7088980
vt 1.4580940 0.7028570
f 1068/1270/1068 1074/1275/1074 1075/1276/1075
f 1068/1270/1068 1075/1276/1075 1069/1271/1069
f 1069/1271/1069 1075/1276/1075 1070/1272/1070
vt 1.4629620 0.6981840
f 1070/1272/1070 1075/1276/1075 1071/1277/1071
f 1070/1272/1070 1071/1277/1071 1065/1267/1065
vt 1.4645280 0.7134410
f 1073/1273/1073 1076/1278/1076 1072/1274/1072
vt 1.4642330 0.7087940
f 1072/1274/1072 1076/1278/1076 1077/1279/1077
f 1072/1274/1072 1077/1279/1077 1074/1275/1074
vt 1.4648620 0.7054400
f 1074/1275/1074 1077/1279/1077 1078/1280/1078
f 1074/1275/1074 1078/1280/1078 1075/1276/1075
vt 1.4680600 0.7022700
f 1075/1276/1075 1078/1280/1078 442/1281/442
f 1075/1276/1075 442/1281/442 1071/1277/1071
vt 1.3688890 0.6664730
f 994/1194/994 1079/1282/1079 992/1191/992
vt 1.3610620 0.6847350
f 997/1199/997 1079/1283/1079 994/1196/994
f 1000/1202/1000 1079/1283/1079 997/1199/997
f 1003/1205/1003 1079/1283/1079 1000/1202/1000
f 1006/1208/1006 1079/1282/1079 1003/1205/1003
f 992/1191/992 1079/1282/1079 1006/1208/1006
f 1068/1270/1068 1066/1269/1066 1072/1274/1072
f 1068/1270/1068 1072/1274/1072 1074/1275/1074
vt 1.0083129 0.0895640
vt 1.0141309 0.0863320
vt 1.0114959 0.0837760
f 1080/1284/1080 1083/1285/1083 1082/1286/1082
vt 1.0061940 0.0862970
f 1080/1284/1080 1082/1286/1082 1081/1287/1081
vt 1.0095370 0.0811890
f 1081/1287/1081 1082/1286/1082 1085/1288/1085
vt 1.0047480 0.0828920
f 1081/1287/1081 1085/1288/1085 1084/1289/1084
vt 1.0039060 0.0793120
f 1084/1289/1084 1085/1288/1085 1086/1290/1086
vt 1.0106320 0.0926440
vt 1.0168450 0.0888210
f 454/1291/454 455/1292/455 1083/1285/1083
f 454/1291/454 1083/1285/1083 1080/1284/1080
vt 1.0198650 0.0818220
vt 1.0174260 0.0800730
f 1083/1285/1083 1088/1293/1088 1087/1294/1087
f 1083/1285/1083 1087/1294/1087 1082/1286/1082
vt 1.0152930 0.0780490
f 1082/1286/1082 1087/1294/1087 1089/1295/1089
f 1082/1286/1082 1089/1295/1089 1085/1288/1085
vt 1.0137630 0.0758490
f 1085/1288/1085 1089/1295/1089 1090/1296/1090
f 1085/1288/1085 1090/1296/1090 1086/1290/1086
vt 1.0128500 0.0732570
f 1086/1290/1086 1090/1296/1090 1092/1297/1092
vt 1.0077780 0.0749210
f 1086/1290/1086 1092/1297/1092 1091/1298/1091
vt 1.0121890 0.0702580
f 1091/1298/1091 1092/1297/1092 463/1299/463
vt 1.0071760 0.0710160
f 1091/1298/1091 463/1299/463 462/1300/462
vt 1.0225151 0.0833950
f 455/1292/455 464/1301/464 1088/1293/1088
f 455/1292/455 1088/1293/1088 1083/1285/1083
vt 1.0238310 0.0763450
f 1087/1294/1087 1088/1293/1088 1094/1302/1094
vt 1.0219460 0.0754870
f 1087/1294/1087 1094/1302/1094 1093/1303/1093
f 1089/1295/1089 1087/1294/1087 1093/1303/1093
vt 1.0202790 0.0742570
f 1089/1295/1089 1093/1303/1093 1095/1304/1095
f 1090/1296/1090 1089/1295/1089 1095/1304/1095
vt 1.0188850 0.0726940
f 1090/1296/1090 1095/1304/1095 1096/1305/1096
f 1092/1297/1092 1090/1296/1090 1096/1305/1096
vt 1.0178730 0.0708650
f 1092/1297/1092 1096/1305/1096 1097/1306/1097
f 463/1299/463 1092/1297/1092 1097/1306/1097
vt 1.0172991 0.0688480
f 463/1299/463 1097/1306/1097 470/1307/470
vt 1.0255140 0.0761690
f 1088/1293/1088 464/1301/464 634/1308/634
f 1088/1293/1088 634/1308/634 1094/1302/1094
vt 1.0249200 0.0703840
f 1093/1303/1093 1094/1302/1094 1098/1309/1098
f 1095/1304/1095 1093/1303/1093 1098/1309/1098
vt 1.0238260 0.0697700
f 1095/1304/1095 1098/1309/1098 1099/1310/1099
f 1096/1305/1096 1095/1304/1095 1099/1310/1099
f 1097/1306/1097 1096/1305/1096 1099/1310/1099
vt 1.0232770 0.0689250
f 1097/1306/1097 1099/1310/1099 1100/1311/1100
f 470/1307/470 1097/1306/1097 1100/1311/1100
vt 1.0231770 0.0682540
f 470/1307/470 1100/1311/1100 474/1312/474
vt 1.0258760 0.0703690
f 1094/1302/1094 634/1308/634 475/1313/475
f 1094/1302/1094 475/1313/475 1098/1309/1098
vt 1.0248110 0.0688340
f 1098/1309/1098 476/1314/476 1099/1310/1099
f 1099/1310/1099 476/1314/476 1100/1311/1100
f 1100/1311/1100 476/1314/476 474/1312/474
f 475/1313/475 476/1314/476 1098/1309/1098
vt 1.9474660 0.7609860
vt 1.9491750 0.7649490
vt 1.9579380 0.7613400
f 477/1315/477 1103/1316/1103 1102/1317/1102
vt 1.9527960 0.7548070
f 477/1315/477 1102/1317/1102 1101/1318/1101
vt 1.9507750 0.7727930
vt 1.9516211 0.7825770
vt 1.9615870 0.7885380
f 1104/1319/1104 1107/1320/1107 1106/1321/1106
vt 1.9634449 0.7743340
f 1104/1319/1104 1106/1321/1106 1105/1322/1105
vt 1.9470921 0.7931480
vt 1.9527030 0.8011850
f 1107/1320/1107 1109/1323/1109 1108/1324/1108
f 1107/1320/1107 1108/1324/1108 1106/1321/1106
vt 1.9368860 0.7967620
vt 1.9384770 0.8078120
f 1109/1323/1109 1111/1325/1111 1110/1326/1110
f 1109/1323/1109 1110/1326/1110 1108/1324/1108
vt 1.9276680 0.7938760
vt 1.9258090 0.8060400
f 1111/1325/1111 1113/1327/1113 1112/1328/1112
f 1111/1325/1111 1112/1328/1112 1110/1326/1110
vt 1.9203730 0.7894070
vt 1.9152430 0.8005450
f 1113/1327/1113 1115/1329/1115 1114/1330/1114
f 1113/1327/1113 1114/1330/1114 1112/1328/1112
vt 1.9022300 0.7937460
vt 1.8988000 0.8012810
f 1115/1329/1115 1117/1331/1117 1116/1332/1116
f 1115/1329/1115 1116/1332/1116 1114/1330/1114
vt 1.8879770 0.7978340
vt 1.8782670 0.7999350
vt 1.8761179 0.8018390
f 1118/1333/1118 1121/1334/1121 1120/1335/1120
vt 1.8868020 0.8016250
f 1118/1333/1118 1120/1335/1120 1119/1336/1119
vt 1.8949300 0.8081750
vt 1.8891040 0.8147290
vt 1.8960921 0.8189320
f 1122/1337/1122 1125/1338/1125 1124/1339/1124
vt 1.9087631 0.8120050
f 1122/1337/1122 1124/1339/1124 1123/1340/1123
vt 1.9090080 0.8249580
vt 1.9162960 0.8288530
f 1123/1340/1123 1128/1341/1128 1127/1342/1127
vt 1.9245880 0.8197340
f 1123/1340/1123 1127/1342/1127 1126/1343/1126
vt 1.9291210 0.8298240
vt 1.9377170 0.8304160
f 1126/1343/1126 1131/1344/1131 1130/1345/1130
vt 1.9417870 0.8197500
f 1126/1343/1126 1130/1345/1130 1129/1346/1129
vt 1.9491880 0.8256760
vt 1.9576750 0.8213440
f 1129/1346/1129 1134/1347/1134 1133/1348/1133
vt 1.9595100 0.8101270
f 1129/1346/1129 1133/1348/1133 1132/1349/1132
vt 1.9666770 0.8128710
vt 1.9729910 0.8051670
f 1132/1349/1132 1137/1350/1137 1136/1351/1136
vt 1.9731680 0.7944660
f 1132/1349/1132 1136/1351/1136 1135/1352/1135
vt 1.9787370 0.7954940
vt 1.9822770 0.7863620
f 1135/1352/1135 1140/1353/1140 1139/1354/1139
vt 1.9765280 0.7757120
f 1135/1352/1135 1139/1354/1139 1138/1355/1138
f 1117/1331/1117 1118/1333/1118 1119/1336/1119
f 1117/1331/1117 1119/1336/1119 1116/1332/1116
vt 1.8823431 0.8207750
vt 1.8753459 0.8273230
vt 1.8775769 0.8292470
f 1141/1356/1141 1144/1357/1144 1143/1358/1143
vt 1.8864310 0.8246730
f 1141/1356/1141 1143/1358/1143 1142/1359/1142
vt 1.9044200 0.8377220
vt 1.9007740 0.8476800
vt 1.9031950 0.8495680
f 1145/1360/1145 1148/1361/1148 1147/1362/1147
vt 1.9089210 0.8407200
f 1145/1360/1145 1147/1362/1147 1146/1363/1146
vt 1.9298511 0.8406630
vt 1.9312170 0.8500760
vt 1.9347770 0.8499170
f 1149/1364/1149 1152/1365/1152 1151/1366/1151
vt 1.9364150 0.8402980
f 1149/1364/1149 1151/1366/1151 1150/1367/1150
vt 1.9523770 0.8319700
vt 1.9554820 0.8381750
vt 1.9590220 0.8369670
f 1153/1368/1153 1156/1369/1156 1155/1370/1155
vt 1.9584470 0.8291370
f 1153/1368/1153 1155/1370/1155 1154/1371/1154
vt 1.9711469 0.8165680
vt 1.9746550 0.8200860
vt 1.9771560 0.8184370
f 1157/1372/1157 1160/1373/1160 1159/1374/1159
vt 1.9747410 0.8118030
f 1157/1372/1157 1159/1374/1159 1158/1375/1158
vt 1.9833950 0.7967300
vt 1.9893030 0.7988750
vt 1.9908350 0.7963950
f 1161/1376/1161 1164/1377/1164 1163/1378/1163
vt 1.9863510 0.7919420
f 1161/1376/1161 1163/1378/1163 1162/1379/1162
f 1125/1338/1125 1141/1356/1141 1142/1359/1142
f 1125/1338/1125 1142/1359/1142 1124/1339/1124
f 1128/1341/1128 1145/1360/1145 1146/1363/1146
f 1128/1341/1128 1146/1363/1146 1127/1342/1127
f 1131/1344/1131 1149/1364/1149 1150/1367/1150
f 1131/1344/1131 1150/1367/1150 1130/1345/1130
f 1134/1347/1134 1153/1368/1153 1154/1371/1154
f 1134/1347/1134 1154/1371/1154 1133/1348/1133
f 1137/1350/1137 1157/1372/1157 1158/1375/1158
f 1137/1350/1137 1158/1375/1158 1136/1351/1136
f 1140/1353/1140 1161/1376/1161 1162/1379/1162
f 1140/1353/1140 1162/1379/1162 1139/1354/1139
vt 1.9705770 0.7630600
vt 1.9625630 0.7569090
f 1165/1380/1165 1166/1381/1166 1101/1318/1101
f 1165/1380/1165 1101/1318/1101 1102/1317/1102
f 1106/1321/1106 1135/1352/1135 1138/1355/1138
f 1106/1321/1106 1138/1355/1138 1105/1322/1105
f 1108/1324/1108 1132/1349/1132 1135/1352/1135
f 1108/1324/1108 1135/1352/1135 1106/1321/1106
f 1110/1326/1110 1129/1346/1129 1132/1349/1132
f 1110/1326/1110 1132/1349/1132 1108/1324/1108
f 1112/1328/1112 1126/1343/1126 1129/1346/1129
f 1112/1328/1112 1129/1346/1129 1110/1326/1110
f 1114/1330/1114 1123/1340/1123 1126/1343/1126
f 1114/1330/1114 1126/1343/1126 1112/1328/1112
f 1116/1332/1116 1122/1337/1122 1123/1340/1123
f 1116/1332/1116 1123/1340/1123 1114/1330/1114
vt 1.8864551 0.8050420
f 1119/1336/1119 1167/1382/1167 1122/1337/1122
f 1119/1336/1119 1122/1337/1122 1116/1332/1116
vt 1.8781180 0.8034980
f 1120/1335/1120 1168/1383/1168 1167/1382/1167
f 1120/1335/1120 1167/1382/1167 1119/1336/1119
f 1105/1322/1105 1138/1355/1138 1165/1380/1165
f 1105/1322/1105 1165/1380/1165 1102/1317/1102
f 1103/1316/1103 1104/1319/1104 1105/1322/1105
f 1103/1316/1103 1105/1322/1105 1102/1317/1102
vt 1.9006500 0.7875960
f 547/1384/547 1117/1331/1117 1115/1329/1115
vt 1.9173430 0.7824460
f 547/1384/547 1115/1329/1115 546/1385/546
vt 1.8862340 0.7943990
f 550/1386/550 1118/1333/1118 1117/1331/1117
f 550/1386/550 1117/1331/1117 547/1384/547
vt 1.8768110 0.7984270
f 548/1387/548 1121/1334/1121 1118/1333/1118
f 548/1387/548 1118/1333/1118 550/1386/550
vt 1.8741920 0.8017900
f 549/1388/549 1120/1335/1120 1121/1334/1121
f 549/1388/549 1121/1334/1121 548/1387/548
vt 1.8765620 0.8047580
f 598/1389/598 1168/1383/1168 1120/1335/1120
f 598/1389/598 1120/1335/1120 549/1388/549
vt 1.8843660 0.8070880
f 597/1390/597 1167/1382/1167 1168/1383/1168
f 597/1390/597 1168/1383/1168 598/1389/598
vt 1.8900920 0.8094150
f 553/1391/553 1122/1337/1122 1167/1382/1167
f 553/1391/553 1167/1382/1167 597/1390/597
vt 1.8863610 0.8131560
f 554/1392/554 1125/1338/1125 1122/1337/1122
f 554/1392/554 1122/1337/1122 553/1391/553
vt 1.8800050 0.8190000
f 573/1393/573 1141/1356/1141 1125/1338/1125
f 573/1393/573 1125/1338/1125 554/1392/554
vt 1.8718510 0.8275350
f 572/1394/572 1144/1357/1144 1141/1356/1141
f 572/1394/572 1141/1356/1141 573/1393/573
vt 1.8765219 0.8325970
f 570/1395/570 1143/1358/1143 1144/1357/1144
f 570/1395/570 1144/1357/1144 572/1394/572
vt 1.8874820 0.8276400
f 571/1396/571 1142/1359/1142 1143/1358/1143
f 571/1396/571 1143/1358/1143 570/1395/570
vt 1.8967410 0.8219010
f 551/1397/551 1124/1339/1124 1142/1359/1142
f 551/1397/551 1142/1359/1142 571/1396/571
vt 1.9053960 0.8184220
f 552/1398/552 1123/1340/1123 1124/1339/1124
f 552/1398/552 1124/1339/1124 551/1397/551
vt 1.9056370 0.8252620
f 557/1399/557 1128/1341/1128 1123/1340/1123
f 557/1399/557 1123/1340/1123 552/1398/552
vt 1.9011190 0.8371640
f 577/1400/577 1145/1360/1145 1128/1341/1128
f 577/1400/577 1128/1341/1128 557/1399/557
vt 1.8975000 0.8498270
f 576/1401/576 1148/1361/1148 1145/1360/1145
f 576/1401/576 1145/1360/1145 577/1400/577
vt 1.9036990 0.8532750
f 574/1402/574 1147/1362/1147 1148/1361/1148
f 574/1402/574 1148/1361/1148 576/1401/576
vt 1.9111691 0.8428050
f 575/1403/575 1146/1363/1146 1147/1362/1147
f 575/1403/575 1147/1362/1147 574/1402/574
vt 1.9180720 0.8311890
f 555/1404/555 1127/1342/1127 1146/1363/1146
f 555/1404/555 1146/1363/1146 575/1403/575
vt 1.9239250 0.8259940
f 556/1405/556 1126/1343/1126 1127/1342/1127
f 556/1405/556 1127/1342/1127 555/1404/555
vt 1.9261070 0.8313630
f 560/1406/560 1131/1344/1131 1126/1343/1126
f 560/1406/560 1126/1343/1126 556/1405/556
vt 1.9266109 0.8417010
f 581/1407/581 1149/1364/1149 1131/1344/1131
f 581/1407/581 1131/1344/1131 560/1406/560
vt 1.9291500 0.8528970
f 580/1408/580 1152/1365/1152 1149/1364/1149
f 580/1408/580 1149/1364/1149 581/1407/581
vt 1.9369190 0.8525700
f 578/1409/578 1151/1366/1151 1152/1365/1152
f 578/1409/578 1152/1365/1152 580/1408/580
vt 1.9393359 0.8412350
f 579/1410/579 1150/1367/1150 1151/1366/1151
f 579/1410/579 1151/1366/1151 578/1409/578
vt 1.9403059 0.8317970
f 558/1411/558 1130/1345/1130 1150/1367/1150
f 558/1411/558 1150/1367/1150 579/1410/579
vt 1.9436080 0.8260060
f 559/1412/559 1129/1346/1129 1130/1345/1130
f 559/1412/559 1130/1345/1130 558/1411/558
vt 1.9476430 0.8280530
f 563/1413/563 1134/1347/1134 1129/1346/1129
f 563/1413/563 1129/1346/1129 559/1412/559
vt 1.9498600 0.8339740
f 585/1414/585 1153/1368/1153 1134/1347/1134
f 585/1414/585 1134/1347/1134 563/1413/563
vt 1.9548270 0.8415450
f 584/1415/584 1156/1369/1156 1153/1368/1153
f 584/1415/584 1153/1368/1153 585/1414/585
vt 1.9617410 0.8391400
f 582/1416/582 1155/1370/1155 1156/1369/1156
f 582/1416/582 1156/1369/1156 584/1415/584
vt 1.9614760 0.8294010
f 583/1417/583 1154/1371/1154 1155/1370/1155
f 583/1417/583 1155/1370/1155 582/1416/582
vt 1.9605260 0.8222360
f 561/1418/561 1133/1348/1133 1154/1371/1154
f 561/1418/561 1154/1371/1154 583/1417/583
vt 1.9630910 0.8160350
f 562/1419/562 1132/1349/1132 1133/1348/1133
f 562/1419/562 1133/1348/1133 561/1418/561
vt 1.9670160 0.8163830
f 566/1420/566 1137/1350/1137 1132/1349/1132
f 566/1420/566 1132/1349/1132 562/1419/562
vt 1.9699330 0.8196180
f 589/1421/589 1157/1372/1157 1137/1350/1137
f 589/1421/589 1137/1350/1137 566/1420/566
vt 1.9752220 0.8230920
f 588/1422/588 1160/1373/1160 1157/1372/1157
f 588/1422/588 1157/1372/1157 589/1421/589
vt 1.9802409 0.8197710
f 586/1423/586 1159/1374/1159 1160/1373/1160
f 586/1423/586 1160/1373/1160 588/1422/588
vt 1.9777530 0.8115750
f 587/1424/587 1158/1375/1158 1159/1374/1159
f 587/1424/587 1159/1374/1159 586/1423/586
vt 1.9760220 0.8055280
f 564/1425/564 1136/1351/1136 1158/1375/1158
f 564/1425/564 1158/1375/1158 587/1424/587
vt 1.9773040 0.7987000
f 565/1426/565 1135/1352/1135 1136/1351/1136
f 565/1426/565 1136/1351/1136 564/1425/564
vt 1.9793990 0.7988670
f 569/1427/569 1140/1353/1140 1135/1352/1135
f 569/1427/569 1135/1352/1135 565/1426/565
vt 1.9833879 0.8000080
f 593/1428/593 1161/1376/1161 1140/1353/1140
f 593/1428/593 1140/1353/1140 569/1427/569
vt 1.9910390 0.8015930
f 592/1429/592 1164/1377/1164 1161/1376/1161
f 592/1429/592 1161/1376/1161 593/1428/593
vt 1.9940960 0.7969680
f 590/1430/590 1163/1378/1163 1164/1377/1164
f 590/1430/590 1164/1377/1164 592/1429/592
vt 1.9888000 0.7900880
f 591/1431/591 1162/1379/1162 1163/1378/1163
f 591/1431/591 1163/1378/1163 590/1430/590
vt 1.9848990 0.7848920
f 567/1432/567 1139/1354/1139 1162/1379/1162
f 567/1432/567 1162/1379/1162 591/1431/591
vt 1.9813020 0.7732130
f 568/1433/568 1138/1355/1138 1139/1354/1139
f 568/1433/568 1139/1354/1139 567/1432/567
f 1165/1380/1165 1138/1355/1138 568/1433/568
vt 1.9745700 0.7590350
f 1165/1380/1165 568/1433/568 596/1434/596
vt 1.9646220 0.7524600
f 594/1435/594 1166/1381/1166 1165/1380/1165
f 594/1435/594 1165/1380/1165 596/1434/596
vt 1.9531840 0.7518600
f 595/1436/595 1101/1318/1101 1166/1381/1166
f 595/1436/595 1166/1381/1166 594/1435/594
vt 1.3744590 0.4704730
f 603/1437/603 878/1062/878 879/1063/879
vt 1.3691090 0.4989400
f 603/1437/603 879/1063/879 602/1438/602
f 602/1438/602 879/1063/879 884/1069/884
f 602/1438/602 884/1069/884 605/1152/605
vt 1.3669420 0.4401230
f 607/1439/607 889/1075/889 878/1062/878
f 607/1439/607 878/1062/878 603/1437/603
vt 1.3616869 0.4134850
f 609/1440/609 894/1081/894 889/1075/889
f 609/1440/609 889/1075/889 607/1439/607
vt 1.3642770 0.3894270
f 611/1441/611 899/1087/899 894/1081/894
f 611/1441/611 894/1081/894 609/1440/609
vt 1.3813620 0.3594400
f 613/1442/613 904/1093/904 899/1087/899
f 613/1442/613 899/1087/899 611/1441/611
vt 1.3204850 0.0534300
f 618/1443/618 746/873/746 926/1118/926
vt 1.3651420 0.1069520
f 618/1443/618 926/1118/926 617/1444/617
vt 1.1061749 0.0384300
f 621/1445/621 933/1133/933 742/874/742
vt 1.1413240 0.0361530
f 621/1445/621 742/874/742 743/1446/743
vt 1.0505360 0.0815140
f 623/1447/623 940/1134/940 933/1133/933
f 623/1447/623 933/1133/933 621/1445/621
vt 1.0039890 0.2018270
f 626/1448/626 949/1145/949 944/1139/944
vt 1.0203280 0.1317890
f 626/1448/626 944/1139/944 625/1449/625
vt 1.0105760 0.2640330
f 628/1450/628 952/1149/952 949/1145/949
f 628/1450/628 949/1145/949 626/1448/626
vt 1.6059819 0.8444650
f 618/1451/618 744/839/744 746/841/746
vt 1.4065450 0.3228410
f 630/1452/630 909/1099/909 904/1093/904
f 630/1452/630 904/1093/904 613/1442/613
vt 1.4237880 0.2739560
f 631/1453/631 914/1105/914 909/1099/909
f 631/1453/631 909/1099/909 630/1452/630
vt 1.4001530 0.1639070
f 633/1454/633 922/1114/922 921/1113/921
vt 1.4205660 0.2160210
f 633/1454/633 921/1113/921 632/1455/632
f 625/1449/625 944/1139/944 940/1134/940
f 625/1449/625 940/1134/940 623/1447/623
f 632/1455/632 921/1113/921 914/1105/914
f 632/1455/632 914/1105/914 631/1453/631
f 617/1444/617 926/1118/926 922/1114/922
f 617/1444/617 922/1114/922 633/1454/633
vt 1.1634880 0.0089780
f 621/1445/621 743/1446/743 599/1456/599
f 629/1151/629 953/1150/953 880/1065/880
f 629/1151/629 880/1065/880 604/1064/604
f 599/838/599 744/839/744 618/1451/618
vt 0.6748400 0.8261750
vt 0.7116480 0.8026970
vt 0.7353530 0.8180900
f 1169/1457/1169 1170/1458/1170 1171/1459/1171
vt 0.7244660 0.8341690
f 1169/1457/1169 1171/1459/1171 1172/1460/1172
vt 0.6548650 0.8587620
f 1173/1461/1173 1169/1457/1169 1172/1460/1172
vt 0.7153170 0.8520020
f 1173/1461/1173 1172/1460/1172 1174/1462/1174
vt 0.7569050 0.9630170
vt 0.6796820 0.9388860
vt 0.7276730 0.8846830
f 1175/1463/1175 1176/1464/1176 1177/1465/1177
vt 0.7597370 0.8976180
f 1175/1463/1175 1177/1465/1177 1178/1466/1178
vt 0.6551620 0.8970780
f 1179/1467/1179 1173/1461/1173 1174/1462/1174
vt 0.7172930 0.8720450
f 1179/1467/1179 1174/1462/1174 1180/1468/1180
vt 0.7393090 0.7945380
vt 0.7468260 0.8068430
f 1170/1458/1170 1181/1469/1181 1182/1470/1182
f 1170/1458/1170 1182/1470/1182 1171/1459/1171
vt 0.7603830 0.7964940
f 1181/1469/1181 1183/1471/1183 1182/1470/1182
f 1176/1464/1176 1179/1467/1179 1180/1468/1180
f 1176/1464/1176 1180/1468/1180 1177/1465/1177
vt 0.8203780 0.9373210
f 1184/1472/1184 1175/1463/1175 1178/1466/1178
vt 0.7956100 0.9011020
f 1184/1472/1184 1178/1466/1178 1185/1473/1185
vt 0.5247810 0.7741080
vt 0.5660250 0.8299830
vt 0.5402540 0.8412680
f 1175/1474/1175 1184/1475/1184 1186/1476/1186
vt 0.5034490 0.8052720
f 1175/1474/1175 1186/1476/1186 1187/1477/1187
vt 0.4005690 0.7765740
vt 0.4459600 0.7546280
vt 0.4504220 0.7927050
f 1179/1478/1179 1176/1479/1176 1188/1480/1188
vt 0.4214300 0.8053560
f 1179/1478/1179 1188/1480/1188 1189/1481/1189
vt 0.3773660 0.8887880
vt 0.3668650 0.8465860
vt 0.3967420 0.8628600
f 1170/1482/1170 1169/1483/1169 1190/1484/1190
vt 0.3998290 0.8871120
f 1170/1482/1170 1190/1484/1190 1191/1485/1191
vt 0.4208350 0.8717350
vt 0.4172390 0.8908290
f 1172/1486/1172 1171/1487/1171 1191/1485/1191
f 1172/1486/1172 1191/1485/1191 1190/1484/1190
vt 0.4263250 0.8515490
f 1174/1488/1174 1172/1486/1172 1190/1484/1190
vt 0.4031620 0.8335290
f 1174/1488/1174 1190/1484/1190 1192/1489/1192
vt 0.4922430 0.8355870
vt 0.4574780 0.8302870
f 1178/1490/1178 1177/1491/1177 1188/1480/1188
f 1178/1490/1178 1188/1480/1188 1187/1477/1187
vt 0.3749360 0.8082240
f 1169/1483/1169 1173/1492/1173 1192/1489/1192
f 1169/1483/1169 1192/1489/1192 1190/1484/1190
vt 0.4408890 0.8362670
f 1180/1493/1180 1174/1488/1174 1192/1489/1192
f 1180/1493/1180 1192/1489/1192 1189/1481/1189
vt 0.3912270 0.9149010
f 1181/1494/1181 1170/1482/1170 1191/1485/1191
vt 0.4050460 0.9065180
f 1181/1494/1181 1191/1485/1191 1193/1495/1193
vt 0.4165370 0.9079150
f 1171/1487/1171 1182/1496/1182 1193/1495/1193
f 1171/1487/1171 1193/1495/1193 1191/1485/1191
vt 0.4123100 0.9248290
f 1183/1497/1183 1181/1494/1181 1193/1495/1193
f 1182/1496/1182 1183/1497/1183 1193/1495/1193
f 1173/1492/1173 1179/1478/1179 1189/1481/1189
f 1173/1492/1173 1189/1481/1189 1192/1489/1192
f 1177/1491/1177 1180/1493/1180 1189/1481/1189
f 1177/1491/1177 1189/1481/1189 1188/1480/1188
f 1176/1479/1176 1175/1474/1175 1187/1477/1187
f 1176/1479/1176 1187/1477/1187 1188/1480/1188
vt 0.5261200 0.8512080
f 1185/1498/1185 1178/1490/1178 1187/1477/1187
f 1185/1498/1185 1187/1477/1187 1186/1476/1186
vt 0.4615500 0.6588020
vt 0.4617240 0.5747300
vt 0.4886510 0.5678540
f 1194/1499/1194 1195/1500/1195 1196/1501/1196
vt 0.4980820 0.6412790
f 1194/1499/1194 1196/1501/1196 1197/1502/1197
vt 0.5032410 0.7412840
f 1198/1503/1198 1194/1499/1194 1197/1502/1197
vt 0.5315340 0.7076640
f 1198/1503/1198 1197/1502/1197 1199/1504/1199
vt 0.6681040 0.8054010
vt 0.5688350 0.7906700
vt 0.5884780 0.7528170
f 1200/1505/1200 1201/1506/1201 1202/1507/1202
vt 0.6732260 0.7664020
f 1200/1505/1200 1202/1507/1202 1203/1508/1203
vt 0.7478000 0.7774640
f 1204/1509/1204 1200/1505/1200 1203/1508/1203
vt 0.7361740 0.7354490
f 1204/1509/1204 1203/1508/1203 1205/1510/1205
vt 0.7984430 0.7245200
f 1206/1511/1206 1204/1509/1204 1205/1510/1205
vt 0.7694670 0.7092170
f 1206/1511/1206 1205/1510/1205 1207/1512/1207
vt 0.8148340 0.6848310
f 1208/1513/1208 1206/1511/1206 1207/1512/1207
vt 0.7924520 0.6721120
f 1208/1513/1208 1207/1512/1207 1209/1514/1209
f 1201/1506/1201 1198/1503/1198 1199/1504/1199
f 1201/1506/1201 1199/1504/1199 1202/1507/1202
vt 0.4828030 0.5111750
vt 0.4984440 0.5116550
f 1195/1500/1195 1210/1515/1210 1211/1516/1211
f 1195/1500/1195 1211/1516/1211 1196/1501/1196
vt 0.5302270 0.4583720
f 1210/1515/1210 1212/1517/1212 1211/1516/1211
vt 0.5160560 0.5176690
f 1196/1501/1196 1211/1516/1211 1213/1518/1213
vt 0.5178700 0.5643670
f 1196/1501/1196 1213/1518/1213 1214/1519/1214
f 1197/1502/1197 1196/1501/1196 1214/1519/1214
vt 0.5363950 0.6246790
f 1197/1502/1197 1214/1519/1214 1215/1520/1215
f 1199/1504/1199 1197/1502/1197 1215/1520/1215
vt 0.5600970 0.6740230
f 1199/1504/1199 1215/1520/1215 1216/1521/1216
f 1202/1507/1202 1199/1504/1199 1216/1521/1216
vt 0.6066420 0.7139490
f 1202/1507/1202 1216/1521/1216 1217/1522/1217
f 1203/1508/1203 1202/1507/1202 1217/1522/1217
vt 0.6757820 0.7254570
f 1203/1508/1203 1217/1522/1217 1218/1523/1218
f 1205/1510/1205 1203/1508/1203 1218/1523/1218
vt 0.7337180 0.6993910
f 1205/1510/1205 1218/1523/1218 1219/1524/1219
f 1211/1516/1211 1212/1517/1212 1213/1518/1213
f 1207/1512/1207 1205/1510/1205 1219/1524/1219
f 1209/1514/1209 1207/1512/1207 1219/1524/1219
vt 0.7683760 0.6605540
f 1209/1514/1209 1219/1524/1219 1220/1525/1220
vt 0.0842310 0.3323260
vt 0.1232290 0.3141390
vt 0.1398160 0.3346150
f 1206/1526/1206 1208/1527/1208 1221/1528/1221
vt 0.0864780 0.3639810
f 1206/1526/1206 1221/1528/1221 1222/1529/1222
vt 0.0313910 0.3837160
f 1204/1530/1204 1206/1526/1206 1222/1529/1222
vt 0.0039060 0.4646150
f 1200/1531/1200 1204/1530/1204 1222/1529/1222
vt 0.0588630 0.4612210
f 1200/1531/1200 1222/1529/1222 1223/1532/1223
vt 0.0180260 0.5653070
f 1201/1533/1201 1200/1531/1200 1223/1532/1223
vt 0.0705500 0.5451160
f 1201/1533/1201 1223/1532/1223 1224/1534/1224
vt 0.0627340 0.6360840
f 1198/1535/1198 1201/1533/1201 1224/1534/1224
vt 0.1100300 0.6045050
f 1198/1535/1198 1224/1534/1224 1225/1536/1225
vt 0.2234760 0.7073140
vt 0.1386800 0.6910930
vt 0.1704120 0.6459560
f 1195/1537/1195 1194/1538/1194 1226/1539/1226
vt 0.2373330 0.6680520
f 1195/1537/1195 1226/1539/1226 1227/1540/1227
vt 0.1907270 0.6092800
vt 0.2491440 0.6377030
f 1215/1541/1215 1214/1542/1214 1227/1540/1227
f 1215/1541/1215 1227/1540/1227 1226/1539/1226
vt 0.1450070 0.5776500
f 1216/1543/1216 1215/1541/1215 1226/1539/1226
f 1216/1543/1216 1226/1539/1226 1225/1536/1225
vt 0.0975500 0.4565910
vt 0.1090710 0.5266930
f 1218/1544/1218 1217/1545/1217 1224/1534/1224
f 1218/1544/1218 1224/1534/1224 1223/1532/1223
vt 0.1191010 0.3963240
f 1219/1546/1219 1218/1544/1218 1223/1532/1223
f 1219/1546/1219 1223/1532/1223 1222/1529/1222
vt 0.1538520 0.3570930
f 1220/1547/1220 1219/1546/1219 1222/1529/1222
f 1220/1547/1220 1222/1529/1222 1221/1528/1221
f 1194/1538/1194 1198/1535/1198 1225/1536/1225
f 1194/1538/1194 1225/1536/1225 1226/1539/1226
f 1217/1545/1217 1216/1543/1216 1225/1536/1225
f 1217/1545/1217 1225/1536/1225 1224/1534/1224
vt 0.2937910 0.7006060
f 1210/1548/1210 1195/1537/1195 1227/1540/1227
vt 0.2920910 0.6724950
f 1210/1548/1210 1227/1540/1227 1228/1549/1228
vt 0.2969270 0.6530270
f 1214/1542/1214 1213/1550/1213 1228/1549/1228
f 1214/1542/1214 1228/1549/1228 1227/1540/1227
vt 0.3581440 0.6657430
f 1212/1551/1212 1210/1548/1210 1228/1549/1228
f 1213/1550/1213 1212/1551/1212 1228/1549/1228
vt 0.1617140 0.4991970
vt 0.1663220 0.4475340
vt 0.1828920 0.4437600
f 1229/1552/1229 1230/1553/1230 1231/1554/1231
vt 0.1855000 0.4878450
f 1229/1552/1229 1231/1554/1231 1232/1555/1232
vt 0.1834180 0.5593130
f 1233/1556/1233 1229/1552/1229 1232/1555/1232
vt 0.2054120 0.5331360
f 1233/1556/1233 1232/1555/1232 1234/1557/1234
vt 0.2926970 0.6130200
vt 0.2239790 0.5953620
vt 0.2413310 0.5642520
f 1235/1558/1235 1236/1559/1236 1237/1560/1237
vt 0.2949430 0.5785570
f 1235/1558/1235 1237/1560/1237 1238/1561/1238
vt 0.3566550 0.6036460
f 1239/1562/1239 1235/1558/1235 1238/1561/1238
vt 0.3499530 0.5726840
f 1239/1562/1239 1238/1561/1238 1240/1563/1240
f 1236/1559/1236 1233/1556/1233 1234/1557/1234
f 1236/1559/1236 1234/1557/1234 1237/1560/1237
vt 0.1747430 0.4093930
vt 0.1871460 0.4114080
f 1230/1553/1230 1241/1564/1241 1242/1565/1242
f 1230/1553/1230 1242/1565/1242 1231/1554/1231
vt 0.2012830 0.3789670
f 1241/1564/1241 1243/1566/1243 1242/1565/1242
vt 0.3967500 0.5408350
vt 0.4096890 0.5554180
f 1240/1563/1240 1244/1567/1244 1245/1568/1245
f 1240/1563/1240 1245/1568/1245 1239/1562/1239
vt 0.2019370 0.4119890
f 1231/1554/1231 1242/1565/1242 1246/1569/1246
vt 0.2034730 0.4396020
f 1231/1554/1231 1246/1569/1246 1247/1570/1247
f 1232/1555/1232 1231/1554/1231 1247/1570/1247
vt 0.2135260 0.4749000
f 1232/1555/1232 1247/1570/1247 1248/1571/1248
f 1234/1557/1234 1232/1555/1232 1248/1571/1248
vt 0.2293750 0.5043890
f 1234/1557/1234 1248/1571/1248 1249/1572/1249
f 1237/1560/1237 1234/1557/1234 1249/1572/1249
vt 0.2593220 0.5300730
f 1237/1560/1237 1249/1572/1249 1250/1573/1250
f 1238/1561/1238 1237/1560/1237 1250/1573/1250
vt 0.2971990 0.5403790
f 1238/1561/1238 1250/1573/1250 1251/1574/1251
f 1240/1563/1240 1238/1561/1238 1251/1574/1251
vt 0.3422900 0.5380780
f 1240/1563/1240 1251/1574/1251 1252/1575/1252
vt 0.3747350 0.5223920
f 1252/1575/1252 1253/1576/1253 1244/1567/1244
f 1252/1575/1252 1244/1567/1244 1240/1563/1240
f 1242/1565/1242 1243/1566/1243 1246/1569/1246
vt 0.8575870 0.6931720
vt 0.9201740 0.6739670
vt 0.9293950 0.7048980
f 1235/1577/1235 1239/1578/1239 1254/1579/1254
vt 0.8782620 0.7229170
f 1235/1577/1235 1254/1579/1254 1255/1580/1255
vt 0.8031230 0.7393290
f 1236/1581/1236 1235/1577/1235 1255/1580/1255
vt 0.8363060 0.7584930
f 1236/1581/1236 1255/1580/1255 1256/1582/1256
vt 0.7811110 0.7898060
f 1233/1583/1233 1236/1581/1236 1256/1582/1256
vt 0.8172210 0.8012730
f 1233/1583/1233 1256/1582/1256 1257/1584/1257
vt 0.8117370 0.9001850
vt 0.7849980 0.8544350
vt 0.8183750 0.8499190
f 1230/1585/1230 1229/1586/1229 1258/1587/1258
vt 0.8339280 0.8902560
f 1230/1585/1230 1258/1587/1258 1259/1588/1259
vt 0.8436420 0.8540030
vt 0.8498220 0.8905280
f 1248/1589/1248 1247/1590/1247 1259/1588/1259
f 1248/1589/1248 1259/1588/1259 1258/1587/1258
vt 0.8470370 0.8203250
f 1249/1591/1249 1248/1589/1248 1258/1587/1258
f 1249/1591/1249 1258/1587/1258 1257/1584/1257
vt 0.8938780 0.7585350
vt 0.8640110 0.7842550
f 1251/1592/1251 1250/1593/1250 1256/1582/1256
f 1251/1592/1251 1256/1582/1256 1255/1580/1255
vt 0.9358840 0.7402350
f 1252/1594/1252 1251/1592/1251 1255/1580/1255
f 1252/1594/1252 1255/1580/1255 1254/1579/1254
f 1229/1586/1229 1233/1583/1233 1257/1584/1257
f 1229/1586/1229 1257/1584/1257 1258/1587/1258
f 1250/1593/1250 1249/1591/1249 1257/1584/1257
f 1250/1593/1250 1257/1584/1257 1256/1582/1256
vt 0.8397480 0.9295500
f 1241/1595/1241 1230/1585/1230 1259/1588/1259
vt 0.8504890 0.9189030
f 1241/1595/1241 1259/1588/1259 1260/1596/1260
vt 0.8597300 0.9165600
f 1247/1590/1247 1246/1597/1246 1260/1596/1260
f 1247/1590/1247 1260/1596/1260 1259/1588/1259
vt 0.8783170 0.9437030
f 1243/1598/1243 1241/1595/1241 1260/1596/1260
f 1246/1597/1246 1243/1598/1243 1260/1596/1260
vt 0.9904400 0.6926690
vt 0.9840280 0.7116000
f 1239/1578/1239 1245/1599/1245 1261/1600/1261
f 1239/1578/1239 1261/1600/1261 1254/1579/1254
vt 0.9722740 0.7444870
f 1253/1601/1253 1252/1594/1252 1254/1579/1254
f 1253/1601/1253 1254/1579/1254 1261/1600/1261
vt 0.9501610 0.0701390
vt 0.9246820 0.0741840
vt 0.8970210 0.0397180
f 1262/1602/1262 1263/1603/1263 1264/1604/1264
vt 0.9131090 0.0322960
f 1262/1602/1262 1264/1604/1264 1265/1605/1265
vt 0.9657510 0.1262890
vt 0.9357050 0.1192970
f 1266/1606/1266 1267/1607/1267 1263/1603/1263
f 1266/1606/1266 1263/1603/1263 1262/1602/1262
vt 0.8961800 0.2275420
vt 0.8846240 0.2011280
vt 0.9143700 0.1859880
f 1268/1608/1268 1269/1609/1269 1270/1610/1270
vt 0.9358900 0.2100000
f 1268/1608/1268 1270/1610/1270 1271/1611/1271
vt 0.9597360 0.1680670
vt 0.9307560 0.1541020
f 1272/1612/1272 1273/1613/1273 1267/1607/1267
f 1272/1612/1272 1267/1607/1267 1266/1606/1266
vt 0.8739450 0.0200590
f 1265/1605/1265 1264/1604/1264 1274/1614/1274
vt 0.8822090 0.0109660
f 1265/1605/1265 1274/1614/1274 1275/1615/1275
vt 0.8442350 0.0039060
f 1275/1615/1275 1274/1614/1274 1276/1616/1276
f 1271/1611/1271 1270/1610/1270 1273/1613/1273
f 1271/1611/1271 1273/1613/1273 1272/1612/1272
vt 0.8569190 0.2224670
vt 0.8540950 0.2039110
f 1277/1617/1277 1278/1618/1278 1269/1609/1269
f 1277/1617/1277 1269/1609/1269 1268/1608/1268
vt 0.8811250 0.0474960
vt 0.8673730 0.0273440
f 1264/1604/1264 1279/1619/1279 1280/1620/1280
f 1264/1604/1264 1280/1620/1280 1274/1614/1274
vt 0.8993420 0.0791840
f 1263/1603/1263 1281/1621/1281 1279/1619/1279
f 1263/1603/1263 1279/1619/1279 1264/1604/1264
vt 0.9039310 0.1123610
f 1267/1607/1267 1282/1622/1282 1281/1621/1281
f 1267/1607/1267 1281/1621/1281 1263/1603/1263
vt 0.8995930 0.1399080
f 1273/1613/1273 1283/1623/1283 1282/1622/1282
f 1273/1613/1273 1282/1622/1282 1267/1607/1267
vt 0.8895080 0.1612620
f 1270/1610/1270 1284/1624/1284 1283/1623/1283
f 1270/1610/1270 1283/1623/1283 1273/1613/1273
vt 0.8703070 0.1736010
f 1269/1609/1269 1285/1625/1285 1284/1624/1284
f 1269/1609/1269 1284/1624/1284 1270/1610/1270
vt 0.8481030 0.1741620
f 1278/1618/1278 1286/1626/1286 1285/1625/1285
f 1278/1618/1278 1285/1625/1285 1269/1609/1269
f 1274/1614/1274 1280/1620/1280 1276/1616/1276
vt 0.7303470 0.5979790
vt 0.7126230 0.6331640
vt 0.6992250 0.6039770
f 1277/1627/1277 1268/1628/1268 1287/1629/1287
vt 0.7136320 0.5795870
f 1277/1627/1277 1287/1629/1287 1288/1630/1288
vt 0.6770660 0.6565010
vt 0.6297750 0.6547060
vt 0.6348750 0.6191750
f 1271/1631/1271 1272/1632/1272 1289/1633/1289
vt 0.6707280 0.6210180
f 1271/1631/1271 1289/1633/1289 1290/1634/1290
vt 0.5509040 0.5980510
vt 0.5338660 0.5484220
vt 0.5495360 0.5358890
f 1262/1635/1262 1265/1636/1265 1291/1637/1291
vt 0.5680820 0.5757070
f 1262/1635/1262 1291/1637/1291 1292/1638/1292
vt 0.5641080 0.5261580
vt 0.5850250 0.5555890
f 1279/1639/1279 1281/1640/1281 1292/1638/1292
f 1279/1639/1279 1292/1638/1292 1291/1637/1291
vt 0.6106390 0.5765210
vt 0.6021980 0.6063720
f 1281/1640/1281 1282/1641/1282 1293/1642/1293
f 1281/1640/1281 1293/1642/1293 1292/1638/1292
vt 0.6592150 0.5893920
vt 0.6794780 0.5800380
f 1284/1643/1284 1285/1644/1285 1287/1629/1287
f 1284/1643/1284 1287/1629/1287 1290/1634/1290
vt 0.5913550 0.6390940
f 1266/1645/1266 1262/1635/1262 1292/1638/1292
f 1266/1645/1266 1292/1638/1292 1293/1642/1293
vt 0.6362000 0.5866070
f 1282/1641/1282 1283/1646/1283 1289/1633/1289
f 1282/1641/1282 1289/1633/1289 1293/1642/1293
vt 0.5325630 0.5112630
vt 0.5412400 0.5073280
f 1265/1636/1265 1275/1647/1275 1294/1648/1294
f 1265/1636/1265 1294/1648/1294 1291/1637/1291
vt 0.5525330 0.5049440
f 1280/1649/1280 1279/1639/1279 1291/1637/1291
f 1280/1649/1280 1291/1637/1291 1294/1648/1294
vt 0.5416990 0.4739080
f 1275/1647/1275 1276/1650/1276 1294/1648/1294
f 1276/1650/1276 1280/1649/1280 1294/1648/1294
f 1272/1632/1272 1266/1645/1266 1293/1642/1293
f 1272/1632/1272 1293/1642/1293 1289/1633/1289
f 1283/1646/1283 1284/1643/1284 1290/1634/1290
f 1283/1646/1283 1290/1634/1290 1289/1633/1289
f 1268/1628/1268 1271/1631/1271 1290/1634/1290
f 1268/1628/1268 1290/1634/1290 1287/1629/1287
vt 0.6940750 0.5639590
f 1285/1644/1285 1286/1651/1286 1288/1630/1288
f 1285/1644/1285 1288/1630/1288 1287/1629/1287
vt 0.1011920 0.0087200
vt 0.1008120 0.0127130
vt 0.0978310 0.0133520
f 1295/1652/1295 1296/1653/1296 1297/1654/1297
vt 0.0959780 0.0096070
f 1295/1652/1295 1297/1654/1297 1298/1655/1298
vt 0.1017320 0.0039060
f 1299/1656/1299 1295/1652/1295 1298/1655/1298
vt 0.0928030 0.0044820
f 1299/1656/1299 1298/1655/1298 1300/1657/1300
vt 0.0972360 0.0161610
f 1298/1655/1298 1297/1654/1297 1301/1658/1301
vt 0.0938940 0.0111340
f 1298/1655/1298 1301/1658/1301 1302/1659/1302
vt 0.1026640 0.0150000
f 1297/1654/1297 1296/1653/1296 1303/1660/1303
f 1297/1654/1297 1303/1660/1303 1301/1658/1301
vt 0.1036880 0.0092450
f 1296/1653/1296 1295/1652/1295 1304/1661/1304
f 1296/1653/1296 1304/1661/1304 1303/1660/1303
f 1300/1657/1300 1298/1655/1298 1302/1659/1302
vt 0.0907010 0.0059360
f 1300/1657/1300 1302/1659/1302 1305/1662/1305
vt 0.1042380 0.0043580
f 1295/1652/1295 1299/1656/1299 1306/1663/1306
f 1295/1652/1295 1306/1663/1306 1304/1661/1304
vt 0.9507550 0.0476870
vt 0.9521270 0.0410770
vt 0.9550540 0.0415860
f 1307/1664/1307 1308/1665/1308 1309/1666/1309
vt 0.9537760 0.0474390
f 1307/1664/1307 1309/1666/1309 1310/1667/1310
vt 0.9580660 0.0430640
f 1310/1667/1310 1309/1666/1309 1311/1668/1311
vt 0.9551390 0.0516000
f 1310/1667/1310 1311/1668/1311 1312/1669/1312
vt 0.9608360 0.0478540
f 1312/1669/1312 1311/1668/1311 1313/1670/1313
vt 0.9642120 0.0504990
f 1312/1669/1312 1313/1670/1313 1314/1671/1314
vt 0.9660980 0.0541040
f 1312/1669/1312 1314/1671/1314 1315/1672/1315
vt 0.9595600 0.0549680
f 1312/1669/1312 1315/1672/1315 1316/1673/1316
vt 0.9671430 0.0583880
f 1316/1673/1316 1315/1672/1315 1317/1674/1317
vt 0.9590000 0.0575300
f 1316/1673/1316 1317/1674/1317 1318/1675/1318
vt 0.9559060 0.0340570
vt 0.9588950 0.0356820
f 1308/1665/1308 1319/1676/1319 1320/1677/1320
f 1308/1665/1308 1320/1677/1320 1309/1666/1309
vt 0.9624520 0.0377980
f 1309/1666/1309 1320/1677/1320 1321/1678/1321
f 1309/1666/1309 1321/1678/1321 1311/1668/1311
vt 0.9669320 0.0420380
f 1311/1668/1311 1321/1678/1321 1322/1679/1322
f 1311/1668/1311 1322/1679/1322 1313/1670/1313
vt 0.9713600 0.0465840
f 1313/1670/1313 1322/1679/1322 1323/1680/1323
f 1313/1670/1313 1323/1680/1323 1314/1671/1314
vt 0.9744910 0.0500540
f 1314/1671/1314 1323/1680/1323 1324/1681/1324
f 1314/1671/1314 1324/1681/1324 1315/1672/1315
vt 0.9767300 0.0535760
f 1315/1672/1315 1324/1681/1324 1325/1682/1325
f 1315/1672/1315 1325/1682/1325 1317/1674/1317
vt 0.9600580 0.0291490
vt 0.9631680 0.0312540
f 1319/1676/1319 1326/1683/1326 1327/1684/1327
f 1319/1676/1319 1327/1684/1327 1320/1677/1320
vt 0.9673170 0.0338760
f 1320/1677/1320 1327/1684/1327 1328/1685/1328
f 1320/1677/1320 1328/1685/1328 1321/1678/1321
vt 0.9720860 0.0372840
f 1321/1678/1321 1328/1685/1328 1329/1686/1329
f 1321/1678/1321 1329/1686/1329 1322/1679/1322
vt 0.9764550 0.0406410
f 1322/1679/1322 1329/1686/1329 1330/1687/1330
f 1322/1679/1322 1330/1687/1330 1323/1680/1323
vt 0.9805440 0.0434670
f 1323/1680/1323 1330/1687/1330 1331/1688/1331
f 1323/1680/1323 1331/1688/1331 1324/1681/1324
vt 0.9838320 0.0455750
f 1324/1681/1324 1331/1688/1331 1332/1689/1332
f 1324/1681/1324 1332/1689/1332 1325/1682/1325
vt 0.9637450 0.0262340
vt 0.9661760 0.0277480
f 1326/1683/1326 1333/1690/1333 1334/1691/1334
f 1326/1683/1326 1334/1691/1334 1327/1684/1327
vt 0.9706680 0.0298860
f 1327/1684/1327 1334/1691/1334 1335/1692/1335
f 1327/1684/1327 1335/1692/1335 1328/1685/1328
vt 0.9754890 0.0321400
f 1328/1685/1328 1335/1692/1335 1336/1693/1336
f 1328/1685/1328 1336/1693/1336 1329/1686/1329
vt 0.9795520 0.0337690
f 1329/1686/1329 1336/1693/1336 1337/1694/1337
f 1329/1686/1329 1337/1694/1337 1330/1687/1330
vt 0.9834360 0.0343540
f 1330/1687/1330 1337/1694/1337 1338/1695/1338
f 1330/1687/1330 1338/1695/1338 1331/1688/1331
vt 0.9883460 0.0344420
f 1331/1688/1331 1338/1695/1338 1339/1696/1339
f 1331/1688/1331 1339/1696/1339 1332/1689/1332
vt 0.9660990 0.0222780
vt 0.9681240 0.0235760
f 1333/1690/1333 1340/1697/1340 1341/1698/1341
f 1333/1690/1333 1341/1698/1341 1334/1691/1334
vt 0.9715740 0.0248830
f 1334/1691/1334 1341/1698/1341 1342/1699/1342
f 1334/1691/1334 1342/1699/1342 1335/1692/1335
vt 0.9760560 0.0262150
f 1335/1692/1335 1342/1699/1342 1343/1700/1343
f 1335/1692/1335 1343/1700/1343 1336/1693/1336
vt 0.9799370 0.0264340
f 1336/1693/1336 1343/1700/1343 1344/1701/1344
f 1336/1693/1336 1344/1701/1344 1337/1694/1337
vt 0.9834520 0.0258680
f 1337/1694/1337 1344/1701/1344 1345/1702/1345
f 1337/1694/1337 1345/1702/1345 1338/1695/1338
vt 0.9879800 0.0249800
f 1338/1695/1338 1345/1702/1345 1346/1703/1346
f 1338/1695/1338 1346/1703/1346 1339/1696/1339
vt 0.9674360 0.0173570
vt 0.9692250 0.0185870
f 1340/1697/1340 1347/1704/1347 1348/1705/1348
f 1340/1697/1340 1348/1705/1348 1341/1698/1341
vt 0.9718090 0.0194160
f 1341/1698/1341 1348/1705/1348 1349/1706/1349
f 1341/1698/1341 1349/1706/1349 1342/1699/1342
vt 0.9752030 0.0195670
f 1342/1699/1342 1349/1706/1349 1350/1707/1350
f 1342/1699/1342 1350/1707/1350 1343/1700/1343
vt 0.9786560 0.0190040
f 1343/1700/1343 1350/1707/1350 1351/1708/1351
f 1343/1700/1343 1351/1708/1351 1344/1701/1344
vt 0.9817250 0.0179040
f 1344/1701/1344 1351/1708/1351 1352/1709/1352
f 1344/1701/1344 1352/1709/1352 1345/1702/1345
vt 0.9846470 0.0160090
f 1345/1702/1345 1352/1709/1352 1353/1710/1353
f 1345/1702/1345 1353/1710/1353 1346/1703/1346
vt 0.9682760 0.0113140
vt 0.9704230 0.0127620
f 1347/1704/1347 1354/1711/1354 1355/1712/1355
f 1347/1704/1347 1355/1712/1355 1348/1705/1348
f 1348/1705/1348 1355/1712/1355 1349/1706/1349
vt 0.9735980 0.0126820
f 1349/1706/1349 1355/1712/1355 1356/1713/1356
f 1349/1706/1349 1356/1713/1356 1350/1707/1350
vt 0.9775150 0.0111230
f 1350/1707/1350 1356/1713/1356 1357/1714/1357
f 1350/1707/1350 1357/1714/1357 1351/1708/1351
f 1351/1708/1351 1357/1714/1357 1352/1709/1352
vt 0.9810380 0.0086740
f 1352/1709/1352 1357/1714/1357 1358/1715/1358
f 1352/1709/1352 1358/1715/1358 1353/1710/1353
vt 0.9694410 0.0063390
f 1355/1712/1355 1354/1711/1354 1359/1716/1359
vt 0.9707590 0.0073710
f 1355/1712/1355 1359/1716/1359 1360/1717/1360
f 1356/1713/1356 1355/1712/1355 1360/1717/1360
vt 0.9728080 0.0079200
f 1356/1713/1356 1360/1717/1360 1361/1718/1361
f 1357/1714/1357 1356/1713/1356 1361/1718/1361
vt 0.9754370 0.0060460
f 1357/1714/1357 1361/1718/1361 1362/1719/1362
f 1358/1715/1358 1357/1714/1357 1362/1719/1362
vt 0.9768810 0.0043260
f 1358/1715/1358 1362/1719/1362 1363/1720/1363
vt 0.9718130 0.0039060
vt 0.9720010 0.0048120
f 1359/1716/1359 1364/1721/1364 1365/1722/1365
f 1359/1716/1359 1365/1722/1365 1360/1717/1360
f 1362/1719/1362 1365/1722/1365 1364/1721/1364
f 1362/1719/1362 1364/1721/1364 1363/1720/1363
f 1365/1722/1365 1361/1718/1361 1360/1717/1360
f 1365/1722/1365 1362/1719/1362 1361/1718/1361
vt 0.9531370 0.0539460
f 1310/1667/1310 1312/1669/1312 1366/1723/1366
f 1310/1667/1310 1366/1723/1366 1307/1664/1307
f 1312/1669/1312 1316/1673/1316 1318/1675/1318
f 1312/1669/1312 1318/1675/1318 1366/1723/1366
vt 0.4445030 0.2480600
vt 0.4486280 0.2424770
vt 0.4711730 0.2482090
f 1367/1724/1367 1368/1725/1368 1369/1726/1369
vt 0.4723410 0.2547960
f 1367/1724/1367 1369/1726/1369 1370/1727/1370
vt 0.4911160 0.2361840
f 1370/1727/1370 1369/1726/1369 1371/1728/1371
vt 0.4965870 0.2400180
f 1370/1727/1370 1371/1728/1371 1372/1729/1372
vt 0.4968690 0.2135620
f 1372/1729/1372 1371/1728/1371 1373/1730/1373
vt 0.5032670 0.2126010
f 1372/1729/1372 1373/1730/1373 1374/1731/1374
vt 0.4847420 0.1936060
f 1374/1731/1374 1373/1730/1373 1375/1732/1375
vt 0.4888420 0.1883270
f 1374/1731/1374 1375/1732/1375 1376/1733/1376
vt 0.4622170 0.1881060
f 1376/1733/1376 1375/1732/1375 1377/1734/1377
vt 0.4612400 0.1812460
f 1376/1733/1376 1377/1734/1377 1378/1735/1378
vt 0.4422400 0.1999360
f 1378/1735/1378 1377/1734/1377 1379/1736/1379
vt 0.4370530 0.1960640
f 1378/1735/1378 1379/1736/1379 1380/1737/1380
vt 0.4366160 0.2225750
f 1380/1737/1380 1379/1736/1379 1381/1738/1381
vt 0.4299880 0.2234160
f 1380/1737/1380 1381/1738/1381 1382/1739/1382
f 1382/1739/1382 1381/1738/1381 1368/1725/1368
f 1382/1739/1382 1368/1725/1368 1367/1724/1367
vt 0.4537430 0.2357430
vt 0.4700160 0.2397870
f 1368/1725/1368 1383/1740/1383 1384/1741/1384
f 1368/1725/1368 1384/1741/1384 1369/1726/1369
vt 0.4843570 0.2310670
f 1369/1726/1369 1384/1741/1384 1385/1742/1385
f 1369/1726/1369 1385/1742/1385 1371/1728/1371
vt 0.4883170 0.2148540
f 1371/1728/1371 1385/1742/1385 1386/1743/1386
f 1371/1728/1371 1386/1743/1386 1373/1730/1373
vt 0.4797900 0.2004990
f 1373/1730/1373 1386/1743/1386 1387/1744/1387
f 1373/1730/1373 1387/1744/1387 1375/1732/1375
vt 0.4635190 0.1964330
f 1375/1732/1375 1387/1744/1387 1388/1745/1388
f 1375/1732/1375 1388/1745/1388 1377/1734/1377
vt 0.4489710 0.2049800
f 1377/1734/1377 1388/1745/1388 1389/1746/1389
f 1377/1734/1377 1389/1746/1389 1379/1736/1379
vt 0.4450140 0.2214020
f 1379/1736/1379 1389/1746/1389 1390/1747/1390
f 1379/1736/1379 1390/1747/1390 1381/1738/1381
f 1381/1738/1381 1390/1747/1390 1383/1740/1383
f 1381/1738/1381 1383/1740/1383 1368/1725/1368
vt 0.4598160 0.2273950
vt 0.4684120 0.2294690
f 1383/1740/1383 1391/1748/1391 1392/1749/1392
f 1383/1740/1383 1392/1749/1392 1384/1741/1384
vt 0.4759910 0.2249500
f 1384/1741/1384 1392/1749/1392 1393/1750/1393
f 1384/1741/1384 1393/1750/1393 1385/1742/1385
vt 0.4780650 0.2163600
f 1385/1742/1385 1393/1750/1393 1394/1751/1394
f 1385/1742/1385 1394/1751/1394 1386/1743/1386
vt 0.4735310 0.2088080
f 1386/1743/1386 1394/1751/1394 1395/1752/1395
f 1386/1743/1386 1395/1752/1395 1387/1744/1387
vt 0.4649900 0.2067250
f 1387/1744/1387 1395/1752/1395 1396/1753/1396
f 1387/1744/1387 1396/1753/1396 1388/1745/1388
vt 0.4573760 0.2111890
f 1388/1745/1388 1396/1753/1396 1397/1754/1397
f 1388/1745/1388 1397/1754/1397 1389/1746/1389
vt 0.4552510 0.2197820
f 1389/1746/1389 1397/1754/1397 1398/1755/1398
f 1389/1746/1389 1398/1755/1398 1390/1747/1390
f 1390/1747/1390 1398/1755/1398 1391/1748/1391
f 1390/1747/1390 1391/1748/1391 1383/1740/1383
vt 0.4666580 0.2181010
f 1391/1748/1391 1399/1756/1399 1392/1749/1392
f 1392/1749/1392 1399/1756/1399 1393/1750/1393
f 1393/1750/1393 1399/1756/1399 1394/1751/1394
f 1394/1751/1394 1399/1756/1399 1395/1752/1395
f 1395/1752/1395 1399/1756/1399 1396/1753/1396
f 1396/1753/1396 1399/1756/1399 1397/1754/1397
f 1397/1754/1397 1399/1756/1399 1398/1755/1398
f 1398/1755/1398 1399/1756/1399 1391/1748/1391
vt 0.0291690 0.0093330
vt 0.0238320 0.0119740
vt 0.0188490 0.0039060
f 1400/1757/1400 1401/1758/1401 1402/1759/1402
vt 0.0278900 0.0039990
f 1400/1757/1400 1402/1759/1402 1403/1760/1403
vt 0.0477390 0.0148040
vt 0.0544240 0.0197210
vt 0.0498240 0.0255970
f 1403/1761/1403 1402/1762/1402 1404/1763/1404
vt 0.0460050 0.0187940
f 1403/1761/1403 1404/1763/1404 1405/1764/1405
vt 0.0470700 0.0268340
f 1405/1764/1405 1404/1763/1404 1406/1765/1406
vt 0.0441580 0.0260840
f 1405/1764/1405 1406/1765/1406 1407/1766/1407
vt 0.0424970 0.0179200
f 1405/1764/1405 1407/1766/1407 1408/1767/1408
vt 0.0404920 0.0235870
f 1408/1767/1408 1407/1766/1407 1409/1768/1409
vt 0.0361840 0.0202110
f 1408/1767/1408 1409/1768/1409 1410/1769/1410
vt 0.0370030 0.0128710
f 1408/1767/1408 1410/1769/1410 1411/1770/1411
vt 0.0323920 0.0178600
f 1411/1770/1411 1410/1769/1410 1412/1771/1412
vt 0.0289670 0.0165430
f 1411/1770/1411 1412/1771/1412 1413/1772/1413
vt 0.0316050 0.0120310
f 1411/1770/1411 1413/1772/1413 1414/1773/1414
vt 0.0266300 0.0151980
f 1414/1773/1414 1413/1772/1413 1415/1774/1415
f 1414/1773/1414 1415/1774/1415 1401/1758/1401
f 1414/1773/1414 1401/1758/1401 1400/1757/1400
vt 0.0185690 0.0162120
vt 0.0090450 0.0083780
f 1401/1758/1401 1416/1775/1416 1417/1776/1417
f 1401/1758/1401 1417/1776/1417 1402/1759/1402
vt 0.0597310 0.0286030
vt 0.0505640 0.0349440
f 1402/1762/1402 1417/1777/1417 1418/1778/1418
f 1402/1762/1402 1418/1778/1418 1404/1763/1404
vt 0.0470390 0.0358150
f 1404/1763/1404 1418/1778/1418 1419/1779/1419
f 1404/1763/1404 1419/1779/1419 1406/1765/1406
vt 0.0436030 0.0348280
f 1406/1765/1406 1419/1779/1419 1420/1780/1420
f 1406/1765/1406 1420/1780/1420 1407/1766/1407
vt 0.0388310 0.0319590
f 1407/1766/1407 1420/1780/1420 1421/1781/1421
f 1407/1766/1407 1421/1781/1421 1409/1768/1409
vt 0.0331080 0.0274890
f 1409/1768/1409 1421/1781/1421 1422/1782/1422
f 1409/1768/1409 1422/1782/1422 1410/1769/1410
vt 0.0284730 0.0235620
f 1410/1769/1410 1422/1782/1422 1423/1783/1423
f 1410/1769/1410 1423/1783/1423 1412/1771/1412
vt 0.0251340 0.0209680
f 1412/1771/1412 1423/1783/1423 1424/1784/1424
f 1412/1771/1412 1424/1784/1424 1413/1772/1413
vt 0.0226480 0.0191690
f 1413/1772/1413 1424/1784/1424 1425/1785/1425
f 1413/1772/1413 1425/1785/1425 1415/1774/1415
f 1415/1774/1415 1425/1785/1425 1416/1775/1416
f 1415/1774/1415 1416/1775/1416 1401/1758/1401
vt 0.0144080 0.0212990
vt 0.0050750 0.0178170
f 1416/1775/1416 1426/1786/1426 1427/1787/1427
f 1416/1775/1416 1427/1787/1427 1417/1776/1417
vt 0.0494450 0.0454010
f 1417/1777/1417 1428/1788/1428 1418/1778/1418
vt 0.0452120 0.0446100
f 1418/1778/1418 1428/1788/1428 1429/1789/1429
f 1418/1778/1418 1429/1789/1429 1419/1779/1419
vt 0.0414830 0.0432240
f 1419/1779/1419 1429/1789/1429 1430/1790/1430
f 1419/1779/1419 1430/1790/1430 1420/1780/1420
vt 0.0361430 0.0401700
f 1420/1780/1420 1430/1790/1430 1431/1791/1431
f 1420/1780/1420 1431/1791/1431 1421/1781/1421
vt 0.0296160 0.0345170
f 1421/1781/1421 1431/1791/1431 1432/1792/1432
f 1421/1781/1421 1432/1792/1432 1422/1782/1422
vt 0.0246140 0.0287930
f 1422/1782/1422 1432/1792/1432 1433/1793/1433
f 1422/1782/1422 1433/1793/1433 1423/1783/1423
vt 0.0215500 0.0251800
f 1423/1783/1423 1433/1793/1433 1434/1794/1434
f 1423/1783/1423 1434/1794/1434 1424/1784/1424
vt 0.0193140 0.0231390
f 1424/1784/1424 1434/1794/1434 1435/1795/1435
f 1424/1784/1424 1435/1795/1435 1425/1785/1425
f 1425/1785/1425 1435/1795/1435 1426/1786/1426
f 1425/1785/1425 1426/1786/1426 1416/1775/1416
vt 0.0107790 0.0264090
vt 0.0050580 0.0250980
f 1426/1786/1426 1436/1796/1436 1437/1797/1437
f 1426/1786/1426 1437/1797/1437 1427/1787/1427
vt 0.0424360 0.0541930
vt 0.0397180 0.0518660
f 1428/1788/1428 1438/1798/1438 1439/1799/1439
f 1428/1788/1428 1439/1799/1439 1429/1789/1429
vt 0.0367280 0.0499450
f 1429/1789/1429 1439/1799/1439 1440/1800/1440
f 1429/1789/1429 1440/1800/1440 1430/1790/1430
vt 0.0320740 0.0466000
f 1430/1790/1430 1440/1800/1440 1441/1801/1441
f 1430/1790/1430 1441/1801/1441 1431/1791/1431
vt 0.0265760 0.0409140
f 1431/1791/1431 1441/1801/1441 1442/1802/1442
f 1431/1791/1431 1442/1802/1442 1432/1792/1432
vt 0.0219260 0.0345600
f 1432/1792/1432 1442/1802/1442 1443/1803/1443
f 1432/1792/1432 1443/1803/1443 1433/1793/1433
vt 0.0187040 0.0299320
f 1433/1793/1433 1443/1803/1443 1444/1804/1444
f 1433/1793/1433 1444/1804/1444 1434/1794/1434
vt 0.0165100 0.0275110
f 1434/1794/1434 1444/1804/1444 1445/1805/1445
f 1434/1794/1434 1445/1805/1445 1435/1795/1435
f 1435/1795/1435 1445/1805/1445 1436/1796/1436
f 1435/1795/1435 1436/1796/1436 1426/1786/1426
vt 0.0058970 0.0321510
f 1436/1796/1436 1446/1806/1446 1437/1797/1437
vt 0.0344990 0.0589680
vt 0.0331710 0.0561850
f 1438/1798/1438 1447/1807/1447 1448/1808/1448
f 1438/1798/1438 1448/1808/1448 1439/1799/1439
vt 0.0310270 0.0540820
f 1439/1799/1439 1448/1808/1448 1449/1809/1449
f 1439/1799/1439 1449/1809/1449 1440/1800/1440
vt 0.0253960 0.0519250
f 1440/1800/1440 1449/1809/1449 1450/1810/1450
f 1440/1800/1440 1450/1810/1450 1441/1801/1441
vt 0.0216890 0.0473500
f 1441/1801/1441 1450/1810/1450 1451/1811/1451
f 1441/1801/1441 1451/1811/1451 1442/1802/1442
vt 0.0181110 0.0420630
f 1442/1802/1442 1451/1811/1451 1452/1812/1452
f 1442/1802/1442 1452/1812/1452 1443/1803/1443
vt 0.0151680 0.0374710
f 1443/1803/1443 1452/1812/1452 1453/1813/1453
f 1443/1803/1443 1453/1813/1453 1444/1804/1444
vt 0.0138360 0.0328300
f 1444/1804/1444 1453/1813/1453 1454/1814/1454
f 1444/1804/1444 1454/1814/1454 1445/1805/1445
f 1445/1805/1445 1454/1814/1454 1446/1806/1446
f 1445/1805/1445 1446/1806/1446 1436/1796/1436
vt 0.0274940 0.0603810
vt 0.0274110 0.0580180
f 1447/1807/1447 1455/1815/1455 1456/1816/1456
f 1447/1807/1447 1456/1816/1456 1448/1808/1448
vt 0.0259780 0.0559420
f 1448/1808/1448 1456/1816/1456 1457/1817/1457
f 1448/1808/1448 1457/1817/1457 1449/1809/1449
f 1449/1809/1449 1457/1817/1457 1450/1810/1450
vt 0.0117910 0.0377290
f 1453/1813/1453 1458/1818/1458 1454/1814/1454
vt 0.0066610 0.0375450
f 1454/1814/1454 1458/1818/1458 1459/1819/1459
f 1454/1814/1454 1459/1819/1459 1446/1806/1446
vt 0.0214770 0.0602020
vt 0.0221490 0.0583780
f 1455/1815/1455 1460/1820/1460 1461/1821/1461
f 1455/1815/1455 1461/1821/1461 1456/1816/1456
vt 0.0213250 0.0565210
f 1456/1816/1456 1461/1821/1461 1462/1822/1462
f 1456/1816/1456 1462/1822/1462 1457/1817/1457
vt 0.0162500 0.0525700
f 1457/1817/1457 1462/1822/1462 1463/1823/1463
f 1457/1817/1457 1463/1823/1463 1450/1810/1450
f 1450/1810/1450 1463/1823/1463 1451/1811/1451
vt 0.0130070 0.0475220
f 1451/1811/1451 1463/1823/1463 1464/1824/1464
f 1451/1811/1451 1464/1824/1464 1452/1812/1452
vt 0.0110180 0.0446020
f 1452/1812/1452 1464/1824/1464 1465/1825/1465
f 1452/1812/1452 1465/1825/1465 1453/1813/1453
vt 0.0094530 0.0432960
f 1453/1813/1453 1465/1825/1465 1466/1826/1466
f 1453/1813/1453 1466/1826/1466 1458/1818/1458
vt 0.0059850 0.0430400
f 1458/1818/1458 1466/1826/1466 1467/1827/1467
f 1458/1818/1458 1467/1827/1467 1459/1819/1459
vt 0.0162980 0.0594950
vt 0.0172610 0.0579150
f 1460/1820/1460 1468/1828/1468 1469/1829/1469
f 1460/1820/1460 1469/1829/1469 1461/1821/1461
vt 0.0168870 0.0563870
f 1461/1821/1461 1469/1829/1469 1470/1830/1470
f 1461/1821/1461 1470/1830/1470 1462/1822/1462
f 1462/1822/1462 1470/1830/1470 1463/1823/1463
vt 0.0114980 0.0588910
vt 0.0123870 0.0566290
f 1468/1828/1468 1471/1831/1471 1472/1832/1472
f 1468/1828/1468 1472/1832/1472 1469/1829/1469
f 1469/1829/1469 1472/1832/1472 1470/1830/1470
vt 0.0107670 0.0537640
f 1470/1830/1470 1472/1832/1472 1473/1833/1473
f 1470/1830/1470 1473/1833/1473 1463/1823/1463
vt 0.0084510 0.0495540
f 1463/1823/1463 1473/1833/1473 1474/1834/1474
f 1463/1823/1463 1474/1834/1474 1464/1824/1464
f 1464/1824/1464 1474/1834/1474 1465/1825/1465
vt 0.0071600 0.0478860
f 1465/1825/1465 1474/1834/1474 1475/1835/1475
f 1465/1825/1465 1475/1835/1475 1466/1826/1466
vt 0.0049490 0.0475110
f 1466/1826/1466 1475/1835/1475 1476/1836/1476
f 1466/1826/1466 1476/1836/1476 1467/1827/1467
vt 0.0070660 0.0571140
vt 0.0074770 0.0561030
f 1471/1831/1471 1477/1837/1477 1478/1838/1478
f 1471/1831/1471 1478/1838/1478 1472/1832/1472
vt 0.0067250 0.0543030
f 1472/1832/1472 1478/1838/1478 1479/1839/1479
f 1472/1832/1472 1479/1839/1479 1473/1833/1473
vt 0.0056000 0.0518700
f 1473/1833/1473 1479/1839/1479 1480/1840/1480
f 1473/1833/1473 1480/1840/1480 1474/1834/1474
vt 0.0049510 0.0509730
f 1474/1834/1474 1480/1840/1480 1481/1841/1481
f 1474/1834/1474 1481/1841/1481 1475/1835/1475
vt 0.0039060 0.0507520
f 1475/1835/1475 1481/1841/1481 1482/1842/1482
f 1475/1835/1475 1482/1842/1482 1476/1836/1476
vt 0.0336120 0.0072740
f 1403/1760/1403 1483/1843/1483 1400/1757/1400
vt 0.0425340 0.0128590
f 1405/1764/1405 1483/1844/1483 1403/1761/1403
f 1408/1767/1408 1483/1844/1483 1405/1764/1405
f 1411/1770/1411 1483/1844/1483 1408/1767/1408
f 1414/1773/1414 1483/1843/1483 1411/1770/1411
f 1400/1757/1400 1483/1843/1483 1414/1773/1414
vt 0.2241400 0.9127320
vt 0.2366810 0.9143340
vt 0.2326910 0.9263520
f 1484/1845/1484 1485/1846/1485 1486/1847/1486
vt 0.2191900 0.9246200
f 1484/1845/1484 1486/1847/1486 1487/1848/1487
vt 0.2491270 0.9134360
vt 0.2627650 0.9092230
vt 0.2591280 0.9253700
f 1488/1849/1488 1489/1850/1489 1490/1851/1490
vt 0.2463110 0.9261900
f 1488/1849/1488 1490/1851/1490 1491/1852/1491
vt 0.2748030 0.9035680
vt 0.2796770 0.9178410
f 1489/1850/1489 1492/1853/1492 1493/1854/1493
f 1489/1850/1489 1493/1854/1493 1490/1851/1490
vt 0.2865130 0.8939720
vt 0.2997140 0.9056480
f 1492/1853/1492 1494/1855/1494 1495/1856/1495
f 1492/1853/1492 1495/1856/1495 1493/1854/1493
vt 0.2916020 0.8765360
vt 0.3024050 0.8785140
f 1494/1855/1494 1496/1857/1496 1497/1858/1497
f 1494/1855/1494 1497/1858/1497 1495/1856/1495
vt 0.2925960 0.8544170
vt 0.2972930 0.8554550
f 1496/1857/1496 1498/1859/1498 1499/1860/1499
f 1496/1857/1496 1499/1860/1499 1497/1858/1497
vt 0.2831910 0.9216190
vt 0.2725660 0.9269610
f 1493/1854/1493 1500/1861/1500 1501/1862/1501
f 1493/1854/1493 1501/1862/1501 1490/1851/1490
vt 0.2862270 0.9269960
vt 0.2866280 0.9340090
vt 0.2831310 0.9357020
f 1502/1863/1502 1503/1864/1503 1504/1865/1504
vt 0.2776920 0.9298270
f 1502/1863/1502 1504/1865/1504 1505/1866/1505
f 1485/1846/1485 1488/1849/1488 1491/1852/1491
f 1485/1846/1485 1491/1852/1491 1486/1847/1486
vt 0.2356570 0.9734640
vt 0.2268350 0.9636360
vt 0.2384520 0.9572480
f 1506/1867/1506 1507/1868/1507 1508/1869/1508
vt 0.2466110 0.9673220
f 1506/1867/1506 1508/1869/1508 1509/1870/1509
vt 0.2578330 0.9638700
vt 0.2500540 0.9528160
vt 0.2622080 0.9468860
f 1510/1871/1510 1511/1872/1511 1512/1873/1512
vt 0.2712800 0.9600750
f 1510/1871/1510 1512/1873/1512 1513/1874/1513
vt 0.2847410 0.9433050
f 1513/1874/1513 1512/1873/1512 1514/1875/1514
vt 0.2846890 0.9592600
f 1513/1874/1513 1514/1875/1514 1515/1876/1515
vt 0.3063530 0.9465530
f 1515/1876/1515 1514/1875/1514 1516/1877/1516
vt 0.2982920 0.9625950
f 1515/1876/1515 1516/1877/1516 1517/1878/1517
vt 0.1445240 0.7559020
vt 0.1621600 0.7532850
vt 0.1506180 0.7759320
f 1518/1879/1518 1519/1880/1519 1520/1881/1520
vt 0.1405000 0.7717200
f 1518/1879/1518 1520/1881/1520 1521/1882/1521
vt 0.1338260 0.7922340
f 1521/1882/1521 1520/1881/1520 1522/1883/1522
vt 0.1298170 0.7912650
f 1521/1882/1521 1522/1883/1522 1523/1884/1523
vt 0.1555150 0.8748840
vt 0.1770060 0.8836540
vt 0.1632780 0.8858480
f 1524/1885/1524 1525/1886/1525 1526/1887/1526
vt 0.1524470 0.8797170
f 1524/1885/1524 1526/1887/1526 1527/1888/1527
vt 0.1494970 0.8855330
vt 0.1576040 0.8890760
vt 0.1510660 0.8930840
f 1528/1889/1528 1529/1890/1529 1530/1891/1530
vt 0.1485520 0.8911780
f 1528/1889/1528 1530/1891/1530 1531/1892/1531
f 1509/1870/1509 1508/1869/1508 1511/1872/1511
f 1509/1870/1509 1511/1872/1511 1510/1871/1510
vt 0.1347590 0.9863040
vt 0.1369470 0.9780600
vt 0.1489650 0.9819840
f 1509/1893/1509 1485/1894/1485 1484/1895/1484
vt 0.1469900 0.9891540
f 1509/1893/1509 1484/1895/1484 1506/1896/1506
vt 0.1951540 0.9482080
vt 0.1912130 0.9562160
vt 0.1785420 0.9541080
f 1511/1897/1511 1491/1898/1491 1490/1899/1490
vt 0.1811720 0.9472840
f 1511/1897/1511 1490/1899/1490 1525/1900/1525
vt 0.1097310 0.9786930
vt 0.1115340 0.9699430
vt 0.1249050 0.9748100
f 1532/1901/1532 1489/1902/1489 1488/1903/1488
vt 0.1230660 0.9851740
f 1532/1901/1532 1488/1903/1488 1510/1904/1510
vt 0.0970060 0.9778480
vt 0.0988060 0.9666100
f 1533/1905/1533 1492/1906/1492 1489/1902/1489
f 1533/1905/1533 1489/1902/1489 1532/1901/1532
vt 0.2954600 0.8111640
vt 0.2879930 0.8022530
vt 0.3065200 0.7878670
f 1524/1907/1524 1493/1908/1493 1495/1909/1495
vt 0.3097620 0.7944890
f 1524/1907/1524 1495/1909/1495 1519/1910/1519
vt 0.0843070 0.9715360
vt 0.0842690 0.9626590
f 1518/1911/1518 1494/1912/1494 1492/1906/1492
f 1518/1911/1518 1492/1906/1492 1533/1905/1533
vt 0.3308860 0.7756290
f 1519/1910/1519 1495/1909/1495 1497/1913/1497
vt 0.3326130 0.7833550
f 1519/1910/1519 1497/1913/1497 1520/1914/1520
vt 0.0680090 0.9704980
vt 0.0661160 0.9629930
f 1521/1915/1521 1496/1916/1496 1494/1912/1494
f 1521/1915/1521 1494/1912/1494 1518/1911/1518
vt 0.3542610 0.7722400
f 1520/1914/1520 1497/1913/1497 1499/1917/1499
vt 0.3547100 0.7756470
f 1520/1914/1520 1499/1917/1499 1522/1918/1522
vt 0.1332590 0.7956230
vt 0.1285610 0.7945840
f 1522/1883/1522 1499/1919/1499 1498/1920/1498
f 1522/1883/1522 1498/1920/1498 1523/1884/1523
vt 0.0458340 0.9726220
vt 0.0448630 0.9692070
f 1523/1921/1523 1498/1922/1498 1496/1916/1496
f 1523/1921/1523 1496/1916/1496 1521/1915/1521
vt 0.1779690 0.8908900
vt 0.1647080 0.8929970
f 1525/1886/1525 1490/1923/1490 1501/1924/1501
f 1525/1886/1525 1501/1924/1501 1526/1887/1526
vt 0.1431630 0.8788170
vt 0.1433160 0.8736380
f 1527/1888/1527 1500/1925/1500 1493/1926/1493
f 1527/1888/1527 1493/1926/1493 1524/1885/1524
vt 0.1590650 0.8947220
vt 0.1502040 0.8956050
f 1529/1890/1529 1505/1927/1505 1504/1928/1504
f 1529/1890/1529 1504/1928/1504 1530/1891/1530
vt 0.1459280 0.8922600
f 1530/1891/1530 1504/1928/1504 1503/1929/1503
f 1530/1891/1530 1503/1929/1503 1531/1892/1531
vt 0.1427410 0.8851910
f 1531/1892/1531 1503/1929/1503 1502/1930/1502
f 1531/1892/1531 1502/1930/1502 1528/1889/1528
vt 0.2061740 0.9539360
vt 0.2040900 0.9606520
f 1508/1931/1508 1486/1932/1486 1491/1898/1491
f 1508/1931/1508 1491/1898/1491 1511/1897/1511
f 1510/1904/1510 1488/1903/1488 1485/1894/1485
f 1510/1904/1510 1485/1894/1485 1509/1893/1509
vt 0.0833210 0.9803590
f 1533/1905/1533 1534/1933/1534 1518/1911/1518
vt 0.1445380 0.7469380
vt 0.1613110 0.7443900
f 1518/1879/1518 1534/1934/1534 1535/1935/1535
f 1518/1879/1518 1535/1935/1535 1519/1880/1519
vt 0.3517520 0.8306510
vt 0.3529860 0.8314400
vt 0.3480790 0.8343550
f 1536/1936/1536 1537/1937/1537 1538/1938/1538
vt 0.3484180 0.8328490
f 1536/1936/1536 1538/1938/1538 1539/1939/1539
vt 0.0961600 0.9886370
vt 0.0822940 0.9902610
f 1533/1905/1533 1515/1940/1515 1517/1941/1517
f 1533/1905/1533 1517/1941/1517 1534/1933/1534
vt 0.1210800 0.7170100
vt 0.1198070 0.7135550
vt 0.1250870 0.7097390
f 1540/1942/1540 1541/1943/1541 1542/1944/1542
vt 0.1263600 0.7131930
f 1540/1942/1540 1542/1944/1542 1543/1945/1543
vt 0.1419480 0.9280750
vt 0.1453170 0.9183500
vt 0.1641800 0.9293860
f 1535/1946/1535 1516/1947/1516 1514/1948/1514
vt 0.1609230 0.9378940
f 1535/1946/1535 1514/1948/1514 1524/1949/1524
vt 0.1392450 0.7303530
vt 0.1463830 0.7247410
f 1534/1934/1534 1544/1950/1544 1545/1951/1545
f 1534/1934/1534 1545/1951/1545 1535/1935/1535
vt 0.1192990 0.9182760
vt 0.1217930 0.9102440
f 1535/1946/1535 1545/1952/1545 1546/1953/1546
f 1535/1946/1535 1546/1953/1546 1516/1947/1516
vt 0.3189550 0.9680060
vt 0.3113760 0.9730040
f 1516/1877/1516 1546/1954/1546 1547/1955/1547
f 1516/1877/1516 1547/1955/1547 1517/1878/1517
vt 0.0656820 0.9921460
vt 0.0662420 0.9837520
f 1517/1941/1517 1547/1956/1547 1544/1957/1544
f 1517/1941/1517 1544/1957/1544 1534/1933/1534
f 1544/1950/1544 1540/1942/1540 1543/1945/1543
f 1544/1950/1544 1543/1945/1543 1545/1951/1545
vt 0.0968720 0.9126840
vt 0.0977670 0.9091130
f 1545/1952/1545 1543/1958/1543 1542/1959/1542
f 1545/1952/1545 1542/1959/1542 1546/1953/1546
vt 0.3244630 0.9914180
vt 0.3191830 0.9952340
f 1546/1954/1546 1542/1960/1542 1541/1961/1541
f 1546/1954/1546 1541/1961/1541 1547/1955/1547
vt 0.0433580 0.9846090
vt 0.0438750 0.9809630
f 1547/1956/1547 1541/1962/1541 1540/1963/1540
f 1547/1956/1547 1540/1963/1540 1544/1957/1544
vt 0.3400010 0.7952590
vt 0.3461830 0.8087210
vt 0.3333000 0.8133890
f 1519/1964/1519 1548/1965/1548 1549/1966/1549
vt 0.3185730 0.8028130
f 1519/1964/1519 1549/1966/1549 1524/1967/1524
vt 0.3270330 0.8199690
f 1524/1967/1524 1549/1966/1549 1550/1968/1550
vt 0.1446230 0.9465430
vt 0.1323390 0.9403580
f 1524/1949/1524 1550/1969/1550 1551/1970/1551
f 1524/1949/1524 1551/1970/1551 1535/1946/1535
vt 0.3485230 0.7919510
vt 0.3551060 0.8064900
f 1535/1971/1535 1551/1972/1551 1548/1965/1548
f 1535/1971/1535 1548/1965/1548 1519/1964/1519
vt 0.3490540 0.8184820
vt 0.3412260 0.8216700
f 1548/1965/1548 1552/1973/1552 1553/1974/1553
f 1548/1965/1548 1553/1974/1553 1549/1966/1549
vt 0.3367740 0.8267960
f 1549/1966/1549 1553/1974/1553 1554/1975/1554
f 1549/1966/1549 1554/1975/1554 1550/1968/1550
vt 0.1357540 0.9537320
vt 0.1279770 0.9504460
f 1550/1969/1550 1554/1976/1554 1555/1977/1555
f 1550/1969/1550 1555/1977/1555 1551/1970/1551
vt 0.3557260 0.8183400
f 1551/1972/1551 1555/1978/1555 1552/1973/1552
f 1551/1972/1551 1552/1973/1552 1548/1965/1548
f 1552/1973/1552 1536/1936/1536 1539/1939/1539
f 1552/1973/1552 1539/1939/1539 1553/1974/1553
f 1553/1974/1553 1539/1939/1539 1538/1938/1538
f 1553/1974/1553 1538/1938/1538 1554/1975/1554
vt 0.1296230 0.9652480
vt 0.1258330 0.9631200
f 1554/1976/1554 1538/1979/1538 1537/1980/1537
f 1554/1976/1554 1537/1980/1537 1555/1977/1555
f 1555/1978/1555 1537/1937/1537 1536/1936/1536
f 1555/1978/1555 1536/1936/1536 1552/1973/1552
vt 0.1093380 0.9869280
f 1510/1904/1510 1513/1981/1513 1532/1901/1532
vt 0.1843080 0.9401290
f 1525/1900/1525 1512/1982/1512 1511/1897/1511
f 1532/1901/1532 1513/1981/1513 1515/1940/1515
f 1532/1901/1532 1515/1940/1515 1533/1905/1533
f 1524/1949/1524 1514/1948/1514 1512/1982/1512
f 1524/1949/1524 1512/1982/1512 1525/1900/1525
vt 0.2170170 0.9649180
f 1487/1983/1487 1486/1932/1486 1508/1931/1508
vt 0.2187480 0.9581410
f 1487/1983/1487 1508/1931/1508 1507/1984/1507
f 1526/1887/1526 1501/1924/1501 1505/1927/1505
f 1526/1887/1526 1505/1927/1505 1529/1890/1529
f 1527/1888/1527 1526/1887/1526 1529/1890/1529
f 1527/1888/1527 1529/1890/1529 1528/1889/1528
f 1528/1889/1528 1502/1930/1502 1500/1925/1500
f 1528/1889/1528 1500/1925/1500 1527/1888/1527
f 1501/1862/1501 1500/1861/1500 1502/1863/1502
f 1501/1862/1501 1502/1863/1502 1505/1866/1505
vt 0.9732960 0.4962250
vt 0.9925350 0.4926390
vt 0.9873270 0.5212750
f 1556/1985/1556 1557/1986/1557 1558/1987/1558
vt 0.9664930 0.5174370
f 1556/1985/1556 1558/1987/1558 1559/1988/1559
vt 0.9502940 0.5402300
f 1560/1989/1560 1559/1988/1559 1558/1987/1558
vt 0.9677450 0.5548240
f 1560/1989/1560 1558/1987/1558 1561/1990/1561
vt 0.9346890 0.5580440
vt 0.9173200 0.5592100
vt 0.9076710 0.5431210
f 1562/1991/1562 1563/1992/1563 1564/1993/1564
vt 0.9211260 0.5338900
f 1562/1991/1562 1564/1993/1564 1565/1994/1565
vt 0.9235030 0.5777970
vt 0.8949330 0.5748680
f 1563/1992/1563 1566/1995/1566 1567/1996/1567
vt 0.8938960 0.5535910
f 1563/1992/1563 1567/1996/1567 1568/1997/1568
vt 0.9711490 0.4738660
f 1557/1986/1557 1556/1985/1556 1569/1998/1569
vt 0.9907580 0.4639420
f 1557/1986/1557 1569/1998/1569 1570/1999/1570
vt 0.9415870 0.5191660
vt 0.9405360 0.4951760
f 1556/1985/1556 1571/2000/1571 1572/2001/1572
f 1556/1985/1556 1572/2001/1572 1569/1998/1569
vt 0.8855680 0.5277560
f 1565/1994/1565 1564/1993/1564 1573/2002/1573
vt 0.9101560 0.5142360
f 1565/1994/1565 1573/2002/1573 1574/2003/1574
vt 0.8658770 0.5694820
f 1568/1997/1568 1567/1996/1567 1575/2004/1575
vt 0.8620640 0.5379460
f 1568/1997/1568 1575/2004/1575 1576/2005/1576
vt 0.8245080 0.5590620
f 1576/2005/1576 1575/2004/1575 1577/2006/1577
vt 0.8705520 0.3224270
vt 0.8680410 0.3521440
vt 0.8508570 0.3435800
f 1578/2007/1578 1579/2008/1579 1580/2009/1580
vt 0.8565940 0.3200250
f 1578/2007/1578 1580/2009/1580 1581/2010/1581
vt 0.8309780 0.3181870
f 1581/2010/1581 1580/2009/1580 1582/2011/1582
vt 0.8422620 0.3015020
f 1581/2010/1581 1582/2011/1582 1583/2012/1583
vt 0.8277670 0.2810880
vt 0.8141440 0.2939510
vt 0.8025690 0.2738640
f 1584/2013/1584 1585/2014/1585 1586/2015/1586
vt 0.8258570 0.2668960
f 1584/2013/1584 1586/2015/1586 1587/2016/1587
vt 0.8014980 0.2538140
f 1587/2016/1587 1586/2015/1586 1588/2017/1588
vt 0.8278940 0.2532890
f 1587/2016/1587 1588/2017/1588 1589/2018/1589
vt 0.8576760 0.3880270
vt 0.8344520 0.3723390
f 1579/2008/1579 1590/2019/1590 1591/2020/1591
f 1579/2008/1579 1591/2020/1591 1580/2009/1580
vt 0.8098470 0.3391160
f 1580/2009/1580 1591/2020/1591 1592/2021/1592
f 1580/2009/1580 1592/2021/1592 1582/2011/1582
vt 0.7915530 0.3116610
vt 0.7741350 0.2826550
f 1585/2014/1585 1593/2022/1593 1594/2023/1594
f 1585/2014/1585 1594/2023/1594 1586/2015/1586
vt 0.7691170 0.2565260
f 1586/2015/1586 1594/2023/1594 1595/2024/1595
f 1586/2015/1586 1595/2024/1595 1588/2017/1588
vt 0.8227010 0.4029330
vt 0.8062660 0.3858070
f 1590/2019/1590 1596/2025/1596 1597/2026/1597
f 1590/2019/1590 1597/2026/1597 1591/2020/1591
vt 0.7834420 0.3553690
f 1591/2020/1591 1597/2026/1597 1598/2027/1598
f 1591/2020/1591 1598/2027/1598 1592/2021/1592
vt 0.7643390 0.3265610
vt 0.7395870 0.2928520
f 1593/2022/1593 1599/2028/1599 1600/2029/1600
f 1593/2022/1593 1600/2029/1600 1594/2023/1594
vt 0.7321750 0.2620790
f 1594/2023/1594 1600/2029/1600 1601/2030/1601
f 1594/2023/1594 1601/2030/1601 1595/2024/1595
vt 0.7250040 0.3395900
vt 0.7006780 0.3064160
f 1599/2028/1599 1602/2031/1602 1603/2032/1603
f 1599/2028/1599 1603/2032/1603 1600/2029/1600
vt 0.6856830 0.2767880
f 1600/2029/1600 1603/2032/1603 1604/2033/1604
f 1600/2029/1600 1604/2033/1604 1601/2030/1601
vt 0.7068270 0.3538340
vt 0.6504340 0.3231680
f 1602/2031/1602 1605/2034/1605 1606/2035/1606
f 1602/2031/1602 1606/2035/1606 1603/2032/1603
f 1603/2032/1603 1606/2035/1606 1604/2033/1604
vt 0.8513470 0.2894830
vt 0.8631550 0.2848180
f 1581/2010/1581 1607/2036/1607 1608/2037/1608
f 1581/2010/1581 1608/2037/1608 1578/2007/1578
vt 0.8413990 0.2671360
f 1587/2016/1587 1609/2038/1609 1584/2013/1584
f 1583/2012/1583 1607/2036/1607 1581/2010/1581
vt 0.8311010 0.2425440
f 1566/2039/1566 1589/2018/1589 1588/2017/1588
vt 0.8004640 0.2376490
f 1566/2039/1566 1588/2017/1588 1567/2040/1567
f 1567/2040/1567 1588/2017/1588 1595/2024/1595
vt 0.7688950 0.2369950
f 1567/2040/1567 1595/2024/1595 1575/2041/1575
f 1575/2041/1575 1595/2024/1595 1601/2030/1601
vt 0.7242750 0.2393130
f 1575/2041/1575 1601/2030/1601 1577/2042/1577
f 1577/2042/1577 1601/2030/1601 1604/2033/1604
vt 0.8772140 0.3823260
f 1570/2043/1570 1590/2019/1590 1579/2008/1579
vt 0.8810040 0.3528540
f 1570/2043/1570 1579/2008/1579 1557/2044/1557
f 1557/2044/1557 1579/2008/1579 1578/2007/1578
vt 0.8813480 0.3212670
f 1557/2044/1557 1578/2007/1578 1558/2045/1558
vt 0.8505410 0.2579080
f 1589/2018/1589 1610/2046/1610 1609/2038/1609
f 1589/2018/1589 1609/2038/1609 1587/2016/1587
vt 0.9463640 0.5797740
f 1563/1992/1563 1562/1991/1562 1611/2047/1611
f 1563/1992/1563 1611/2047/1611 1566/1995/1566
vt 0.8560360 0.2502570
f 1589/2018/1589 1566/2039/1566 1611/2048/1611
f 1589/2018/1589 1611/2048/1611 1610/2046/1610
vt 0.8725990 0.2809890
f 1608/2037/1608 1561/2049/1561 1558/2045/1558
f 1608/2037/1608 1558/2045/1558 1578/2007/1578
vt 0.7592650 0.3702330
f 1597/2026/1597 1612/2050/1612 1598/2027/1598
vt 0.7477210 0.3839240
f 1597/2026/1597 1596/2025/1596 1613/2051/1613
f 1597/2026/1597 1613/2051/1613 1612/2050/1612
f 1612/2050/1612 1613/2051/1613 1605/2034/1605
f 1612/2050/1612 1605/2034/1605 1602/2031/1602
vt 0.4592350 0.4478150
vt 0.4625240 0.4660850
vt 0.4440250 0.4692540
f 1614/2052/1614 1615/2053/1615 1616/2054/1616
vt 0.4420540 0.4532540
f 1614/2052/1614 1616/2054/1616 1617/2055/1617
vt 0.4527160 0.4317510
f 1618/2056/1618 1614/2052/1614 1617/2055/1617
vt 0.4381700 0.4393340
f 1618/2056/1618 1617/2055/1617 1619/2057/1619
vt 0.4388650 0.4167880
f 1620/2058/1620 1618/2056/1618 1619/2057/1619
vt 0.4266450 0.4261910
f 1620/2058/1620 1619/2057/1619 1621/2059/1621
vt 0.4246330 0.4042760
f 1622/2060/1622 1620/2058/1620 1621/2059/1621
vt 0.4124520 0.4125320
f 1622/2060/1622 1621/2059/1621 1623/2061/1623
vt 0.4022270 0.3912390
f 1624/2062/1624 1622/2060/1622 1623/2061/1623
vt 0.3908870 0.4030290
f 1624/2062/1624 1623/2061/1623 1625/2063/1625
vt 0.3910950 0.3781330
f 1626/2064/1626 1624/2062/1624 1625/2063/1625
vt 0.3758820 0.3958850
f 1626/2064/1626 1625/2063/1625 1627/2065/1627
vt 0.4165730 0.4666870
f 1617/2055/1617 1616/2054/1616 1628/2066/1628
vt 0.4198460 0.4567360
f 1617/2055/1617 1628/2066/1628 1629/2067/1629
f 1619/2057/1619 1617/2055/1617 1629/2067/1629
vt 0.4253170 0.4424710
f 1619/2057/1619 1629/2067/1629 1630/2068/1630
f 1621/2059/1621 1619/2057/1619 1630/2068/1630
vt 0.4146250 0.4360440
f 1621/2059/1621 1630/2068/1630 1631/2069/1631
f 1623/2061/1623 1621/2059/1621 1631/2069/1631
vt 0.4081550 0.4236460
f 1623/2061/1623 1631/2069/1631 1632/2070/1632
f 1625/2063/1625 1623/2061/1623 1632/2070/1632
vt 0.3885230 0.4209200
f 1625/2063/1625 1632/2070/1632 1633/2071/1633
f 1627/2065/1627 1625/2063/1625 1633/2071/1633
vt 0.3747550 0.4216010
f 1627/2065/1627 1633/2071/1633 1634/2072/1634
vt 0.4771130 0.4418350
vt 0.4811360 0.4598420
f 1614/2052/1614 1635/2073/1635 1636/2074/1636
f 1614/2052/1614 1636/2074/1636 1615/2053/1615
vt 0.4690630 0.4256260
f 1618/2056/1618 1637/2075/1637 1635/2073/1635
f 1618/2056/1618 1635/2073/1635 1614/2052/1614
vt 0.4567150 0.4083440
f 1620/2058/1620 1638/2076/1638 1637/2075/1637
f 1620/2058/1620 1637/2075/1637 1618/2056/1618
vt 0.4430600 0.3954890
f 1622/2060/1622 1639/2077/1639 1638/2076/1638
f 1622/2060/1622 1638/2076/1638 1620/2058/1620
vt 0.4241750 0.3845850
f 1624/2062/1624 1640/2078/1640 1639/2077/1639
f 1624/2062/1624 1639/2077/1639 1622/2060/1622
vt 0.4173450 0.3700190
f 1626/2064/1626 1641/2079/1641 1640/2078/1640
f 1626/2064/1626 1640/2078/1640 1624/2062/1624
vt 0.4930930 0.4368450
vt 0.4980000 0.4544030
f 1635/2073/1635 1642/2080/1642 1643/2081/1643
f 1635/2073/1635 1643/2081/1643 1636/2074/1636
vt 0.4856500 0.4201860
f 1637/2075/1637 1644/2082/1644 1642/2080/1642
f 1637/2075/1637 1642/2080/1642 1635/2073/1635
vt 0.4734600 0.4025370
f 1638/2076/1638 1645/2083/1645 1644/2082/1644
f 1638/2076/1638 1644/2082/1644 1637/2075/1637
vt 0.4608010 0.3873720
f 1639/2077/1639 1646/2084/1646 1645/2083/1645
f 1639/2077/1639 1645/2083/1645 1638/2076/1638
vt 0.4496720 0.3757100
f 1640/2078/1640 1647/2085/1647 1646/2084/1646
f 1640/2078/1640 1646/2084/1646 1639/2077/1639
vt 0.4399890 0.3623920
f 1641/2079/1641 1648/2086/1648 1647/2085/1647
f 1641/2079/1641 1647/2085/1647 1640/2078/1640
vt 0.5164570 0.4319270
vt 0.5202130 0.4504890
f 1642/2080/1642 1649/2087/1649 1650/2088/1650
f 1642/2080/1642 1650/2088/1650 1643/2081/1643
vt 0.5068010 0.4121130
f 1644/2082/1644 1651/2089/1651 1649/2087/1649
f 1644/2082/1644 1649/2087/1649 1642/2080/1642
vt 0.4955820 0.3951640
f 1645/2083/1645 1652/2090/1652 1651/2089/1651
f 1645/2083/1645 1651/2089/1651 1644/2082/1644
vt 0.4804620 0.3786960
f 1646/2084/1646 1653/2091/1653 1652/2090/1652
f 1646/2084/1646 1652/2090/1652 1645/2083/1645
vt 0.4689940 0.3665670
f 1647/2085/1647 1654/2092/1654 1653/2091/1653
f 1647/2085/1647 1653/2091/1653 1646/2084/1646
vt 0.4550170 0.3529110
f 1648/2086/1648 1655/2093/1655 1654/2092/1654
f 1648/2086/1648 1654/2092/1654 1647/2085/1647
vt 0.5427620 0.4279580
vt 0.5446080 0.4504220
f 1649/2087/1649 1656/2094/1656 1657/2095/1657
f 1649/2087/1649 1657/2095/1657 1650/2088/1650
vt 0.5332370 0.4063050
f 1651/2089/1651 1658/2096/1658 1656/2094/1656
f 1651/2089/1651 1656/2094/1656 1649/2087/1649
vt 0.5187580 0.3858900
f 1652/2090/1652 1659/2097/1659 1658/2096/1658
f 1652/2090/1652 1658/2096/1658 1651/2089/1651
vt 0.5015430 0.3655480
f 1653/2091/1653 1660/2098/1660 1659/2097/1659
f 1653/2091/1653 1659/2097/1659 1652/2090/1652
vt 0.4870180 0.3510960
f 1654/2092/1654 1661/2099/1661 1660/2098/1660
f 1654/2092/1654 1660/2098/1660 1653/2091/1653
vt 0.4699870 0.3365550
f 1655/2093/1655 1662/2100/1662 1661/2099/1661
f 1655/2093/1655 1661/2099/1661 1654/2092/1654
vt 0.5697240 0.4263100
vt 0.5683270 0.4539840
f 1656/2094/1656 1663/2101/1663 1664/2102/1664
f 1656/2094/1656 1664/2102/1664 1657/2095/1657
vt 0.5603170 0.3998680
f 1658/2096/1658 1665/2103/1665 1663/2101/1663
f 1658/2096/1658 1663/2101/1663 1656/2094/1656
vt 0.5425230 0.3757530
f 1659/2097/1659 1666/2104/1666 1665/2103/1665
f 1659/2097/1659 1665/2103/1665 1658/2096/1658
vt 0.5216790 0.3527480
f 1660/2098/1660 1667/2105/1667 1666/2104/1666
f 1660/2098/1660 1666/2104/1666 1659/2097/1659
vt 0.5031180 0.3340340
f 1661/2099/1661 1668/2106/1668 1667/2105/1667
f 1661/2099/1661 1667/2105/1667 1660/2098/1660
vt 0.5956220 0.4262680
vt 0.5884470 0.4584400
f 1663/2101/1663 1669/2107/1669 1670/2108/1670
f 1663/2101/1663 1670/2108/1670 1664/2102/1664
vt 0.5901620 0.3893950
f 1665/2103/1665 1671/2109/1671 1669/2107/1669
f 1665/2103/1665 1669/2107/1669 1663/2101/1663
vt 0.5644680 0.3585260
f 1666/2104/1666 1672/2110/1672 1671/2109/1671
f 1666/2104/1666 1671/2109/1671 1665/2103/1665
vt 0.5436540 0.3315910
f 1667/2105/1667 1673/2111/1673 1672/2110/1672
f 1667/2105/1667 1672/2110/1672 1666/2104/1666
vt 0.5276930 0.3033090
f 1668/2106/1668 1674/2112/1674 1673/2111/1673
f 1668/2106/1668 1673/2111/1673 1667/2105/1667
vt 0.6230480 0.4305340
vt 0.6099200 0.4668200
f 1669/2107/1669 1675/2113/1675 1676/2114/1676
f 1669/2107/1669 1676/2114/1676 1670/2108/1670
vt 0.6255640 0.3835070
f 1671/2109/1671 1677/2115/1677 1675/2113/1675
f 1671/2109/1671 1675/2113/1675 1669/2107/1669
vt 0.5864100 0.3428670
vt 0.6152920 0.3299820
f 1678/2116/1678 1679/2117/1679 1677/2115/1677
f 1678/2116/1678 1677/2115/1677 1671/2109/1671
vt 0.5759590 0.3004740
vt 0.6107170 0.2775170
f 1680/2118/1680 1681/2119/1681 1679/2117/1679
f 1680/2118/1680 1679/2117/1679 1678/2116/1678
vt 0.5628280 0.2633750
vt 0.6046920 0.2383710
f 1682/2120/1682 1683/2121/1683 1681/2119/1681
f 1682/2120/1682 1681/2119/1681 1680/2118/1680
vt 0.6516460 0.3848450
vt 0.6763380 0.3944270
vt 0.6495770 0.4436420
f 1684/2122/1684 1685/2123/1685 1686/2124/1686
f 1606/2035/1606 1605/2034/1605 1685/2123/1685
f 1606/2035/1606 1685/2123/1685 1684/2122/1684
vt 0.6607320 0.2280860
f 1687/2125/1687 1577/2042/1577 1604/2033/1604
vt 0.6573420 0.2665020
f 1687/2125/1687 1604/2033/1604 1688/2126/1688
vt 0.6590050 0.1943900
vt 0.7409100 0.1993510
f 1689/2127/1689 1690/2128/1690 1577/2042/1577
f 1689/2127/1689 1577/2042/1577 1687/2125/1687
vt 0.6761550 0.4670880
vt 0.6539970 0.4981330
f 1686/2124/1686 1691/2129/1691 1692/2130/1692
vt 0.6314670 0.4802120
f 1686/2124/1686 1692/2130/1692 1693/2131/1693
vt 0.7039540 0.4168430
f 1685/2123/1685 1694/2132/1694 1691/2129/1691
f 1685/2123/1685 1691/2129/1691 1686/2124/1686
f 1605/2034/1605 1613/2051/1613 1694/2132/1694
f 1605/2034/1605 1694/2132/1694 1685/2123/1685
vt 0.7883160 0.2139280
vt 0.7750860 0.2024660
vt 0.8155740 0.2065740
f 1573/2133/1573 1695/2134/1695 1574/2135/1574
vt 0.7158630 0.4381480
f 1694/2132/1694 1696/2136/1696 1691/2129/1691
vt 0.7736070 0.4170020
f 1613/2051/1613 1697/2137/1697 1696/2136/1696
f 1613/2051/1613 1696/2136/1696 1694/2132/1694
vt 0.9046720 0.4090330
vt 0.8778370 0.4065230
f 1698/2138/1698 1699/2139/1699 1570/2043/1570
vt 0.8908600 0.3649400
f 1698/2138/1698 1570/2043/1570 1569/2140/1569
vt 0.6984200 0.4964630
vt 0.6756560 0.5192620
f 1691/2129/1691 1700/2141/1700 1701/2142/1701
f 1691/2129/1691 1701/2142/1701 1692/2130/1692
vt 0.7221570 0.4660900
f 1696/2136/1696 1702/2143/1702 1700/2141/1700
f 1696/2136/1696 1700/2141/1700 1691/2129/1691
vt 0.7810570 0.4434710
f 1697/2137/1697 1703/2144/1703 1702/2143/1702
f 1697/2137/1697 1702/2143/1702 1696/2136/1696
vt 0.8258340 0.4108000
vt 0.8322000 0.4367590
f 1704/2145/1704 1705/2146/1705 1703/2144/1703
f 1704/2145/1704 1703/2144/1703 1697/2137/1697
vt 0.8748130 0.4420370
vt 0.8585960 0.4056860
f 1699/2139/1699 1706/2147/1706 1707/2148/1707
vt 0.8957170 0.4471140
f 1698/2138/1698 1708/2149/1708 1706/2147/1706
f 1698/2138/1698 1706/2147/1706 1699/2139/1699
vt 0.7291640 0.4930980
f 1702/2143/1702 1709/2150/1709 1700/2141/1700
vt 0.7729130 0.4831360
f 1703/2144/1703 1710/2151/1710 1709/2150/1709
f 1703/2144/1703 1709/2150/1709 1702/2143/1702
vt 0.8173470 0.4796570
f 1705/2146/1705 1711/2152/1711 1710/2151/1710
f 1705/2146/1705 1710/2151/1710 1703/2144/1703
vt 0.8563350 0.4831400
f 1706/2147/1706 1712/2153/1712 1711/2152/1711
f 1706/2147/1706 1711/2152/1711 1705/2146/1705
vt 0.7137750 0.5266620
vt 0.6953590 0.5413940
f 1700/2141/1700 1713/2154/1713 1714/2155/1714
f 1700/2141/1700 1714/2155/1714 1701/2142/1701
vt 0.7382060 0.5194900
f 1709/2150/1709 1715/2156/1715 1713/2154/1713
f 1709/2150/1709 1713/2154/1713 1700/2141/1700
vt 0.7645580 0.5171770
f 1710/2151/1710 1716/2157/1716 1715/2156/1715
f 1710/2151/1710 1715/2156/1715 1709/2150/1709
vt 0.7942640 0.5169400
f 1711/2152/1711 1717/2158/1717 1716/2157/1716
f 1711/2152/1711 1716/2157/1716 1710/2151/1710
vt 0.8275380 0.5194550
f 1712/2153/1712 1718/2159/1718 1717/2158/1717
f 1712/2153/1712 1717/2158/1717 1711/2152/1711
vt 0.8776810 0.4888900
vt 0.8459260 0.5311270
f 1719/2160/1719 1720/2161/1720 1718/2159/1718
f 1719/2160/1719 1718/2159/1718 1712/2153/1712
vt 0.7226320 0.5525850
vt 0.7149360 0.5638300
f 1713/2154/1713 1721/2162/1721 1722/2163/1722
f 1713/2154/1713 1722/2163/1722 1714/2155/1714
vt 0.7546430 0.5542130
f 1715/2156/1715 1723/2164/1723 1721/2162/1721
f 1715/2156/1715 1721/2162/1721 1713/2154/1713
f 1716/2157/1716 1723/2164/1723 1715/2156/1715
f 1717/2158/1717 1723/2164/1723 1716/2157/1716
vt 0.7818720 0.5506990
f 1718/2159/1718 1724/2165/1724 1723/2164/1723
f 1718/2159/1718 1723/2164/1723 1717/2158/1717
vt 0.7910100 0.5648010
f 1720/2161/1720 1725/2166/1725 1724/2165/1724
f 1720/2161/1720 1724/2165/1724 1718/2159/1718
f 1672/2110/1672 1678/2116/1678 1671/2109/1671
f 1673/2111/1673 1680/2118/1680 1678/2116/1678
f 1673/2111/1673 1678/2116/1678 1672/2110/1672
f 1674/2112/1674 1682/2120/1682 1680/2118/1680
f 1674/2112/1674 1680/2118/1680 1673/2111/1673
f 1675/2113/1675 1686/2124/1686 1693/2131/1693
f 1675/2113/1675 1693/2131/1693 1676/2114/1676
f 1677/2115/1677 1684/2122/1684 1686/2124/1686
f 1677/2115/1677 1686/2124/1686 1675/2113/1675
f 1679/2117/1679 1606/2035/1606 1684/2122/1684
f 1679/2117/1679 1684/2122/1684 1677/2115/1677
f 1681/2119/1681 1688/2126/1688 1606/2035/1606
f 1681/2119/1681 1606/2035/1606 1679/2117/1679
f 1683/2121/1683 1687/2125/1687 1688/2126/1688
f 1683/2121/1683 1688/2126/1688 1681/2119/1681
f 1688/2126/1688 1604/2033/1604 1606/2035/1606
f 1596/2025/1596 1704/2145/1704 1697/2137/1697
f 1596/2025/1596 1697/2137/1697 1613/2051/1613
vt 0.7635620 0.2204560
f 1690/2128/1690 1576/2167/1576 1577/2042/1577
f 1706/2147/1706 1705/2146/1705 1704/2145/1704
f 1706/2147/1706 1704/2145/1704 1707/2148/1707
f 1704/2145/1704 1596/2025/1596 1590/2019/1590
f 1704/2145/1704 1590/2019/1590 1707/2148/1707
f 1699/2139/1699 1707/2148/1707 1590/2019/1590
f 1699/2139/1699 1590/2019/1590 1570/2043/1570
vt 0.3996850 0.4439060
vt 0.3913410 0.4504710
f 1633/2071/1633 1726/2168/1726 1727/2169/1727
f 1633/2071/1633 1727/2169/1727 1634/2072/1634
f 1631/2069/1631 1726/2168/1726 1633/2071/1633
f 1631/2069/1631 1633/2071/1633 1632/2070/1632
f 1630/2068/1630 1629/2067/1629 1726/2168/1726
f 1630/2068/1630 1726/2168/1726 1631/2069/1631
vt 0.4831350 0.3157560
f 1728/2170/1728 1668/2106/1668 1661/2099/1661
f 1728/2170/1728 1661/2099/1661 1662/2100/1662
vt 0.5064510 0.2791540
f 1729/2171/1729 1674/2112/1674 1668/2106/1668
f 1729/2171/1729 1668/2106/1668 1728/2170/1728
vt 0.5951560 0.2095190
f 1730/2172/1730 1683/2121/1683 1682/2120/1682
vt 0.5473440 0.2367210
f 1730/2172/1730 1682/2120/1682 1731/2173/1731
f 1719/2160/1719 1712/2153/1712 1706/2147/1706
f 1719/2160/1719 1706/2147/1706 1708/2149/1708
f 1731/2173/1731 1682/2120/1682 1674/2112/1674
f 1731/2173/1731 1674/2112/1674 1729/2171/1729
f 1730/2172/1730 1689/2127/1689 1687/2125/1687
f 1730/2172/1730 1687/2125/1687 1683/2121/1683
vt 0.8994320 0.3284570
f 1698/2138/1698 1569/2140/1569 1572/2174/1572
vt 0.9070980 0.3494930
f 1698/2138/1698 1572/2174/1572 1732/2175/1732
f 1727/2169/1727 1726/2168/1726 1629/2067/1629
f 1727/2169/1727 1629/2067/1629 1628/2066/1628
f 1598/2027/1598 1612/2050/1612 1602/2031/1602
f 1598/2027/1598 1602/2031/1602 1599/2028/1599
f 1592/2021/1592 1598/2027/1598 1599/2028/1599
f 1592/2021/1592 1599/2028/1599 1593/2022/1593
f 1582/2011/1582 1592/2021/1592 1593/2022/1593
f 1582/2011/1582 1593/2022/1593 1585/2014/1585
f 1583/2012/1583 1582/2011/1582 1585/2014/1585
f 1583/2012/1583 1585/2014/1585 1584/2013/1584
f 1584/2013/1584 1609/2038/1609 1607/2036/1607
f 1584/2013/1584 1607/2036/1607 1583/2012/1583
f 1608/2037/1608 1607/2036/1607 1609/2038/1609
f 1608/2037/1608 1609/2038/1609 1610/2046/1610
f 1610/2046/1610 1611/2048/1611 1561/2049/1561
f 1610/2046/1610 1561/2049/1561 1608/2037/1608
f 1560/1989/1560 1561/1990/1561 1611/2047/1611
f 1560/1989/1560 1611/2047/1611 1562/1991/1562
f 1560/1989/1560 1562/1991/1562 1565/1994/1565
f 1560/1989/1560 1565/1994/1565 1571/2000/1571
f 1572/2001/1572 1571/2000/1571 1565/1994/1565
f 1572/2001/1572 1565/1994/1565 1574/2003/1574
vt 0.9095030 0.2934290
f 1732/2175/1732 1572/2174/1572 1574/2176/1574
f 1560/1989/1560 1571/2000/1571 1556/1985/1556
f 1560/1989/1560 1556/1985/1556 1559/1988/1559
f 1564/1993/1564 1563/1992/1563 1568/1997/1568
f 1573/2002/1573 1564/1993/1564 1568/1997/1568
f 1573/2002/1573 1568/1997/1568 1576/2005/1576
f 1690/2128/1690 1695/2134/1695 1573/2133/1573
f 1690/2128/1690 1573/2133/1573 1576/2167/1576
vt 0.7560120 0.5710250
f 1721/2162/1721 1723/2164/1723 1733/2177/1733
f 1721/2162/1721 1733/2177/1733 1722/2163/1722
f 1723/2164/1723 1724/2165/1724 1725/2166/1725
f 1723/2164/1723 1725/2166/1725 1733/2177/1733
vt 0.8179650 0.1081350
vt 0.7956640 0.1296960
vt 0.7866750 0.1106520
f 1734/2178/1734 1735/2179/1735 1736/2180/1736
vt 0.8110820 0.0951310
f 1734/2178/1734 1736/2180/1736 1737/2181/1737
vt 0.7834540 0.0753550
f 1737/2181/1737 1736/2180/1736 1738/2182/1738
vt 0.8027250 0.0772370
f 1737/2181/1737 1738/2182/1738 1739/2183/1739
vt 0.7830460 0.0411630
f 1739/2183/1739 1738/2182/1738 1740/2184/1740
vt 0.8137090 0.0609350
f 1739/2183/1739 1740/2184/1740 1741/2185/1741
vt 0.7965960 0.0244010
f 1741/2185/1741 1740/2184/1740 1742/2186/1742
vt 0.8256030 0.0529800
f 1741/2185/1741 1742/2186/1742 1743/2187/1743
vt 0.7648340 0.1509580
vt 0.7557350 0.1244710
f 1735/2179/1735 1744/2188/1744 1745/2189/1745
f 1735/2179/1735 1745/2189/1745 1736/2180/1736
vt 0.7506640 0.0800010
f 1736/2180/1736 1745/2189/1745 1746/2190/1746
f 1736/2180/1736 1746/2190/1746 1738/2182/1738
vt 0.7448060 0.0336510
f 1738/2182/1738 1746/2190/1746 1747/2191/1747
f 1738/2182/1738 1747/2191/1747 1740/2184/1740
vt 0.7516500 0.0062010
f 1740/2184/1740 1747/2191/1747 1748/2192/1748
f 1740/2184/1740 1748/2192/1748 1742/2186/1742
vt 0.7213100 0.1642670
vt 0.7185160 0.1348120
f 1744/2188/1744 1749/2193/1749 1750/2194/1750
f 1744/2188/1744 1750/2194/1750 1745/2189/1745
vt 0.7115610 0.0857100
f 1745/2189/1745 1750/2194/1750 1751/2195/1751
f 1745/2189/1745 1751/2195/1751 1746/2190/1746
vt 0.7060460 0.0360550
f 1746/2190/1746 1751/2195/1751 1752/2196/1752
f 1746/2190/1746 1752/2196/1752 1747/2191/1747
vt 0.7063030 0.0039060
f 1747/2191/1747 1752/2196/1752 1753/2197/1753
f 1747/2191/1747 1753/2197/1753 1748/2192/1748
vt 0.6737320 0.1638170
vt 0.6764350 0.1379370
f 1749/2193/1749 1754/2198/1754 1755/2199/1755
f 1749/2193/1749 1755/2199/1755 1750/2194/1750
vt 0.6723910 0.0913620
f 1750/2194/1750 1755/2199/1755 1756/2200/1756
f 1750/2194/1750 1756/2200/1756 1751/2195/1751
vt 0.6651400 0.0461380
f 1751/2195/1751 1756/2200/1756 1757/2201/1757
f 1751/2195/1751 1757/2201/1757 1752/2196/1752
vt 0.6566190 0.0175800
f 1752/2196/1752 1757/2201/1757 1758/2202/1758
f 1752/2196/1752 1758/2202/1758 1753/2197/1753
vt 0.6404210 0.1313300
vt 0.6384460 0.0960390
f 1755/2199/1755 1759/2203/1759 1760/2204/1760
f 1755/2199/1755 1760/2204/1760 1756/2200/1756
vt 0.6327480 0.0614930
f 1756/2200/1756 1760/2204/1760 1761/2205/1761
f 1756/2200/1756 1761/2205/1761 1757/2201/1757
vt 0.6223580 0.0406010
f 1757/2201/1757 1761/2205/1761 1762/2206/1762
f 1757/2201/1757 1762/2206/1762 1758/2202/1758
vt 0.6102410 0.1284550
vt 0.6185090 0.1161530
f 1763/2207/1763 1764/2208/1764 1759/2203/1759
vt 0.6323430 0.1480570
f 1763/2207/1763 1759/2203/1759 1765/2209/1765
vt 0.6113570 0.0983780
vt 0.6131430 0.0806260
f 1760/2204/1760 1766/2210/1766 1767/2211/1767
f 1760/2204/1760 1767/2211/1767 1761/2205/1761
vt 0.5977200 0.0786790
f 1761/2205/1761 1767/2211/1767 1768/2212/1768
f 1761/2205/1761 1768/2212/1768 1762/2206/1762
vt 0.8262990 0.0797140
vt 0.8398080 0.0801300
f 1737/2181/1737 1769/2213/1769 1770/2214/1770
f 1737/2181/1737 1770/2214/1770 1734/2178/1734
f 1741/2185/1741 1743/2187/1743 1770/2214/1770
f 1741/2185/1741 1770/2214/1770 1769/2213/1769
f 1766/2210/1766 1764/2208/1764 1763/2207/1763
vt 0.5956870 0.1016470
f 1766/2210/1766 1763/2207/1763 1771/2215/1771
f 1771/2215/1771 1768/2212/1768 1767/2211/1767
f 1771/2215/1771 1767/2211/1767 1766/2210/1766
f 1741/2185/1741 1769/2213/1769 1739/2183/1739
f 1739/2183/1739 1769/2213/1769 1737/2181/1737
f 1754/2198/1754 1765/2209/1765 1759/2203/1759
f 1754/2198/1754 1759/2203/1759 1755/2199/1755
f 1759/2203/1759 1764/2208/1764 1766/2210/1766
f 1759/2203/1759 1766/2210/1766 1760/2204/1760
vt 0.4427120 0.4850020
vt 0.4626710 0.5125830
vt 0.4407150 0.5070280
f 1775/2216/1775 1774/2217/1774 1773/2218/1773
vt 0.4154720 0.5027420
vt 0.4186360 0.4757690
f 1772/2219/1772 1777/2220/1777 1775/2216/1775
f 1772/2219/1772 1775/2216/1775 1773/2218/1773
vt 0.8558530 0.1270670
vt 0.8563740 0.1082640
vt 0.8704940 0.1075860
f 1778/2221/1778 1779/2222/1779 1780/2223/1780
vt 0.8708780 0.1247450
f 1778/2221/1778 1780/2223/1780 1781/2224/1781
vt 0.8363440 0.1068240
f 1782/2225/1782 1779/2222/1779 1778/2221/1778
vt 0.8882970 0.1070700
vt 0.8813380 0.1191810
f 1783/2226/1783 1784/2227/1784 1781/2224/1781
f 1783/2226/1783 1781/2224/1781 1780/2223/1780
vt 0.8689190 0.0890630
f 1785/2228/1785 1783/2226/1783 1780/2223/1780
vt 0.8544460 0.0859670
f 1779/2222/1779 1787/2229/1787 1785/2228/1785
f 1779/2222/1779 1785/2228/1785 1780/2223/1780
f 1782/2225/1782 1787/2229/1787 1779/2222/1779
vt 0.3458430 0.9574200
vt 0.3568260 0.9376520
vt 0.3808640 0.9522000
f 1788/2230/1788 1789/2231/1789 1790/2232/1790
vt 0.3707960 0.9730630
f 1788/2230/1788 1790/2232/1790 1791/2233/1791
vt 0.3212120 0.9408800
vt 0.3335830 0.9249080
f 1792/2234/1792 1793/2235/1793 1789/2231/1789
f 1792/2234/1792 1789/2231/1789 1788/2230/1788
vt 0.3076870 0.9207980
vt 0.3100940 0.9150420
f 1794/2236/1794 1795/2237/1795 1793/2235/1793
f 1794/2236/1794 1793/2235/1793 1792/2234/1792
vt 0.4171900 0.9797330
vt 0.4050430 0.9866650
vt 0.3872900 0.9820350
f 1796/2238/1796 1797/2239/1797 1798/2240/1798
vt 0.3973190 0.9643280
f 1796/2238/1796 1798/2240/1798 1799/2241/1799
vt 0.4079310 0.9458450
vt 0.4173500 0.9609050
f 1799/2241/1799 1800/2242/1800 1801/2243/1801
f 1799/2241/1799 1801/2243/1801 1796/2238/1796
vt 0.3709880 0.9156220
vt 0.3939850 0.9324950
f 1789/2231/1789 1802/2244/1802 1803/2245/1803
f 1789/2231/1789 1803/2245/1803 1790/2232/1790
vt 0.3467510 0.9076570
f 1793/2235/1793 1804/2246/1804 1802/2244/1802
f 1793/2235/1793 1802/2244/1802 1789/2231/1789
vt 0.3260820 0.9066160
f 1795/2237/1795 1805/2247/1805 1804/2246/1804
f 1795/2237/1795 1804/2246/1804 1793/2235/1793
f 1799/2241/1799 1798/2240/1798 1791/2233/1791
f 1799/2241/1799 1791/2233/1791 1790/2232/1790
f 1803/2245/1803 1800/2242/1800 1799/2241/1799
f 1803/2245/1803 1799/2241/1799 1790/2232/1790
vt 0.9019080 0.6008870
vt 0.9099080 0.6210370
vt 0.8810290 0.6296680
f 1806/2248/1806 1807/2249/1807 1808/2250/1808
vt 0.8691720 0.6098400
f 1806/2248/1806 1808/2250/1808 1809/2251/1809
vt 0.9391050 0.5907070
vt 0.9472860 0.6080260
f 1810/2252/1810 1811/2253/1811 1807/2249/1807
f 1810/2252/1810 1807/2249/1807 1806/2248/1806
vt 0.9876180 0.5814480
vt 0.9905350 0.5926980
f 1722/2254/1722 1812/2255/1812 1811/2253/1811
f 1722/2254/1722 1811/2253/1811 1810/2252/1810
vt 0.8245080 0.6437440
vt 0.8316960 0.6290540
vt 0.8456900 0.6184040
f 1813/2256/1813 1814/2257/1814 1815/2258/1815
vt 0.8545920 0.6371470
f 1813/2256/1813 1815/2258/1815 1816/2259/1816
vt 0.8608470 0.6577470
vt 0.8424440 0.6554700
f 1816/2259/1816 1817/2260/1817 1818/2261/1818
f 1816/2259/1816 1818/2261/1818 1813/2256/1813
vt 0.9143990 0.6408980
vt 0.8851730 0.6526950
f 1807/2249/1807 1819/2262/1819 1820/2263/1820
f 1807/2249/1807 1820/2263/1820 1808/2250/1808
vt 0.9490300 0.6268010
f 1811/2253/1811 1821/2264/1821 1819/2262/1819
f 1811/2253/1811 1819/2262/1819 1807/2249/1807
f 1812/2255/1812 1821/2264/1821 1811/2253/1811
f 1816/2259/1816 1815/2258/1815 1809/2251/1809
f 1816/2259/1816 1809/2251/1809 1808/2250/1808
f 1820/2263/1820 1817/2260/1817 1816/2259/1816
f 1820/2263/1820 1816/2259/1816 1808/2250/1808
vt 0.5630530 0.0047590
vt 0.5671690 0.0063300
vt 0.5626920 0.0167830
f 1823/2265/1823 1824/2266/1824 1825/2267/1825
vt 0.5599740 0.0160160
f 1823/2265/1823 1825/2267/1825 1826/2268/1826
vt 0.5710710 0.0087800
vt 0.5652810 0.0184830
f 1824/2266/1824 1827/2269/1827 1828/2270/1828
f 1824/2266/1824 1828/2270/1828 1825/2267/1825
vt 0.5745770 0.0122030
vt 0.5678110 0.0205560
f 1827/2269/1827 1829/2271/1829 1830/2272/1830
f 1827/2269/1827 1830/2272/1830 1828/2270/1828
vt 0.5774610 0.0157450
vt 0.5700510 0.0225600
f 1829/2271/1829 1831/2273/1831 1832/2274/1832
f 1829/2271/1829 1832/2274/1832 1830/2272/1830
vt 0.5799320 0.0186010
vt 0.5719220 0.0243890
f 1831/2273/1831 1833/2275/1833 1834/2276/1834
f 1831/2273/1831 1834/2276/1834 1832/2274/1832
vt 0.5576240 0.0242830
vt 0.5562350 0.0241110
f 1826/2268/1826 1835/2277/1835 1836/2278/1836
vt 0.5575410 0.0153170
f 1826/2268/1826 1836/2278/1836 1837/2279/1837
vt 0.5591990 0.0250350
f 1825/2267/1825 1838/2280/1838 1835/2277/1835
f 1825/2267/1825 1835/2277/1835 1826/2268/1826
vt 0.5607570 0.0261630
f 1828/2270/1828 1839/2281/1839 1838/2280/1838
f 1828/2270/1828 1838/2280/1838 1825/2267/1825
vt 0.5621970 0.0273890
f 1830/2272/1830 1840/2282/1840 1839/2281/1839
f 1830/2272/1830 1839/2281/1839 1828/2270/1828
vt 0.5634510 0.0285810
f 1832/2274/1832 1841/2283/1841 1840/2282/1840
f 1832/2274/1832 1840/2282/1840 1830/2272/1830
vt 0.5570130 0.0313910
vt 0.5563290 0.0312690
f 1835/2277/1835 1842/2284/1842 1843/2285/1843
f 1835/2277/1835 1843/2285/1843 1836/2278/1836
f 1838/2280/1838 1842/2284/1842 1835/2277/1835
vt 0.5581950 0.0322950
f 1839/2281/1839 1844/2286/1844 1842/2284/1842
f 1839/2281/1839 1842/2284/1842 1838/2280/1838
f 1840/2282/1840 1844/2286/1844 1839/2281/1839
vt 0.5590710 0.0331660
f 1841/2283/1841 1845/2287/1845 1844/2286/1844
f 1841/2283/1841 1844/2286/1844 1840/2282/1840
vt 0.5579220 0.0336520
f 1842/2284/1842 1844/2286/1844 1846/2288/1846
f 1844/2286/1844 1845/2287/1845 1846/2288/1846
vt 0.5596040 0.0039060
f 1837/2279/1837 1847/2289/1847 1823/2265/1823
f 1837/2279/1837 1823/2265/1823 1826/2268/1826
vt 0.5644800 0.0296480
f 1834/2276/1834 1848/2290/1848 1841/2283/1841
f 1834/2276/1834 1841/2283/1841 1832/2274/1832
f 1848/2290/1848 1845/2287/1845 1841/2283/1841
f 1846/2288/1846 1843/2285/1843 1842/2284/1842
vt 0.0696100 0.0108380
vt 0.0692800 0.0077910
vt 0.0715150 0.0065700
f 1849/2291/1849 1850/2292/1850 1851/2293/1851
vt 0.0754060 0.0093340
f 1849/2291/1849 1851/2293/1851 1852/2294/1852
vt 0.0700940 0.0140410
f 1853/2295/1853 1849/2291/1849 1852/2294/1852
vt 0.0793550 0.0150700
f 1853/2295/1853 1852/2294/1852 1854/2296/1854
vt 0.0706720 0.0039060
f 1852/2294/1852 1851/2293/1851 1855/2297/1855
vt 0.0767690 0.0074550
f 1852/2294/1852 1855/2297/1855 1856/2298/1856
vt 0.0670290 0.0063270
f 1851/2293/1851 1850/2292/1850 1857/2299/1857
f 1851/2293/1851 1857/2299/1857 1855/2297/1855
vt 0.0670860 0.0107330
f 1850/2292/1850 1849/2291/1849 1858/2300/1858
f 1850/2292/1850 1858/2300/1858 1857/2299/1857
f 1854/2296/1854 1852/2294/1852 1856/2298/1856
vt 0.0810410 0.0135100
f 1854/2296/1854 1856/2298/1856 1859/2301/1859
vt 0.0673100 0.0136090
f 1849/2291/1849 1853/2295/1853 1860/2302/1860
f 1849/2291/1849 1860/2302/1860 1858/2300/1858
vt 0.0797650 0.0193000
f 1853/2295/1853 1854/2296/1854 1861/2303/1861
vt 0.0702730 0.0184520
f 1853/2295/1853 1861/2303/1861 1862/2304/1862
vt 0.0817200 0.0179400
f 1854/2296/1854 1859/2301/1859 1863/2305/1863
f 1854/2296/1854 1863/2305/1863 1861/2303/1861
f 1860/2302/1860 1853/2295/1853 1862/2304/1862
vt 0.0675670 0.0179690
f 1860/2302/1860 1862/2304/1862 1864/2306/1864
vt 0.3487590 0.0174250
vt 0.3461760 0.0223890
vt 0.3436330 0.0213220
f 1865/2307/1865 1866/2308/1866 1867/2309/1867
vt 0.3426620 0.0152650
f 1865/2307/1865 1867/2309/1867 1868/2310/1868
vt 0.3512910 0.0127870
f 1869/2311/1869 1865/2307/1865 1868/2310/1868
vt 0.3425190 0.0063160
f 1869/2311/1869 1868/2310/1868 1870/2312/1870
vt 0.3419620 0.0235940
f 1868/2310/1868 1867/2309/1867 1871/2313/1871
vt 0.3402840 0.0160010
f 1868/2310/1868 1871/2313/1871 1872/2314/1872
vt 0.3469040 0.0249160
f 1867/2309/1867 1866/2308/1866 1873/2315/1873
f 1867/2309/1867 1873/2315/1873 1871/2313/1871
vt 0.3505700 0.0192560
f 1866/2308/1866 1865/2307/1865 1874/2316/1874
f 1866/2308/1866 1874/2316/1874 1873/2315/1873
f 1870/2312/1870 1868/2310/1868 1872/2314/1872
vt 0.3392870 0.0043590
f 1870/2312/1870 1872/2314/1872 1909/2317/1909
vt 0.3392790 0.0039290
f 1870/2312/1870 1909/2317/1909 1910/2318/1910
vt 0.3531180 0.0151630
f 1865/2307/1865 1869/2311/1869 1875/2319/1875
f 1865/2307/1865 1875/2319/1875 1874/2316/1874
vt 0.8825420 0.2360020
vt 0.8875090 0.2382140
vt 0.8830730 0.2481640
f 1876/2320/1876 1877/2321/1877 1878/2322/1878
vt 0.8761880 0.2405000
f 1876/2320/1876 1878/2322/1878 1879/2323/1879
vt 0.8953010 0.2410640
vt 0.9045300 0.2422800
vt 0.9066940 0.2541080
f 1880/2324/1880 1881/2325/1881 1882/2326/1882
vt 0.8933500 0.2528600
f 1880/2324/1880 1882/2326/1882 1883/2327/1883
vt 0.9187190 0.2408900
vt 0.9214630 0.2524810
f 1881/2325/1881 1884/2328/1884 1885/2329/1885
f 1881/2325/1881 1885/2329/1885 1882/2326/1882
vt 0.9318860 0.2364310
vt 0.9351200 0.2476070
f 1884/2328/1884 1886/2330/1886 1887/2331/1887
f 1884/2328/1884 1887/2331/1887 1885/2329/1885
vt 0.9429080 0.2308120
vt 0.9485640 0.2405320
f 1886/2330/1886 1888/2332/1888 1889/2333/1889
f 1886/2330/1886 1889/2333/1889 1887/2331/1887
vt 0.9536160 0.2245890
vt 0.9598020 0.2328090
f 1888/2332/1888 1890/2334/1890 1891/2335/1891
f 1888/2332/1888 1891/2335/1891 1889/2333/1889
vt 0.9615470 0.2181360
vt 0.9671880 0.2212200
f 1890/2334/1890 1892/2336/1892 1893/2337/1893
f 1890/2334/1890 1893/2337/1893 1891/2335/1891
vt 0.9679270 0.2091390
vt 0.9745770 0.1988740
f 1894/2338/1894 1895/2339/1895 1911/2339/1911
vt 0.9719850 0.2118440
f 1894/2338/1894 1911/2339/1911 1896/2340/1896
f 1892/2336/1892 1894/2338/1894 1896/2340/1896
f 1892/2336/1892 1896/2340/1896 1893/2337/1893
vt 0.8822540 0.2572560
vt 0.8751790 0.2482630
f 1878/2322/1878 1897/2341/1897 1898/2342/1898
f 1878/2322/1878 1898/2342/1898 1879/2323/1879
vt 0.9050090 0.2673940
vt 0.8901090 0.2621560
f 1882/2326/1882 1899/2343/1899 1900/2344/1900
f 1882/2326/1882 1900/2344/1900 1883/2327/1883
vt 0.9229480 0.2664740
f 1885/2329/1885 1901/2345/1901 1899/2343/1899
f 1885/2329/1885 1899/2343/1899 1882/2326/1882
vt 0.9400110 0.2614100
f 1887/2331/1887 1902/2346/1902 1901/2345/1901
f 1887/2331/1887 1901/2345/1901 1885/2329/1885
vt 0.9554370 0.2513220
f 1889/2333/1889 1903/2347/1903 1902/2346/1902
f 1889/2333/1889 1902/2346/1902 1887/2331/1887
vt 0.9654890 0.2398770
f 1891/2335/1891 1904/2348/1904 1903/2347/1903
f 1891/2335/1891 1903/2347/1903 1889/2333/1889
vt 0.9711080 0.2230510
f 1893/2337/1893 1905/2349/1905 1904/2348/1904
f 1893/2337/1893 1904/2348/1904 1891/2335/1891
f 1896/2340/1896 1905/2349/1905 1893/2337/1893
f 1878/2322/1878 1877/2321/1877 1880/2324/1880
f 1878/2322/1878 1880/2324/1880 1883/2327/1883
f 1883/2327/1883 1900/2344/1900 1897/2341/1897
f 1883/2327/1883 1897/2341/1897 1878/2322/1878
vt 0.9039270 0.2734190
f 1900/2344/1900 1899/2343/1899 1914/2350/1914
vt 0.8872470 0.2673990
f 1900/2344/1900 1914/2350/1914 1913/2351/1913
vt 0.9239570 0.2730150
f 1899/2343/1899 1901/2345/1901 1915/2352/1915
f 1899/2343/1899 1915/2352/1915 1914/2350/1914
vt 0.9426000 0.2666090
f 1901/2345/1901 1902/2346/1902 1916/2353/1916
f 1901/2345/1901 1916/2353/1916 1915/2352/1915
vt 0.9592010 0.2552690
f 1902/2346/1902 1903/2347/1903 1917/2354/1917
f 1902/2346/1902 1917/2354/1917 1916/2353/1916
vt 0.9704240 0.2426140
f 1903/2347/1903 1904/2348/1904 1918/2355/1918
f 1903/2347/1903 1918/2355/1918 1917/2354/1917
vt 0.9765600 0.2241310
f 1904/2348/1904 1905/2349/1905 1919/2356/1919
f 1904/2348/1904 1919/2356/1919 1918/2355/1918
vt 0.9772630 0.2115760
f 1905/2349/1905 1896/2340/1896 1920/2357/1920
f 1905/2349/1905 1920/2357/1920 1919/2356/1919
f 1896/2340/1896 1911/2339/1911 1920/2357/1920
vt 0.8740250 0.2398600
f 1876/2320/1876 1879/2323/1879 1921/2358/1921
vt 0.8804700 0.2348150
f 1876/2320/1876 1921/2358/1921 1922/2359/1922
vt 0.8720050 0.2493010
f 1879/2323/1879 1898/2342/1898 1923/2360/1923
f 1879/2323/1879 1923/2360/1923 1921/2358/1921
vt 0.8791440 0.2608850
f 1898/2342/1898 1897/2341/1897 1912/2361/1912
f 1898/2342/1898 1912/2361/1912 1923/2360/1923
vt 0.4388360 0.5274080
vt 0.4101240 0.5225010
f 1907/2362/1907 1906/2363/1906 1772/2219/1772
f 1907/2362/1907 1772/2219/1772 1773/2218/1773
vt 0.3862010 0.4988390
f 1906/2363/1906 1908/2364/1908 1772/2219/1772
f 1774/2217/1774 1907/2362/1907 1773/2218/1773
f 1908/2364/1908 1777/2220/1777 1772/2219/1772
f 1913/2351/1913 1912/2361/1912 1897/2341/1897
f 1913/2351/1913 1897/2341/1897 1900/2344/1900
vt 1.1011920 0.0087200
vt 1.0959780 0.0096070
vt 1.0978310 0.0133520
f 1924/2365/1924 1927/2366/1927 1926/2367/1926
vt 1.1008120 0.0127130
f 1924/2365/1924 1926/2367/1926 1925/2368/1925
vt 1.1017320 0.0039060
vt 1.0928030 0.0044820
f 1928/2369/1928 1929/2370/1929 1927/2366/1927
f 1928/2369/1928 1927/2366/1927 1924/2365/1924
vt 1.0938940 0.0111340
vt 1.0972360 0.0161610
f 1927/2366/1927 1302/2371/1302 1301/2372/1301
f 1927/2366/1927 1301/2372/1301 1926/2367/1926
vt 1.1026640 0.0150000
f 1926/2367/1926 1301/2372/1301 1303/2373/1303
f 1926/2367/1926 1303/2373/1303 1925/2368/1925
vt 1.1036880 0.0092450
f 1925/2368/1925 1303/2373/1303 1304/2374/1304
f 1925/2368/1925 1304/2374/1304 1924/2365/1924
vt 1.0907010 0.0059360
f 1929/2370/1929 1305/2375/1305 1302/2371/1302
f 1929/2370/1929 1302/2371/1302 1927/2366/1927
vt 1.1042380 0.0043580
f 1924/2365/1924 1304/2374/1304 1306/2376/1306
f 1924/2365/1924 1306/2376/1306 1928/2369/1928
vt 1.9507550 0.0476870
vt 1.9537760 0.0474390
vt 1.9550540 0.0415860
f 1930/2377/1930 1933/2378/1933 1932/2379/1932
vt 1.9521270 0.0410770
f 1930/2377/1930 1932/2379/1932 1931/2380/1931
vt 1.9551390 0.0516000
vt 1.9580660 0.0430640
f 1933/2378/1933 1935/2381/1935 1934/2382/1934
f 1933/2378/1933 1934/2382/1934 1932/2379/1932
vt 1.9608361 0.0478540
f 1935/2381/1935 1936/2383/1936 1934/2382/1934
vt 1.9642119 0.0504990
f 1935/2381/1935 1937/2384/1937 1936/2383/1936
vt 1.9595600 0.0549680
vt 1.9660980 0.0541040
f 1935/2381/1935 1939/2385/1939 1938/2386/1938
f 1935/2381/1935 1938/2386/1938 1937/2384/1937
vt 1.9590000 0.0575300
vt 1.9671431 0.0583880
f 1939/2385/1939 1941/2387/1941 1940/2388/1940
f 1939/2385/1939 1940/2388/1940 1938/2386/1938
vt 1.9588950 0.0356820
f 1931/2380/1931 1932/2379/1932 1943/2389/1943
vt 1.9559060 0.0340570
f 1931/2380/1931 1943/2389/1943 1942/2390/1942
vt 1.9624510 0.0377980
f 1932/2379/1932 1934/2382/1934 1944/2391/1944
f 1932/2379/1932 1944/2391/1944 1943/2389/1943
vt 1.9669321 0.0420380
f 1934/2382/1934 1936/2383/1936 1945/2392/1945
f 1934/2382/1934 1945/2392/1945 1944/2391/1944
vt 1.9713600 0.0465840
f 1936/2383/1936 1937/2384/1937 1946/2393/1946
f 1936/2383/1936 1946/2393/1946 1945/2392/1945
vt 1.9744910 0.0500540
f 1937/2384/1937 1938/2386/1938 1947/2394/1947
f 1937/2384/1937 1947/2394/1947 1946/2393/1946
vt 1.9767300 0.0535760
f 1938/2386/1938 1940/2388/1940 1948/2395/1948
f 1938/2386/1938 1948/2395/1948 1947/2394/1947
vt 1.9631680 0.0312540
f 1942/2390/1942 1943/2389/1943 1950/2396/1950
vt 1.9600580 0.0291490
f 1942/2390/1942 1950/2396/1950 1949/2397/1949
vt 1.9673170 0.0338760
f 1943/2389/1943 1944/2391/1944 1951/2398/1951
f 1943/2389/1943 1951/2398/1951 1950/2396/1950
vt 1.9720860 0.0372840
f 1944/2391/1944 1945/2392/1945 1952/2399/1952
f 1944/2391/1944 1952/2399/1952 1951/2398/1951
vt 1.9764550 0.0406410
f 1945/2392/1945 1946/2393/1946 1953/2400/1953
f 1945/2392/1945 1953/2400/1953 1952/2399/1952
vt 1.9805440 0.0434670
f 1946/2393/1946 1947/2394/1947 1954/2401/1954
f 1946/2393/1946 1954/2401/1954 1953/2400/1953
vt 1.9838320 0.0455750
f 1947/2394/1947 1948/2395/1948 1955/2402/1955
f 1947/2394/1947 1955/2402/1955 1954/2401/1954
vt 1.9661760 0.0277480
f 1949/2397/1949 1950/2396/1950 1957/2403/1957
vt 1.9637450 0.0262340
f 1949/2397/1949 1957/2403/1957 1956/2404/1956
vt 1.9706680 0.0298860
f 1950/2396/1950 1951/2398/1951 1958/2405/1958
f 1950/2396/1950 1958/2405/1958 1957/2403/1957
vt 1.9754890 0.0321400
f 1951/2398/1951 1952/2399/1952 1959/2406/1959
f 1951/2398/1951 1959/2406/1959 1958/2405/1958
vt 1.9795520 0.0337690
f 1952/2399/1952 1953/2400/1953 1960/2407/1960
f 1952/2399/1952 1960/2407/1960 1959/2406/1959
vt 1.9834360 0.0343540
f 1953/2400/1953 1954/2401/1954 1961/2408/1961
f 1953/2400/1953 1961/2408/1961 1960/2407/1960
vt 1.9883460 0.0344420
f 1954/2401/1954 1955/2402/1955 1962/2409/1962
f 1954/2401/1954 1962/2409/1962 1961/2408/1961
vt 1.9681240 0.0235760
f 1956/2404/1956 1957/2403/1957 1964/2410/1964
vt 1.9660990 0.0222780
f 1956/2404/1956 1964/2410/1964 1963/2411/1963
vt 1.9715739 0.0248830
f 1957/2403/1957 1958/2405/1958 1965/2412/1965
f 1957/2403/1957 1965/2412/1965 1964/2410/1964
vt 1.9760560 0.0262150
f 1958/2405/1958 1959/2406/1959 1966/2413/1966
f 1958/2405/1958 1966/2413/1966 1965/2412/1965
vt 1.9799370 0.0264340
f 1959/2406/1959 1960/2407/1960 1967/2414/1967
f 1959/2406/1959 1967/2414/1967 1966/2413/1966
vt 1.9834520 0.0258680
f 1960/2407/1960 1961/2408/1961 1968/2415/1968
f 1960/2407/1960 1968/2415/1968 1967/2414/1967
vt 1.9879800 0.0249800
f 1961/2408/1961 1962/2409/1962 1969/2416/1969
f 1961/2408/1961 1969/2416/1969 1968/2415/1968
vt 1.9692250 0.0185870
f 1963/2411/1963 1964/2410/1964 1971/2417/1971
vt 1.9674360 0.0173570
f 1963/2411/1963 1971/2417/1971 1970/2418/1970
vt 1.9718090 0.0194160
f 1964/2410/1964 1965/2412/1965 1972/2419/1972
f 1964/2410/1964 1972/2419/1972 1971/2417/1971
vt 1.9752030 0.0195670
f 1965/2412/1965 1966/2413/1966 1973/2420/1973
f 1965/2412/1965 1973/2420/1973 1972/2419/1972
vt 1.9786561 0.0190040
f 1966/2413/1966 1967/2414/1967 1974/2421/1974
f 1966/2413/1966 1974/2421/1974 1973/2420/1973
vt 1.9817250 0.0179040
f 1967/2414/1967 1968/2415/1968 1975/2422/1975
f 1967/2414/1967 1975/2422/1975 1974/2421/1974
vt 1.9846470 0.0160090
f 1968/2415/1968 1969/2416/1969 1976/2423/1976
f 1968/2415/1968 1976/2423/1976 1975/2422/1975
vt 1.9704230 0.0127620
f 1970/2418/1970 1971/2417/1971 1978/2424/1978
vt 1.9682760 0.0113140
f 1970/2418/1970 1978/2424/1978 1977/2425/1977
f 1971/2417/1971 1972/2419/1972 1978/2424/1978
vt 1.9735980 0.0126820
f 1972/2419/1972 1973/2420/1973 1979/2426/1979
f 1972/2419/1972 1979/2426/1979 1978/2424/1978
vt 1.9775150 0.0111230
f 1973/2420/1973 1974/2421/1974 1980/2427/1980
f 1973/2420/1973 1980/2427/1980 1979/2426/1979
f 1974/2421/1974 1975/2422/1975 1980/2427/1980
vt 1.9810380 0.0086740
f 1975/2422/1975 1976/2423/1976 1981/2428/1981
f 1975/2422/1975 1981/2428/1981 1980/2427/1980
vt 1.9707590 0.0073710
vt 1.9694411 0.0063390
f 1978/2424/1978 1983/2429/1983 1982/2430/1982
f 1978/2424/1978 1982/2430/1982 1977/2425/1977
vt 1.9728080 0.0079200
f 1979/2426/1979 1984/2431/1984 1983/2429/1983
f 1979/2426/1979 1983/2429/1983 1978/2424/1978
vt 1.9754370 0.0060460
f 1980/2427/1980 1985/2432/1985 1984/2431/1984
f 1980/2427/1980 1984/2431/1984 1979/2426/1979
vt 1.9768810 0.0043260
f 1981/2428/1981 1986/2433/1986 1985/2432/1985
f 1981/2428/1981 1985/2432/1985 1980/2427/1980
vt 1.9720020 0.0048120
f 1982/2430/1982 1983/2429/1983 1988/2434/1988
vt 1.9718130 0.0039060
f 1982/2430/1982 1988/2434/1988 1987/2435/1987
f 1985/2432/1985 1986/2433/1986 1987/2435/1987
f 1985/2432/1985 1987/2435/1987 1988/2434/1988
f 1988/2434/1988 1983/2429/1983 1984/2431/1984
f 1988/2434/1988 1984/2431/1984 1985/2432/1985
vt 1.9531370 0.0539460
f 1933/2378/1933 1930/2377/1930 1989/2436/1989
f 1933/2378/1933 1989/2436/1989 1935/2381/1935
f 1935/2381/1935 1989/2436/1989 1941/2387/1941
f 1935/2381/1935 1941/2387/1941 1939/2385/1939
vt 1.4445029 0.2480600
vt 1.4723409 0.2547960
vt 1.4711740 0.2482090
f 1990/2437/1990 1993/2438/1993 1992/2439/1992
vt 1.4486279 0.2424770
f 1990/2437/1990 1992/2439/1992 1991/2440/1991
vt 1.4965870 0.2400180
vt 1.4911160 0.2361840
f 1993/2438/1993 1995/2441/1995 1994/2442/1994
f 1993/2438/1993 1994/2442/1994 1992/2439/1992
vt 1.5032670 0.2126010
vt 1.4968690 0.2135620
f 1995/2441/1995 1997/2443/1997 1996/2444/1996
f 1995/2441/1995 1996/2444/1996 1994/2442/1994
vt 1.4888420 0.1883270
vt 1.4847420 0.1936060
f 1997/2443/1997 1999/2445/1999 1998/2446/1998
f 1997/2443/1997 1998/2446/1998 1996/2444/1996
vt 1.4612401 0.1812460
vt 1.4622170 0.1881060
f 1999/2445/1999 2001/2447/2001 2000/2448/2000
f 1999/2445/1999 2000/2448/2000 1998/2446/1998
vt 1.4370530 0.1960640
vt 1.4422400 0.1999360
f 2001/2447/2001 2003/2449/2003 2002/2450/2002
f 2001/2447/2001 2002/2450/2002 2000/2448/2000
vt 1.4299880 0.2234160
vt 1.4366159 0.2225750
f 2003/2449/2003 2005/2451/2005 2004/2452/2004
f 2003/2449/2003 2004/2452/2004 2002/2450/2002
f 2005/2451/2005 1990/2437/1990 1991/2440/1991
f 2005/2451/2005 1991/2440/1991 2004/2452/2004
vt 1.4700160 0.2397870
f 1991/2440/1991 1992/2439/1992 2007/2453/2007
vt 1.4537430 0.2357430
f 1991/2440/1991 2007/2453/2007 2006/2454/2006
vt 1.4843570 0.2310670
f 1992/2439/1992 1994/2442/1994 2008/2455/2008
f 1992/2439/1992 2008/2455/2008 2007/2453/2007
vt 1.4883170 0.2148540
f 1994/2442/1994 1996/2444/1996 2009/2456/2009
f 1994/2442/1994 2009/2456/2009 2008/2455/2008
vt 1.4797900 0.2004990
f 1996/2444/1996 1998/2446/1998 2010/2457/2010
f 1996/2444/1996 2010/2457/2010 2009/2456/2009
vt 1.4635190 0.1964330
f 1998/2446/1998 2000/2448/2000 2011/2458/2011
f 1998/2446/1998 2011/2458/2011 2010/2457/2010
vt 1.4489710 0.2049800
f 2000/2448/2000 2002/2450/2002 2012/2459/2012
f 2000/2448/2000 2012/2459/2012 2011/2458/2011
vt 1.4450140 0.2214020
f 2002/2450/2002 2004/2452/2004 2013/2460/2013
f 2002/2450/2002 2013/2460/2013 2012/2459/2012
f 2004/2452/2004 1991/2440/1991 2006/2454/2006
f 2004/2452/2004 2006/2454/2006 2013/2460/2013
vt 1.4684120 0.2294690
f 2006/2454/2006 2007/2453/2007 2015/2461/2015
vt 1.4598160 0.2273950
f 2006/2454/2006 2015/2461/2015 2014/2462/2014
vt 1.4759910 0.2249500
f 2007/2453/2007 2008/2455/2008 2016/2463/2016
f 2007/2453/2007 2016/2463/2016 2015/2461/2015
vt 1.4780650 0.2163600
f 2008/2455/2008 2009/2456/2009 2017/2464/2017
f 2008/2455/2008 2017/2464/2017 2016/2463/2016
vt 1.4735310 0.2088080
f 2009/2456/2009 2010/2457/2010 2018/2465/2018
f 2009/2456/2009 2018/2465/2018 2017/2464/2017
vt 1.4649900 0.2067250
f 2010/2457/2010 2011/2458/2011 2019/2466/2019
f 2010/2457/2010 2019/2466/2019 2018/2465/2018
vt 1.4573760 0.2111890
f 2011/2458/2011 2012/2459/2012 2020/2467/2020
f 2011/2458/2011 2020/2467/2020 2019/2466/2019
vt 1.4552510 0.2197820
f 2012/2459/2012 2013/2460/2013 2021/2468/2021
f 2012/2459/2012 2021/2468/2021 2020/2467/2020
f 2013/2460/2013 2006/2454/2006 2014/2462/2014
f 2013/2460/2013 2014/2462/2014 2021/2468/2021
vt 1.4666580 0.2181010
f 2014/2462/2014 2015/2461/2015 2022/2469/2022
f 2015/2461/2015 2016/2463/2016 2022/2469/2022
f 2016/2463/2016 2017/2464/2017 2022/2469/2022
f 2017/2464/2017 2018/2465/2018 2022/2469/2022
f 2018/2465/2018 2019/2466/2019 2022/2469/2022
f 2019/2466/2019 2020/2467/2020 2022/2469/2022
f 2020/2467/2020 2021/2468/2021 2022/2469/2022
f 2021/2468/2021 2014/2462/2014 2022/2469/2022
vt 1.0291690 0.0093330
vt 1.0278900 0.0039990
vt 1.0188490 0.0039060
f 2023/2470/2023 2026/2471/2026 2025/2472/2025
vt 1.0238320 0.0119740
f 2023/2470/2023 2025/2472/2025 2024/2473/2024
vt 1.0477390 0.0148040
vt 1.0460050 0.0187940
vt 1.0498240 0.0255970
f 2026/2474/2026 2028/2475/2028 2027/2476/2027
vt 1.0544240 0.0197210
f 2026/2474/2026 2027/2476/2027 2025/2477/2025
vt 1.0470700 0.0268340
f 2028/2475/2028 2029/2478/2029 2027/2476/2027
vt 1.0424970 0.0179200
vt 1.0441580 0.0260840
f 2028/2475/2028 2031/2479/2031 2030/2480/2030
f 2028/2475/2028 2030/2480/2030 2029/2478/2029
vt 1.0404921 0.0235870
f 2031/2479/2031 2032/2481/2032 2030/2480/2030
vt 1.0370030 0.0128710
vt 1.0361840 0.0202110
f 2031/2479/2031 2034/2482/2034 2033/2483/2033
f 2031/2479/2031 2033/2483/2033 2032/2481/2032
vt 1.0323930 0.0178600
f 2034/2482/2034 2035/2484/2035 2033/2483/2033
vt 1.0316050 0.0120310
vt 1.0289670 0.0165430
f 2034/2482/2034 2037/2485/2037 2036/2486/2036
f 2034/2482/2034 2036/2486/2036 2035/2484/2035
vt 1.0266300 0.0151980
f 2037/2485/2037 2038/2487/2038 2036/2486/2036
f 2037/2485/2037 2023/2470/2023 2024/2473/2024
f 2037/2485/2037 2024/2473/2024 2038/2487/2038
vt 1.0090450 0.0083780
f 2024/2473/2024 2025/2472/2025 2040/2488/2040
vt 1.0185690 0.0162120
f 2024/2473/2024 2040/2488/2040 2039/2489/2039
vt 1.0505641 0.0349440
f 2025/2477/2025 2027/2476/2027 2041/2490/2041
vt 1.0597310 0.0286030
f 2025/2477/2025 2041/2490/2041 2040/2491/2040
vt 1.0470390 0.0358150
f 2027/2476/2027 2029/2478/2029 2042/2492/2042
f 2027/2476/2027 2042/2492/2042 2041/2490/2041
vt 1.0436029 0.0348280
f 2029/2478/2029 2030/2480/2030 2043/2493/2043
f 2029/2478/2029 2043/2493/2043 2042/2492/2042
vt 1.0388310 0.0319590
f 2030/2480/2030 2032/2481/2032 2044/2494/2044
f 2030/2480/2030 2044/2494/2044 2043/2493/2043
vt 1.0331080 0.0274890
f 2032/2481/2032 2033/2483/2033 2045/2495/2045
f 2032/2481/2032 2045/2495/2045 2044/2494/2044
vt 1.0284730 0.0235620
f 2033/2483/2033 2035/2484/2035 2046/2496/2046
f 2033/2483/2033 2046/2496/2046 2045/2495/2045
vt 1.0251340 0.0209680
f 2035/2484/2035 2036/2486/2036 2047/2497/2047
f 2035/2484/2035 2047/2497/2047 2046/2496/2046
vt 1.0226480 0.0191690
f 2036/2486/2036 2038/2487/2038 2048/2498/2048
f 2036/2486/2036 2048/2498/2048 2047/2497/2047
f 2038/2487/2038 2024/2473/2024 2039/2489/2039
f 2038/2487/2038 2039/2489/2039 2048/2498/2048
vt 1.0050750 0.0178170
f 2039/2489/2039 2040/2488/2040 2050/2499/2050
vt 1.0144080 0.0212990
f 2039/2489/2039 2050/2499/2050 2049/2500/2049
vt 1.0494450 0.0454010
f 2040/2491/2040 2041/2490/2041 2051/2501/2051
vt 1.0452120 0.0446100
f 2041/2490/2041 2042/2492/2042 2052/2502/2052
f 2041/2490/2041 2052/2502/2052 2051/2501/2051
vt 1.0414830 0.0432240
f 2042/2492/2042 2043/2493/2043 2053/2503/2053
f 2042/2492/2042 2053/2503/2053 2052/2502/2052
vt 1.0361429 0.0401700
f 2043/2493/2043 2044/2494/2044 2054/2504/2054
f 2043/2493/2043 2054/2504/2054 2053/2503/2053
vt 1.0296160 0.0345170
f 2044/2494/2044 2045/2495/2045 2055/2505/2055
f 2044/2494/2044 2055/2505/2055 2054/2504/2054
vt 1.0246140 0.0287930
f 2045/2495/2045 2046/2496/2046 2056/2506/2056
f 2045/2495/2045 2056/2506/2056 2055/2505/2055
vt 1.0215501 0.0251800
f 2046/2496/2046 2047/2497/2047 2057/2507/2057
f 2046/2496/2046 2057/2507/2057 2056/2506/2056
vt 1.0193141 0.0231390
f 2047/2497/2047 2048/2498/2048 2058/2508/2058
f 2047/2497/2047 2058/2508/2058 2057/2507/2057
f 2048/2498/2048 2039/2489/2039 2049/2500/2049
f 2048/2498/2048 2049/2500/2049 2058/2508/2058
vt 1.0050581 0.0250980
f 2049/2500/2049 2050/2499/2050 2060/2509/2060
vt 1.0107790 0.0264090
f 2049/2500/2049 2060/2509/2060 2059/2510/2059
vt 1.0397180 0.0518660
f 2051/2501/2051 2052/2502/2052 2062/2511/2062
vt 1.0424360 0.0541930
f 2051/2501/2051 2062/2511/2062 2061/2512/2061
vt 1.0367280 0.0499450
f 2052/2502/2052 2053/2503/2053 2063/2513/2063
f 2052/2502/2052 2063/2513/2063 2062/2511/2062
vt 1.0320730 0.0466000
f 2053/2503/2053 2054/2504/2054 2064/2514/2064
f 2053/2503/2053 2064/2514/2064 2063/2513/2063
vt 1.0265760 0.0409140
f 2054/2504/2054 2055/2505/2055 2065/2515/2065
f 2054/2504/2054 2065/2515/2065 2064/2514/2064
vt 1.0219260 0.0345600
f 2055/2505/2055 2056/2506/2056 2066/2516/2066
f 2055/2505/2055 2066/2516/2066 2065/2515/2065
vt 1.0187041 0.0299320
f 2056/2506/2056 2057/2507/2057 2067/2517/2067
f 2056/2506/2056 2067/2517/2067 2066/2516/2066
vt 1.0165100 0.0275110
f 2057/2507/2057 2058/2508/2058 2068/2518/2068
f 2057/2507/2057 2068/2518/2068 2067/2517/2067
f 2058/2508/2058 2049/2500/2049 2059/2510/2059
f 2058/2508/2058 2059/2510/2059 2068/2518/2068
vt 1.0058970 0.0321510
f 2059/2510/2059 2060/2509/2060 2069/2519/2069
vt 1.0331711 0.0561850
f 2061/2512/2061 2062/2511/2062 2071/2520/2071
vt 1.0344990 0.0589680
f 2061/2512/2061 2071/2520/2071 2070/2521/2070
vt 1.0310270 0.0540820
f 2062/2511/2062 2063/2513/2063 2072/2522/2072
f 2062/2511/2062 2072/2522/2072 2071/2520/2071
vt 1.0253960 0.0519250
f 2063/2513/2063 2064/2514/2064 2073/2523/2073
f 2063/2513/2063 2073/2523/2073 2072/2522/2072
vt 1.0216891 0.0473500
f 2064/2514/2064 2065/2515/2065 2074/2524/2074
f 2064/2514/2064 2074/2524/2074 2073/2523/2073
vt 1.0181110 0.0420630
f 2065/2515/2065 2066/2516/2066 2075/2525/2075
f 2065/2515/2065 2075/2525/2075 2074/2524/2074
vt 1.0151680 0.0374710
f 2066/2516/2066 2067/2517/2067 2076/2526/2076
f 2066/2516/2066 2076/2526/2076 2075/2525/2075
vt 1.0138360 0.0328300
f 2067/2517/2067 2068/2518/2068 2077/2527/2077
f 2067/2517/2067 2077/2527/2077 2076/2526/2076
f 2068/2518/2068 2059/2510/2059 2069/2519/2069
f 2068/2518/2068 2069/2519/2069 2077/2527/2077
vt 1.0274110 0.0580180
f 2070/2521/2070 2071/2520/2071 2079/2528/2079
vt 1.0274940 0.0603810
f 2070/2521/2070 2079/2528/2079 2078/2529/2078
vt 1.0259780 0.0559420
f 2071/2520/2071 2072/2522/2072 2080/2530/2080
f 2071/2520/2071 2080/2530/2080 2079/2528/2079
f 2072/2522/2072 2073/2523/2073 2080/2530/2080
vt 1.0117910 0.0377290
f 2076/2526/2076 2077/2527/2077 2081/2531/2081
vt 1.0066611 0.0375450
f 2077/2527/2077 2069/2519/2069 2082/2532/2082
f 2077/2527/2077 2082/2532/2082 2081/2531/2081
vt 1.0221490 0.0583780
f 2078/2529/2078 2079/2528/2079 2084/2533/2084
vt 1.0214770 0.0602020
f 2078/2529/2078 2084/2533/2084 2083/2534/2083
vt 1.0213250 0.0565210
f 2079/2528/2079 2080/2530/2080 2085/2535/2085
f 2079/2528/2079 2085/2535/2085 2084/2533/2084
vt 1.0162500 0.0525700
f 2080/2530/2080 2073/2523/2073 2086/2536/2086
f 2080/2530/2080 2086/2536/2086 2085/2535/2085
f 2073/2523/2073 2074/2524/2074 2086/2536/2086
vt 1.0130070 0.0475220
f 2074/2524/2074 2075/2525/2075 2087/2537/2087
f 2074/2524/2074 2087/2537/2087 2086/2536/2086
vt 1.0110180 0.0446020
f 2075/2525/2075 2076/2526/2076 2088/2538/2088
f 2075/2525/2075 2088/2538/2088 2087/2537/2087
vt 1.0094531 0.0432960
f 2076/2526/2076 2081/2531/2081 2089/2539/2089
f 2076/2526/2076 2089/2539/2089 2088/2538/2088
vt 1.0059850 0.0430400
f 2081/2531/2081 2082/2532/2082 2090/2540/2090
f 2081/2531/2081 2090/2540/2090 2089/2539/2089
vt 1.0172610 0.0579150
f 2083/2534/2083 2084/2533/2084 2092/2541/2092
vt 1.0162981 0.0594950
f 2083/2534/2083 2092/2541/2092 2091/2542/2091
vt 1.0168869 0.0563870
f 2084/2533/2084 2085/2535/2085 2093/2543/2093
f 2084/2533/2084 2093/2543/2093 2092/2541/2092
f 2085/2535/2085 2086/2536/2086 2093/2543/2093
vt 1.0123870 0.0566290
f 2091/2542/2091 2092/2541/2092 2095/2544/2095
vt 1.0114980 0.0588910
f 2091/2542/2091 2095/2544/2095 2094/2545/2094
f 2092/2541/2092 2093/2543/2093 2095/2544/2095
vt 1.0107670 0.0537640
f 2093/2543/2093 2086/2536/2086 2096/2546/2096
f 2093/2543/2093 2096/2546/2096 2095/2544/2095
vt 1.0084510 0.0495540
f 2086/2536/2086 2087/2537/2087 2097/2547/2097
f 2086/2536/2086 2097/2547/2097 2096/2546/2096
f 2087/2537/2087 2088/2538/2088 2097/2547/2097
vt 1.0071599 0.0478860
f 2088/2538/2088 2089/2539/2089 2098/2548/2098
f 2088/2538/2088 2098/2548/2098 2097/2547/2097
vt 1.0049490 0.0475110
f 2089/2539/2089 2090/2540/2090 2099/2549/2099
f 2089/2539/2089 2099/2549/2099 2098/2548/2098
vt 1.0074770 0.0561030
f 2094/2545/2094 2095/2544/2095 2101/2550/2101
vt 1.0070660 0.0571140
f 2094/2545/2094 2101/2550/2101 2100/2551/2100
vt 1.0067250 0.0543030
f 2095/2544/2095 2096/2546/2096 2102/2552/2102
f 2095/2544/2095 2102/2552/2102 2101/2550/2101
vt 1.0056000 0.0518700
f 2096/2546/2096 2097/2547/2097 2103/2553/2103
f 2096/2546/2096 2103/2553/2103 2102/2552/2102
vt 1.0049510 0.0509730
f 2097/2547/2097 2098/2548/2098 2104/2554/2104
f 2097/2547/2097 2104/2554/2104 2103/2553/2103
vt 1.0039060 0.0507520
f 2098/2548/2098 2099/2549/2099 2105/2555/2105
f 2098/2548/2098 2105/2555/2105 2104/2554/2104
vt 1.0336120 0.0072740
f 2026/2471/2026 2023/2470/2023 2106/2556/2106
vt 1.0425340 0.0128590
f 2028/2475/2028 2026/2474/2026 2106/2557/2106
f 2031/2479/2031 2028/2475/2028 2106/2557/2106
f 2034/2482/2034 2031/2479/2031 2106/2557/2106
f 2037/2485/2037 2034/2482/2034 2106/2556/2106
f 2023/2470/2023 2037/2485/2037 2106/2556/2106
vt 1.2241400 0.9127320
vt 1.2191900 0.9246200
vt 1.2326910 0.9263520
f 2107/2558/2107 2110/2559/2110 2109/2560/2109
vt 1.2366810 0.9143340
f 2107/2558/2107 2109/2560/2109 2108/2561/2108
vt 1.2491270 0.9134360
vt 1.2463109 0.9261900
vt 1.2591280 0.9253700
f 2111/2562/2111 2114/2563/2114 2113/2564/2113
vt 1.2627650 0.9092230
f 2111/2562/2111 2113/2564/2113 2112/2565/2112
vt 1.2796770 0.9178410
f 2112/2565/2112 2113/2564/2113 2116/2566/2116
vt 1.2748030 0.9035680
f 2112/2565/2112 2116/2566/2116 2115/2567/2115
vt 1.2997140 0.9056480
f 2115/2567/2115 2116/2566/2116 2118/2568/2118
vt 1.2865130 0.8939720
f 2115/2567/2115 2118/2568/2118 2117/2569/2117
vt 1.3024050 0.8785140
f 2117/2569/2117 2118/2568/2118 2120/2570/2120
vt 1.2916020 0.8765360
f 2117/2569/2117 2120/2570/2120 2119/2571/2119
vt 1.2972929 0.8554550
f 2119/2571/2119 2120/2570/2120 2122/2572/2122
vt 1.2925960 0.8544170
f 2119/2571/2119 2122/2572/2122 2121/2573/2121
vt 1.2725660 0.9269610
f 2116/2566/2116 2113/2564/2113 2124/2574/2124
vt 1.2831910 0.9216190
f 2116/2566/2116 2124/2574/2124 2123/2575/2123
vt 1.2862270 0.9269960
vt 1.2776910 0.9298270
vt 1.2831310 0.9357020
f 2125/2576/2125 2128/2577/2128 2127/2578/2127
vt 1.2866280 0.9340090
f 2125/2576/2125 2127/2578/2127 2126/2579/2126
f 2108/2561/2108 2109/2560/2109 2114/2563/2114
f 2108/2561/2108 2114/2563/2114 2111/2562/2111
vt 1.2356570 0.9734640
vt 1.2466110 0.9673220
vt 1.2384520 0.9572480
f 2129/2580/2129 2132/2581/2132 2131/2582/2131
vt 1.2268350 0.9636360
f 2129/2580/2129 2131/2582/2131 2130/2583/2130
vt 1.2578330 0.9638700
vt 1.2712801 0.9600750
vt 1.2622080 0.9468860
f 2133/2584/2133 2136/2585/2136 2135/2586/2135
vt 1.2500540 0.9528160
f 2133/2584/2133 2135/2586/2135 2134/2587/2134
vt 1.2846889 0.9592600
vt 1.2847410 0.9433050
f 2136/2585/2136 2138/2588/2138 2137/2589/2137
f 2136/2585/2136 2137/2589/2137 2135/2586/2135
vt 1.2982920 0.9625950
vt 1.3063530 0.9465530
f 2138/2588/2138 2140/2590/2140 2139/2591/2139
f 2138/2588/2138 2139/2591/2139 2137/2589/2137
vt 1.1445240 0.7559020
vt 1.1404999 0.7717200
vt 1.1506180 0.7759320
f 2141/2592/2141 2144/2593/2144 2143/2594/2143
vt 1.1621600 0.7532850
f 2141/2592/2141 2143/2594/2143 2142/2595/2142
vt 1.1298170 0.7912650
vt 1.1338260 0.7922340
f 2144/2593/2144 2146/2596/2146 2145/2597/2145
f 2144/2593/2144 2145/2597/2145 2143/2594/2143
vt 1.1555150 0.8748840
vt 1.1524470 0.8797170
vt 1.1632780 0.8858480
f 2147/2598/2147 2150/2599/2150 2149/2600/2149
vt 1.1770060 0.8836540
f 2147/2598/2147 2149/2600/2149 2148/2601/2148
vt 1.1494970 0.8855330
vt 1.1485519 0.8911780
vt 1.1510659 0.8930840
f 2151/2602/2151 2154/2603/2154 2153/2604/2153
vt 1.1576040 0.8890760
f 2151/2602/2151 2153/2604/2153 2152/2605/2152
f 2132/2581/2132 2133/2584/2133 2134/2587/2134
f 2132/2581/2132 2134/2587/2134 2131/2582/2131
vt 1.1347589 0.9863040
vt 1.1469899 0.9891540
vt 1.1489650 0.9819840
f 2132/2606/2132 2129/2607/2129 2107/2608/2107
vt 1.1369470 0.9780600
f 2132/2606/2132 2107/2608/2107 2108/2609/2108
vt 1.1951530 0.9482080
vt 1.1811720 0.9472840
vt 1.1785420 0.9541080
f 2134/2610/2134 2148/2611/2148 2113/2612/2113
vt 1.1912130 0.9562160
f 2134/2610/2134 2113/2612/2113 2114/2613/2114
vt 1.1097310 0.9786930
vt 1.1230659 0.9851740
vt 1.1249050 0.9748100
f 2155/2614/2155 2133/2615/2133 2111/2616/2111
vt 1.1115340 0.9699430
f 2155/2614/2155 2111/2616/2111 2112/2617/2112
vt 1.0970060 0.9778480
f 2156/2618/2156 2155/2614/2155 2112/2617/2112
vt 1.0988060 0.9666100
f 2156/2618/2156 2112/2617/2112 2115/2619/2115
vt 1.2954600 0.8111640
vt 1.3097620 0.7944890
vt 1.3065200 0.7878670
f 2147/2620/2147 2142/2621/2142 2118/2622/2118
vt 1.2879930 0.8022530
f 2147/2620/2147 2118/2622/2118 2116/2623/2116
vt 1.0843070 0.9715360
f 2141/2624/2141 2156/2618/2156 2115/2619/2115
vt 1.0842690 0.9626590
f 2141/2624/2141 2115/2619/2115 2117/2625/2117
vt 1.3326130 0.7833550
vt 1.3308860 0.7756290
f 2142/2621/2142 2143/2626/2143 2120/2627/2120
f 2142/2621/2142 2120/2627/2120 2118/2622/2118
vt 1.0680090 0.9704980
f 2144/2628/2144 2141/2624/2141 2117/2625/2117
vt 1.0661160 0.9629930
f 2144/2628/2144 2117/2625/2117 2119/2629/2119
vt 1.3547100 0.7756470
vt 1.3542620 0.7722400
f 2143/2626/2143 2145/2630/2145 2122/2631/2122
f 2143/2626/2143 2122/2631/2122 2120/2627/2120
vt 1.1285610 0.7945840
f 2145/2597/2145 2146/2596/2146 2121/2632/2121
vt 1.1332591 0.7956230
f 2145/2597/2145 2121/2632/2121 2122/2633/2122
vt 1.0458339 0.9726220
f 2146/2634/2146 2144/2628/2144 2119/2629/2119
vt 1.0448630 0.9692070
f 2146/2634/2146 2119/2629/2119 2121/2635/2121
vt 1.1647080 0.8929970
f 2148/2601/2148 2149/2600/2149 2124/2636/2124
vt 1.1779690 0.8908900
f 2148/2601/2148 2124/2636/2124 2113/2637/2113
vt 1.1433160 0.8736380
f 2150/2599/2150 2147/2598/2147 2116/2638/2116
vt 1.1431630 0.8788170
f 2150/2599/2150 2116/2638/2116 2123/2639/2123
vt 1.1502039 0.8956050
f 2152/2605/2152 2153/2604/2153 2127/2640/2127
vt 1.1590650 0.8947220
f 2152/2605/2152 2127/2640/2127 2128/2641/2128
vt 1.1459280 0.8922600
f 2153/2604/2153 2154/2603/2154 2126/2642/2126
f 2153/2604/2153 2126/2642/2126 2127/2640/2127
vt 1.1427410 0.8851910
f 2154/2603/2154 2151/2602/2151 2125/2643/2125
f 2154/2603/2154 2125/2643/2125 2126/2642/2126
vt 1.2061740 0.9539360
f 2131/2644/2131 2134/2610/2134 2114/2613/2114
vt 1.2040900 0.9606520
f 2131/2644/2131 2114/2613/2114 2109/2645/2109
f 2133/2615/2133 2132/2606/2132 2108/2609/2108
f 2133/2615/2133 2108/2609/2108 2111/2616/2111
vt 1.0833210 0.9803590
f 2156/2618/2156 2141/2624/2141 2157/2646/2157
vt 1.1613110 0.7443900
f 2141/2592/2141 2142/2595/2142 2158/2647/2158
vt 1.1445380 0.7469380
f 2141/2592/2141 2158/2647/2158 2157/2648/2157
vt 1.3517520 0.8306510
vt 1.3484180 0.8328490
vt 1.3480790 0.8343550
f 2159/2649/2159 2162/2650/2162 2161/2651/2161
vt 1.3529860 0.8314400
f 2159/2649/2159 2161/2651/2161 2160/2652/2160
vt 1.0822940 0.9902610
f 2156/2618/2156 2157/2646/2157 2140/2653/2140
vt 1.0961601 0.9886370
f 2156/2618/2156 2140/2653/2140 2138/2654/2138
vt 1.1210800 0.7170100
vt 1.1263601 0.7131930
vt 1.1250870 0.7097390
f 2163/2655/2163 2166/2656/2166 2165/2657/2165
vt 1.1198070 0.7135550
f 2163/2655/2163 2165/2657/2165 2164/2658/2164
vt 1.1419480 0.9280750
vt 1.1609230 0.9378940
vt 1.1641800 0.9293860
f 2158/2659/2158 2147/2660/2147 2137/2661/2137
vt 1.1453170 0.9183500
f 2158/2659/2158 2137/2661/2137 2139/2662/2139
vt 1.1463830 0.7247410
f 2157/2648/2157 2158/2647/2158 2168/2663/2168
vt 1.1392450 0.7303530
f 2157/2648/2157 2168/2663/2168 2167/2664/2167
vt 1.1217930 0.9102440
f 2158/2659/2158 2139/2662/2139 2169/2665/2169
vt 1.1192991 0.9182760
f 2158/2659/2158 2169/2665/2169 2168/2666/2168
vt 1.3113760 0.9730040
f 2139/2591/2139 2140/2590/2140 2170/2667/2170
vt 1.3189549 0.9680060
f 2139/2591/2139 2170/2667/2170 2169/2668/2169
vt 1.0662420 0.9837520
f 2140/2653/2140 2157/2646/2157 2167/2669/2167
vt 1.0656821 0.9921460
f 2140/2653/2140 2167/2669/2167 2170/2670/2170
f 2167/2664/2167 2168/2663/2168 2166/2656/2166
f 2167/2664/2167 2166/2656/2166 2163/2655/2163
vt 1.0977670 0.9091130
f 2168/2666/2168 2169/2665/2169 2165/2671/2165
vt 1.0968720 0.9126840
f 2168/2666/2168 2165/2671/2165 2166/2672/2166
vt 1.3191830 0.9952340
f 2169/2668/2169 2170/2667/2170 2164/2673/2164
vt 1.3244630 0.9914180
f 2169/2668/2169 2164/2673/2164 2165/2674/2165
vt 1.0438750 0.9809630
f 2170/2670/2170 2167/2669/2167 2163/2675/2163
vt 1.0433580 0.9846090
f 2170/2670/2170 2163/2675/2163 2164/2676/2164
vt 1.3400010 0.7952590
vt 1.3185730 0.8028130
vt 1.3333000 0.8133890
f 2142/2677/2142 2147/2678/2147 2172/2679/2172
vt 1.3461829 0.8087210
f 2142/2677/2142 2172/2679/2172 2171/2680/2171
vt 1.3270330 0.8199690
f 2147/2678/2147 2173/2681/2173 2172/2679/2172
vt 1.1323390 0.9403580
f 2147/2660/2147 2158/2659/2158 2174/2682/2174
vt 1.1446230 0.9465430
f 2147/2660/2147 2174/2682/2174 2173/2683/2173
vt 1.3485230 0.7919510
f 2158/2684/2158 2142/2677/2142 2171/2680/2171
vt 1.3551060 0.8064900
f 2158/2684/2158 2171/2680/2171 2174/2685/2174
vt 1.3412260 0.8216700
f 2171/2680/2171 2172/2679/2172 2176/2686/2176
vt 1.3490540 0.8184820
f 2171/2680/2171 2176/2686/2176 2175/2687/2175
vt 1.3367740 0.8267960
f 2172/2679/2172 2173/2681/2173 2177/2688/2177
f 2172/2679/2172 2177/2688/2177 2176/2686/2176
vt 1.1279770 0.9504460
f 2173/2683/2173 2174/2682/2174 2178/2689/2178
vt 1.1357540 0.9537320
f 2173/2683/2173 2178/2689/2178 2177/2690/2177
f 2174/2685/2174 2171/2680/2171 2175/2687/2175
vt 1.3557260 0.8183400
f 2174/2685/2174 2175/2687/2175 2178/2691/2178
f 2175/2687/2175 2176/2686/2176 2162/2650/2162
f 2175/2687/2175 2162/2650/2162 2159/2649/2159
f 2176/2686/2176 2177/2688/2177 2161/2651/2161
f 2176/2686/2176 2161/2651/2161 2162/2650/2162
vt 1.1258330 0.9631200
f 2177/2690/2177 2178/2689/2178 2160/2692/2160
vt 1.1296231 0.9652480
f 2177/2690/2177 2160/2692/2160 2161/2693/2161
f 2178/2691/2178 2175/2687/2175 2159/2649/2159
f 2178/2691/2178 2159/2649/2159 2160/2652/2160
vt 1.1093380 0.9869280
f 2133/2615/2133 2155/2614/2155 2136/2694/2136
vt 1.1843081 0.9401290
f 2148/2611/2148 2134/2610/2134 2135/2695/2135
f 2155/2614/2155 2156/2618/2156 2138/2654/2138
f 2155/2614/2155 2138/2654/2138 2136/2694/2136
f 2147/2660/2147 2148/2611/2148 2135/2695/2135
f 2147/2660/2147 2135/2695/2135 2137/2661/2137
vt 1.2170171 0.9649180
vt 1.2187480 0.9581410
f 2110/2696/2110 2130/2697/2130 2131/2644/2131
f 2110/2696/2110 2131/2644/2131 2109/2645/2109
f 2149/2600/2149 2152/2605/2152 2128/2641/2128
f 2149/2600/2149 2128/2641/2128 2124/2636/2124
f 2150/2599/2150 2151/2602/2151 2152/2605/2152
f 2150/2599/2150 2152/2605/2152 2149/2600/2149
f 2151/2602/2151 2150/2599/2150 2123/2639/2123
f 2151/2602/2151 2123/2639/2123 2125/2643/2125
f 2124/2574/2124 2128/2577/2128 2125/2576/2125
f 2124/2574/2124 2125/2576/2125 2123/2575/2123
vt 1.9732960 0.4962250
vt 1.9664930 0.5174370
vt 1.9873270 0.5212750
f 2179/2698/2179 2182/2699/2182 2181/2700/2181
vt 1.9925350 0.4926390
f 2179/2698/2179 2181/2700/2181 2180/2701/2180
vt 1.9502940 0.5402300
vt 1.9677449 0.5548240
f 2183/2702/2183 2184/2703/2184 2181/2700/2181
f 2183/2702/2183 2181/2700/2181 2182/2699/2182
vt 1.9346890 0.5580440
vt 1.9211260 0.5338900
vt 1.9076710 0.5431210
f 2185/2704/2185 2188/2705/2188 2187/2706/2187
vt 1.9173200 0.5592100
f 2185/2704/2185 2187/2706/2187 2186/2707/2186
vt 1.8938960 0.5535910
vt 1.8949330 0.5748680
f 2186/2707/2186 2191/2708/2191 2190/2709/2190
vt 1.9235030 0.5777970
f 2186/2707/2186 2190/2709/2190 2189/2710/2189
vt 1.9907579 0.4639420
vt 1.9711490 0.4738660
f 2180/2701/2180 2193/2711/2193 2192/2712/2192
f 2180/2701/2180 2192/2712/2192 2179/2698/2179
vt 1.9405360 0.4951760
f 2179/2698/2179 2192/2712/2192 2195/2713/2195
vt 1.9415870 0.5191660
f 2179/2698/2179 2195/2713/2195 2194/2714/2194
vt 1.9101560 0.5142360
vt 1.8855680 0.5277560
f 2188/2705/2188 1574/2715/1574 2196/2716/2196
f 2188/2705/2188 2196/2716/2196 2187/2706/2187
vt 1.8620640 0.5379460
vt 1.8658770 0.5694820
f 2191/2708/2191 2198/2717/2198 2197/2718/2197
f 2191/2708/2191 2197/2718/2197 2190/2709/2190
vt 1.8245080 0.5590620
f 2198/2717/2198 2199/2719/2199 2197/2718/2197
vt 1.8705519 0.3224270
vt 1.8565940 0.3200250
vt 1.8508570 0.3435800
f 2200/2720/2200 2203/2721/2203 2202/2722/2202
vt 1.8680410 0.3521440
f 2200/2720/2200 2202/2722/2202 2201/2723/2201
vt 1.8422620 0.3015020
vt 1.8309780 0.3181870
f 2203/2721/2203 2205/2724/2205 2204/2725/2204
f 2203/2721/2203 2204/2725/2204 2202/2722/2202
vt 1.8277670 0.2810880
vt 1.8258570 0.2668960
vt 1.8025690 0.2738640
f 2206/2726/2206 2209/2727/2209 2208/2728/2208
vt 1.8141440 0.2939510
f 2206/2726/2206 2208/2728/2208 2207/2729/2207
vt 1.8278940 0.2532890
vt 1.8014981 0.2538140
f 2209/2727/2209 2211/2730/2211 2210/2731/2210
f 2209/2727/2209 2210/2731/2210 2208/2728/2208
vt 1.8344520 0.3723390
f 2201/2723/2201 2202/2722/2202 2213/2732/2213
vt 1.8576760 0.3880270
f 2201/2723/2201 2213/2732/2213 2212/2733/2212
vt 1.8098470 0.3391160
f 2202/2722/2202 2204/2725/2204 2214/2734/2214
f 2202/2722/2202 2214/2734/2214 2213/2732/2213
vt 1.7741350 0.2826550
f 2207/2729/2207 2208/2728/2208 2216/2735/2216
vt 1.7915530 0.3116610
f 2207/2729/2207 2216/2735/2216 2215/2736/2215
vt 1.7691170 0.2565260
f 2208/2728/2208 2210/2731/2210 2217/2737/2217
f 2208/2728/2208 2217/2737/2217 2216/2735/2216
vt 1.8062660 0.3858070
f 2212/2733/2212 2213/2732/2213 2219/2738/2219
vt 1.8227010 0.4029330
f 2212/2733/2212 2219/2738/2219 2218/2739/2218
vt 1.7834420 0.3553690
f 2213/2732/2213 2214/2734/2214 2220/2740/2220
f 2213/2732/2213 2220/2740/2220 2219/2738/2219
vt 1.7395869 0.2928520
f 2215/2736/2215 2216/2735/2216 2222/2741/2222
vt 1.7643390 0.3265610
f 2215/2736/2215 2222/2741/2222 2221/2742/2221
vt 1.7321750 0.2620790
f 2216/2735/2216 2217/2737/2217 2223/2743/2223
f 2216/2735/2216 2223/2743/2223 2222/2741/2222
vt 1.7006780 0.3064160
f 2221/2742/2221 2222/2741/2222 2225/2744/2225
vt 1.7250040 0.3395900
f 2221/2742/2221 2225/2744/2225 2224/2745/2224
vt 1.6856830 0.2767880
f 2222/2741/2222 2223/2743/2223 2226/2746/2226
f 2222/2741/2222 2226/2746/2226 2225/2744/2225
vt 1.6504340 0.3231680
f 2224/2745/2224 2225/2744/2225 2228/2747/2228
vt 1.7068270 0.3538340
f 2224/2745/2224 2228/2747/2228 2227/2748/2227
f 2225/2744/2225 2226/2746/2226 2228/2747/2228
vt 1.8631550 0.2848180
f 2203/2721/2203 2200/2720/2200 2230/2749/2230
vt 1.8513470 0.2894830
f 2203/2721/2203 2230/2749/2230 2229/2750/2229
vt 1.8413990 0.2671360
f 2209/2727/2209 2206/2726/2206 2231/2751/2231
f 2205/2724/2205 2203/2721/2203 2229/2750/2229
vt 1.8311009 0.2425440
vt 1.8004640 0.2376490
f 2189/2752/2189 2190/2753/2190 2210/2731/2210
f 2189/2752/2189 2210/2731/2210 2211/2730/2211
vt 1.7688950 0.2369950
f 2190/2753/2190 2197/2754/2197 2217/2737/2217
f 2190/2753/2190 2217/2737/2217 2210/2731/2210
vt 1.7242750 0.2393130
f 2197/2754/2197 2199/2755/2199 2223/2743/2223
f 2197/2754/2197 2223/2743/2223 2217/2737/2217
f 2199/2755/2199 2226/2746/2226 2223/2743/2223
vt 1.8772140 0.3823260
vt 1.8810040 0.3528540
f 2193/2756/2193 2180/2757/2180 2201/2723/2201
f 2193/2756/2193 2201/2723/2201 2212/2733/2212
vt 1.8813480 0.3212670
f 2180/2757/2180 2181/2758/2181 2200/2720/2200
f 2180/2757/2180 2200/2720/2200 2201/2723/2201
f 2211/2730/2211 2209/2727/2209 2231/2751/2231
vt 1.8505410 0.2579080
f 2211/2730/2211 2231/2751/2231 2232/2759/2232
vt 1.9463640 0.5797740
f 2186/2707/2186 2189/2710/2189 2233/2760/2233
f 2186/2707/2186 2233/2760/2233 2185/2704/2185
vt 1.8560359 0.2502570
f 2211/2730/2211 2232/2759/2232 2233/2761/2233
f 2211/2730/2211 2233/2761/2233 2189/2752/2189
f 2230/2749/2230 2200/2720/2200 2181/2758/2181
vt 1.8725990 0.2809890
f 2230/2749/2230 2181/2758/2181 2184/2762/2184
vt 1.7592649 0.3702330
f 2219/2738/2219 2220/2740/2220 2234/2763/2234
vt 1.7477210 0.3839240
f 2219/2738/2219 2234/2763/2234 2235/2764/2235
f 2219/2738/2219 2235/2764/2235 2218/2739/2218
f 2234/2763/2234 2224/2745/2224 2227/2748/2227
f 2234/2763/2234 2227/2748/2227 2235/2764/2235
vt 1.4592350 0.4478150
vt 1.4420540 0.4532540
vt 1.4440250 0.4692540
f 2236/2765/2236 2237/2766/2237 1616/2767/1616
vt 1.4625241 0.4660850
f 2236/2765/2236 1616/2767/1616 1615/2768/1615
vt 1.4527160 0.4317510
vt 1.4381700 0.4393340
f 2238/2769/2238 2239/2770/2239 2237/2766/2237
f 2238/2769/2238 2237/2766/2237 2236/2765/2236
vt 1.4388649 0.4167880
vt 1.4266450 0.4261910
f 2240/2771/2240 2241/2772/2241 2239/2770/2239
f 2240/2771/2240 2239/2770/2239 2238/2769/2238
vt 1.4246330 0.4042760
vt 1.4124520 0.4125320
f 2242/2773/2242 2243/2774/2243 2241/2772/2241
f 2242/2773/2242 2241/2772/2241 2240/2771/2240
vt 1.4022270 0.3912390
vt 1.3908870 0.4030290
f 2244/2775/2244 2245/2776/2245 2243/2774/2243
f 2244/2775/2244 2243/2774/2243 2242/2773/2242
vt 1.3910950 0.3781330
vt 1.3758820 0.3958850
f 1626/2777/1626 1627/2778/1627 2245/2776/2245
f 1626/2777/1626 2245/2776/2245 2244/2775/2244
vt 1.4198461 0.4567360
vt 1.4165730 0.4666870
f 2237/2766/2237 2246/2779/2246 1628/2780/1628
f 2237/2766/2237 1628/2780/1628 1616/2767/1616
vt 1.4253170 0.4424710
f 2239/2770/2239 2247/2781/2247 2246/2779/2246
f 2239/2770/2239 2246/2779/2246 2237/2766/2237
vt 1.4146250 0.4360440
f 2241/2772/2241 2248/2782/2248 2247/2781/2247
f 2241/2772/2241 2247/2781/2247 2239/2770/2239
vt 1.4081550 0.4236460
f 2243/2774/2243 2249/2783/2249 2248/2782/2248
f 2243/2774/2243 2248/2782/2248 2241/2772/2241
vt 1.3885230 0.4209200
f 2245/2776/2245 2250/2784/2250 2249/2783/2249
f 2245/2776/2245 2249/2783/2249 2243/2774/2243
vt 1.3747550 0.4216010
f 1627/2778/1627 1634/2785/1634 2250/2784/2250
f 1627/2778/1627 2250/2784/2250 2245/2776/2245
vt 1.4811360 0.4598420
f 2236/2765/2236 1615/2768/1615 1636/2786/1636
vt 1.4771130 0.4418350
f 2236/2765/2236 1636/2786/1636 2251/2787/2251
f 2238/2769/2238 2236/2765/2236 2251/2787/2251
vt 1.4690630 0.4256260
f 2238/2769/2238 2251/2787/2251 2252/2788/2252
f 2240/2771/2240 2238/2769/2238 2252/2788/2252
vt 1.4567150 0.4083440
f 2240/2771/2240 2252/2788/2252 2253/2789/2253
f 2242/2773/2242 2240/2771/2240 2253/2789/2253
vt 1.4430600 0.3954890
f 2242/2773/2242 2253/2789/2253 2254/2790/2254
f 2244/2775/2244 2242/2773/2242 2254/2790/2254
vt 1.4241750 0.3845850
f 2244/2775/2244 2254/2790/2254 2255/2791/2255
f 1626/2777/1626 2244/2775/2244 2255/2791/2255
vt 1.4173450 0.3700190
f 1626/2777/1626 2255/2791/2255 1641/2792/1641
vt 1.4980000 0.4544030
f 2251/2787/2251 1636/2786/1636 1643/2793/1643
vt 1.4930930 0.4368450
f 2251/2787/2251 1643/2793/1643 2256/2794/2256
f 2252/2788/2252 2251/2787/2251 2256/2794/2256
vt 1.4856499 0.4201860
f 2252/2788/2252 2256/2794/2256 2257/2795/2257
f 2253/2789/2253 2252/2788/2252 2257/2795/2257
vt 1.4734600 0.4025370
f 2253/2789/2253 2257/2795/2257 2258/2796/2258
f 2254/2790/2254 2253/2789/2253 2258/2796/2258
vt 1.4608010 0.3873720
f 2254/2790/2254 2258/2796/2258 2259/2797/2259
f 2255/2791/2255 2254/2790/2254 2259/2797/2259
vt 1.4496720 0.3757100
f 2255/2791/2255 2259/2797/2259 2260/2798/2260
f 1641/2792/1641 2255/2791/2255 2260/2798/2260
vt 1.4399890 0.3623920
f 1641/2792/1641 2260/2798/2260 1648/2799/1648
vt 1.5202130 0.4504890
f 2256/2794/2256 1643/2793/1643 1650/2800/1650
vt 1.5164570 0.4319270
f 2256/2794/2256 1650/2800/1650 2261/2801/2261
f 2257/2795/2257 2256/2794/2256 2261/2801/2261
vt 1.5068010 0.4121130
f 2257/2795/2257 2261/2801/2261 2262/2802/2262
f 2258/2796/2258 2257/2795/2257 2262/2802/2262
vt 1.4955820 0.3951640
f 2258/2796/2258 2262/2802/2262 2263/2803/2263
f 2259/2797/2259 2258/2796/2258 2263/2803/2263
vt 1.4804620 0.3786960
f 2259/2797/2259 2263/2803/2263 2264/2804/2264
f 2260/2798/2260 2259/2797/2259 2264/2804/2264
vt 1.4689940 0.3665670
f 2260/2798/2260 2264/2804/2264 2265/2805/2265
f 1648/2799/1648 2260/2798/2260 2265/2805/2265
vt 1.4550170 0.3529110
f 1648/2799/1648 2265/2805/2265 1655/2806/1655
vt 1.5446080 0.4504220
f 2261/2801/2261 1650/2800/1650 1657/2807/1657
vt 1.5427620 0.4279580
f 2261/2801/2261 1657/2807/1657 2266/2808/2266
f 2262/2802/2262 2261/2801/2261 2266/2808/2266
vt 1.5332370 0.4063050
f 2262/2802/2262 2266/2808/2266 2267/2809/2267
f 2263/2803/2263 2262/2802/2262 2267/2809/2267
vt 1.5187581 0.3858900
f 2263/2803/2263 2267/2809/2267 2268/2810/2268
f 2264/2804/2264 2263/2803/2263 2268/2810/2268
vt 1.5015430 0.3655480
f 2264/2804/2264 2268/2810/2268 2269/2811/2269
f 2265/2805/2265 2264/2804/2264 2269/2811/2269
vt 1.4870180 0.3510960
f 2265/2805/2265 2269/2811/2269 2270/2812/2270
f 1655/2806/1655 2265/2805/2265 2270/2812/2270
vt 1.4699870 0.3365550
f 1655/2806/1655 2270/2812/2270 1662/2813/1662
vt 1.5683270 0.4539840
f 2266/2808/2266 1657/2807/1657 1664/2814/1664
vt 1.5697240 0.4263100
f 2266/2808/2266 1664/2814/1664 2271/2815/2271
f 2267/2809/2267 2266/2808/2266 2271/2815/2271
vt 1.5603170 0.3998680
f 2267/2809/2267 2271/2815/2271 2272/2816/2272
f 2268/2810/2268 2267/2809/2267 2272/2816/2272
vt 1.5425230 0.3757530
f 2268/2810/2268 2272/2816/2272 2273/2817/2273
f 2269/2811/2269 2268/2810/2268 2273/2817/2273
vt 1.5216790 0.3527480
f 2269/2811/2269 2273/2817/2273 2274/2818/2274
f 2270/2812/2270 2269/2811/2269 2274/2818/2274
vt 1.5031180 0.3340340
f 2270/2812/2270 2274/2818/2274 2275/2819/2275
vt 1.5884470 0.4584400
f 2271/2815/2271 1664/2814/1664 1670/2820/1670
vt 1.5956219 0.4262680
f 2271/2815/2271 1670/2820/1670 2276/2821/2276
f 2272/2816/2272 2271/2815/2271 2276/2821/2276
vt 1.5901620 0.3893950
f 2272/2816/2272 2276/2821/2276 2277/2822/2277
f 2273/2817/2273 2272/2816/2272 2277/2822/2277
vt 1.5644680 0.3585260
f 2273/2817/2273 2277/2822/2277 2278/2823/2278
f 2274/2818/2274 2273/2817/2273 2278/2823/2278
vt 1.5436540 0.3315910
f 2274/2818/2274 2278/2823/2278 2279/2824/2279
f 2275/2819/2275 2274/2818/2274 2279/2824/2279
vt 1.5276930 0.3033090
f 2275/2819/2275 2279/2824/2279 2280/2825/2280
vt 1.6099200 0.4668200
f 2276/2821/2276 1670/2820/1670 1676/2826/1676
vt 1.6230479 0.4305340
f 2276/2821/2276 1676/2826/1676 2281/2827/2281
f 2277/2822/2277 2276/2821/2276 2281/2827/2281
vt 1.6255640 0.3835070
f 2277/2822/2277 2281/2827/2281 2282/2828/2282
vt 1.5864100 0.3428670
f 2283/2829/2283 2277/2822/2277 2282/2828/2282
vt 1.6152920 0.3299820
f 2283/2829/2283 2282/2828/2282 2284/2830/2284
vt 1.5759590 0.3004740
f 2285/2831/2285 2283/2829/2283 2284/2830/2284
vt 1.6107171 0.2775170
f 2285/2831/2285 2284/2830/2284 2286/2832/2286
vt 1.5628279 0.2633750
f 2287/2833/2287 2285/2831/2285 2286/2832/2286
vt 1.6046920 0.2383710
f 2287/2833/2287 2286/2832/2286 2288/2834/2288
vt 1.6516460 0.3848450
vt 1.6495770 0.4436420
vt 1.6763380 0.3944270
f 2289/2835/2289 2291/2836/2291 2290/2837/2290
f 2228/2747/2228 2289/2835/2289 2290/2837/2290
f 2228/2747/2228 2290/2837/2290 2227/2748/2227
vt 1.6607320 0.2280860
vt 1.6573420 0.2665020
f 2292/2838/2292 2293/2839/2293 2226/2746/2226
f 2292/2838/2292 2226/2746/2226 2199/2755/2199
vt 1.6590050 0.1943900
f 1689/2840/1689 2292/2838/2292 2199/2755/2199
vt 1.7409101 0.1993510
f 1689/2840/1689 2199/2755/2199 1690/2841/1690
vt 1.6314670 0.4802120
vt 1.6539969 0.4981330
f 2291/2836/2291 1693/2842/1693 1692/2843/1692
vt 1.6761550 0.4670880
f 2291/2836/2291 1692/2843/1692 2294/2844/2294
f 2290/2837/2290 2291/2836/2291 2294/2844/2294
vt 1.7039540 0.4168430
f 2290/2837/2290 2294/2844/2294 2295/2845/2295
f 2227/2748/2227 2290/2837/2290 2295/2845/2295
f 2227/2748/2227 2295/2845/2295 2235/2764/2235
vt 1.7883160 0.2139280
vt 1.8155730 0.2065740
vt 1.7750860 0.2024660
f 2196/2846/2196 1574/2847/1574 1695/2848/1695
vt 1.7158630 0.4381480
f 2295/2845/2295 2294/2844/2294 2296/2849/2296
f 2235/2764/2235 2295/2845/2295 2296/2849/2296
vt 1.7736070 0.4170020
f 2235/2764/2235 2296/2849/2296 2297/2850/2297
vt 1.9046720 0.4090330
vt 1.8908610 0.3649400
f 1698/2851/1698 2192/2852/2192 2193/2756/2193
vt 1.8778360 0.4065230
f 1698/2851/1698 2193/2756/2193 2298/2853/2298
vt 1.6756560 0.5192620
f 2294/2844/2294 1692/2843/1692 1701/2854/1701
vt 1.6984200 0.4964630
f 2294/2844/2294 1701/2854/1701 2299/2855/2299
f 2296/2849/2296 2294/2844/2294 2299/2855/2299
vt 1.7221570 0.4660900
f 2296/2849/2296 2299/2855/2299 2300/2856/2300
f 2297/2850/2297 2296/2849/2296 2300/2856/2300
vt 1.7810570 0.4434710
f 2297/2850/2297 2300/2856/2300 2301/2857/2301
vt 1.8258340 0.4108000
f 2302/2858/2302 2297/2850/2297 2301/2857/2301
vt 1.8322001 0.4367590
f 2302/2858/2302 2301/2857/2301 2303/2859/2303
vt 1.8585960 0.4056860
vt 1.8748130 0.4420370
f 2298/2853/2298 2305/2860/2305 2304/2861/2304
f 1698/2851/1698 2298/2853/2298 2304/2861/2304
vt 1.8957170 0.4471140
f 1698/2851/1698 2304/2861/2304 1708/2862/1708
vt 1.7291640 0.4930980
f 2300/2856/2300 2299/2855/2299 2306/2863/2306
f 2301/2857/2301 2300/2856/2300 2306/2863/2306
vt 1.7729130 0.4831360
f 2301/2857/2301 2306/2863/2306 2307/2864/2307
f 2303/2859/2303 2301/2857/2301 2307/2864/2307
vt 1.8173470 0.4796570
f 2303/2859/2303 2307/2864/2307 2308/2865/2308
f 2304/2861/2304 2303/2859/2303 2308/2865/2308
vt 1.8563350 0.4831400
f 2304/2861/2304 2308/2865/2308 2309/2866/2309
vt 1.6953590 0.5413940
f 2299/2855/2299 1701/2854/1701 1714/2867/1714
vt 1.7137750 0.5266620
f 2299/2855/2299 1714/2867/1714 2310/2868/2310
f 2306/2863/2306 2299/2855/2299 2310/2868/2310
vt 1.7382060 0.5194900
f 2306/2863/2306 2310/2868/2310 2311/2869/2311
f 2307/2864/2307 2306/2863/2306 2311/2869/2311
vt 1.7645580 0.5171770
f 2307/2864/2307 2311/2869/2311 2312/2870/2312
f 2308/2865/2308 2307/2864/2307 2312/2870/2312
vt 1.7942640 0.5169400
f 2308/2865/2308 2312/2870/2312 2313/2871/2313
f 2309/2866/2309 2308/2865/2308 2313/2871/2313
vt 1.8275380 0.5194550
f 2309/2866/2309 2313/2871/2313 2314/2872/2314
vt 1.8776810 0.4888900
f 1719/2873/1719 2309/2866/2309 2314/2872/2314
vt 1.8459260 0.5311270
f 1719/2873/1719 2314/2872/2314 1720/2874/1720
vt 1.7149360 0.5638300
f 2310/2868/2310 1714/2867/1714 1722/2875/1722
vt 1.7226321 0.5525850
f 2310/2868/2310 1722/2875/1722 2315/2876/2315
f 2311/2869/2311 2310/2868/2310 2315/2876/2315
vt 1.7546430 0.5542130
f 2311/2869/2311 2315/2876/2315 2316/2877/2316
f 2312/2870/2312 2311/2869/2311 2316/2877/2316
f 2313/2871/2313 2312/2870/2312 2316/2877/2316
f 2314/2872/2314 2313/2871/2313 2316/2877/2316
vt 1.7818720 0.5506990
f 2314/2872/2314 2316/2877/2316 2317/2878/2317
f 1720/2874/1720 2314/2872/2314 2317/2878/2317
vt 1.7910100 0.5648010
f 1720/2874/1720 2317/2878/2317 1725/2879/1725
f 2278/2823/2278 2277/2822/2277 2283/2829/2283
f 2279/2824/2279 2278/2823/2278 2283/2829/2283
f 2279/2824/2279 2283/2829/2283 2285/2831/2285
f 2280/2825/2280 2279/2824/2279 2285/2831/2285
f 2280/2825/2280 2285/2831/2285 2287/2833/2287
f 2281/2827/2281 1676/2826/1676 1693/2842/1693
f 2281/2827/2281 1693/2842/1693 2291/2836/2291
f 2282/2828/2282 2281/2827/2281 2291/2836/2291
f 2282/2828/2282 2291/2836/2291 2289/2835/2289
f 2284/2830/2284 2282/2828/2282 2289/2835/2289
f 2284/2830/2284 2289/2835/2289 2228/2747/2228
f 2286/2832/2286 2284/2830/2284 2228/2747/2228
f 2286/2832/2286 2228/2747/2228 2293/2839/2293
f 2288/2834/2288 2286/2832/2286 2293/2839/2293
f 2288/2834/2288 2293/2839/2293 2292/2838/2292
f 2293/2839/2293 2228/2747/2228 2226/2746/2226
f 2218/2739/2218 2235/2764/2235 2297/2850/2297
f 2218/2739/2218 2297/2850/2297 2302/2858/2302
vt 1.7635620 0.2204560
f 1690/2841/1690 2199/2755/2199 2198/2880/2198
f 2304/2861/2304 2305/2860/2305 2302/2858/2302
f 2304/2861/2304 2302/2858/2302 2303/2859/2303
f 2302/2858/2302 2305/2860/2305 2212/2733/2212
f 2302/2858/2302 2212/2733/2212 2218/2739/2218
f 2298/2853/2298 2193/2756/2193 2212/2733/2212
f 2298/2853/2298 2212/2733/2212 2305/2860/2305
vt 1.3913410 0.4504710
f 2250/2784/2250 1634/2785/1634 1727/2881/1727
vt 1.3996850 0.4439060
f 2250/2784/2250 1727/2881/1727 2318/2882/2318
f 2248/2782/2248 2249/2783/2249 2250/2784/2250
f 2248/2782/2248 2250/2784/2250 2318/2882/2318
f 2247/2781/2247 2248/2782/2248 2318/2882/2318
f 2247/2781/2247 2318/2882/2318 2246/2779/2246
vt 1.4831350 0.3157560
f 1728/2883/1728 1662/2813/1662 2270/2812/2270
f 1728/2883/1728 2270/2812/2270 2275/2819/2275
vt 1.5064510 0.2791540
f 1729/2884/1729 1728/2883/1728 2275/2819/2275
f 1729/2884/1729 2275/2819/2275 2280/2825/2280
vt 1.5951560 0.2095190
vt 1.5473440 0.2367210
f 1730/2885/1730 1731/2886/1731 2287/2833/2287
f 1730/2885/1730 2287/2833/2287 2288/2834/2288
f 1719/2873/1719 1708/2862/1708 2304/2861/2304
f 1719/2873/1719 2304/2861/2304 2309/2866/2309
f 1731/2886/1731 1729/2884/1729 2280/2825/2280
f 1731/2886/1731 2280/2825/2280 2287/2833/2287
f 1730/2885/1730 2288/2834/2288 2292/2838/2292
f 1730/2885/1730 2292/2838/2292 1689/2840/1689
vt 1.9070981 0.3494930
vt 1.8994319 0.3284570
f 1698/2851/1698 1732/2887/1732 2195/2888/2195
f 1698/2851/1698 2195/2888/2195 2192/2852/2192
f 1727/2881/1727 1628/2780/1628 2246/2779/2246
f 1727/2881/1727 2246/2779/2246 2318/2882/2318
f 2220/2740/2220 2221/2742/2221 2224/2745/2224
f 2220/2740/2220 2224/2745/2224 2234/2763/2234
f 2214/2734/2214 2215/2736/2215 2221/2742/2221
f 2214/2734/2214 2221/2742/2221 2220/2740/2220
f 2204/2725/2204 2207/2729/2207 2215/2736/2215
f 2204/2725/2204 2215/2736/2215 2214/2734/2214
f 2205/2724/2205 2206/2726/2206 2207/2729/2207
f 2205/2724/2205 2207/2729/2207 2204/2725/2204
f 2206/2726/2206 2205/2724/2205 2229/2750/2229
f 2206/2726/2206 2229/2750/2229 2231/2751/2231
f 2230/2749/2230 2232/2759/2232 2231/2751/2231
f 2230/2749/2230 2231/2751/2231 2229/2750/2229
f 2232/2759/2232 2230/2749/2230 2184/2762/2184
f 2232/2759/2232 2184/2762/2184 2233/2761/2233
f 2183/2702/2183 2185/2704/2185 2233/2760/2233
f 2183/2702/2183 2233/2760/2233 2184/2703/2184
f 2183/2702/2183 2194/2714/2194 2188/2705/2188
f 2183/2702/2183 2188/2705/2188 2185/2704/2185
f 2195/2713/2195 1574/2715/1574 2188/2705/2188
f 2195/2713/2195 2188/2705/2188 2194/2714/2194
vt 1.9095030 0.2934290
f 1732/2887/1732 1574/2889/1574 2195/2888/2195
f 2183/2702/2183 2182/2699/2182 2179/2698/2179
f 2183/2702/2183 2179/2698/2179 2194/2714/2194
f 2187/2706/2187 2191/2708/2191 2186/2707/2186
f 2196/2716/2196 2198/2717/2198 2191/2708/2191
f 2196/2716/2196 2191/2708/2191 2187/2706/2187
f 1690/2841/1690 2198/2880/2198 2196/2846/2196
f 1690/2841/1690 2196/2846/2196 1695/2848/1695
vt 1.7560120 0.5710250
f 2315/2876/2315 1722/2875/1722 1733/2890/1733
f 2315/2876/2315 1733/2890/1733 2316/2877/2316
f 2316/2877/2316 1733/2890/1733 1725/2879/1725
f 2316/2877/2316 1725/2879/1725 2317/2878/2317
vt 1.8179650 0.1081350
vt 1.8110820 0.0951310
vt 1.7866750 0.1106520
f 2319/2891/2319 2322/2892/2322 2321/2893/2321
vt 1.7956640 0.1296960
f 2319/2891/2319 2321/2893/2321 2320/2894/2320
vt 1.8027250 0.0772370
vt 1.7834539 0.0753550
f 2322/2892/2322 2324/2895/2324 2323/2896/2323
f 2322/2892/2322 2323/2896/2323 2321/2893/2321
vt 1.8137090 0.0609350
vt 1.7830460 0.0411630
f 2324/2895/2324 2326/2897/2326 2325/2898/2325
f 2324/2895/2324 2325/2898/2325 2323/2896/2323
vt 1.8256030 0.0529800
vt 1.7965961 0.0244010
f 2326/2897/2326 2328/2899/2328 2327/2900/2327
f 2326/2897/2326 2327/2900/2327 2325/2898/2325
vt 1.7557350 0.1244710
f 2320/2894/2320 2321/2893/2321 2330/2901/2330
vt 1.7648340 0.1509580
f 2320/2894/2320 2330/2901/2330 2329/2902/2329
vt 1.7506640 0.0800010
f 2321/2893/2321 2323/2896/2323 2331/2903/2331
f 2321/2893/2321 2331/2903/2331 2330/2901/2330
vt 1.7448061 0.0336510
f 2323/2896/2323 2325/2898/2325 2332/2904/2332
f 2323/2896/2323 2332/2904/2332 2331/2903/2331
vt 1.7516500 0.0062010
f 2325/2898/2325 2327/2900/2327 2333/2905/2333
f 2325/2898/2325 2333/2905/2333 2332/2904/2332
vt 1.7185160 0.1348120
f 2329/2902/2329 2330/2901/2330 2335/2906/2335
vt 1.7213100 0.1642670
f 2329/2902/2329 2335/2906/2335 2334/2907/2334
vt 1.7115610 0.0857100
f 2330/2901/2330 2331/2903/2331 2336/2908/2336
f 2330/2901/2330 2336/2908/2336 2335/2906/2335
vt 1.7060460 0.0360550
f 2331/2903/2331 2332/2904/2332 2337/2909/2337
f 2331/2903/2331 2337/2909/2337 2336/2908/2336
vt 1.7063030 0.0039060
f 2332/2904/2332 2333/2905/2333 2338/2910/2338
f 2332/2904/2332 2338/2910/2338 2337/2909/2337
vt 1.6764350 0.1379370
f 2334/2907/2334 2335/2906/2335 2340/2911/2340
vt 1.6737320 0.1638170
f 2334/2907/2334 2340/2911/2340 2339/2912/2339
vt 1.6723911 0.0913620
f 2335/2906/2335 2336/2908/2336 2341/2913/2341
f 2335/2906/2335 2341/2913/2341 2340/2911/2340
vt 1.6651400 0.0461380
f 2336/2908/2336 2337/2909/2337 2342/2914/2342
f 2336/2908/2336 2342/2914/2342 2341/2913/2341
vt 1.6566190 0.0175800
f 2337/2909/2337 2338/2910/2338 2343/2915/2343
f 2337/2909/2337 2343/2915/2343 2342/2914/2342
vt 1.6384460 0.0960390
f 2340/2911/2340 2341/2913/2341 2345/2916/2345
vt 1.6404210 0.1313300
f 2340/2911/2340 2345/2916/2345 2344/2917/2344
vt 1.6327480 0.0614930
f 2341/2913/2341 2342/2914/2342 2346/2918/2346
f 2341/2913/2341 2346/2918/2346 2345/2916/2345
vt 1.6223580 0.0406010
f 2342/2914/2342 2343/2915/2343 2347/2919/2347
f 2342/2914/2342 2347/2919/2347 2346/2918/2346
vt 1.6102411 0.1284550
vt 1.6323431 0.1480570
f 2348/2920/2348 2350/2921/2350 2344/2917/2344
vt 1.6185091 0.1161530
f 2348/2920/2348 2344/2917/2344 2349/2922/2349
vt 1.6131430 0.0806260
f 2345/2916/2345 2346/2918/2346 2352/2923/2352
vt 1.6113570 0.0983780
f 2345/2916/2345 2352/2923/2352 2351/2924/2351
vt 1.5977200 0.0786790
f 2346/2918/2346 2347/2919/2347 2353/2925/2353
f 2346/2918/2346 2353/2925/2353 2352/2923/2352
vt 1.8398080 0.0801300
f 2322/2892/2322 2319/2891/2319 2355/2926/2355
vt 1.8262990 0.0797140
f 2322/2892/2322 2355/2926/2355 2354/2927/2354
f 2326/2897/2326 2354/2927/2354 2355/2926/2355
f 2326/2897/2326 2355/2926/2355 2328/2899/2328
vt 1.5956870 0.1016470
f 2351/2924/2351 2356/2928/2356 2348/2920/2348
f 2351/2924/2351 2348/2920/2348 2349/2922/2349
f 2356/2928/2356 2351/2924/2351 2352/2923/2352
f 2356/2928/2356 2352/2923/2352 2353/2925/2353
f 2326/2897/2326 2324/2895/2324 2354/2927/2354
f 2324/2895/2324 2322/2892/2322 2354/2927/2354
f 2339/2912/2339 2340/2911/2340 2344/2917/2344
f 2339/2912/2339 2344/2917/2344 2350/2921/2350
f 2344/2917/2344 2345/2916/2345 2351/2924/2351
f 2344/2917/2344 2351/2924/2351 2349/2922/2349
vt 1.4427119 0.4850020
vt 1.4407150 0.5070280
vt 1.4626710 0.5125830
f 1775/2929/1775 2358/2930/2358 1774/2931/1774
vt 1.4563360 0.4955080
f 1775/2929/1775 1774/2931/1774 1776/2932/1776
vt 1.4154720 0.5027420
f 2357/2933/2357 2358/2930/2358 1775/2929/1775
vt 1.4186360 0.4757690
f 2357/2933/2357 1775/2929/1775 1777/2934/1777
vt 1.8558530 0.1270670
vt 1.8708780 0.1247450
vt 1.8704940 0.1075860
f 1778/2935/1778 1781/2936/1781 2360/2937/2360
vt 1.8563740 0.1082640
f 1778/2935/1778 2360/2937/2360 2359/2938/2359
vt 1.8363440 0.1068240
f 1782/2939/1782 1778/2935/1778 2359/2938/2359
vt 1.8882970 0.1070700
f 1783/2940/1783 2360/2937/2360 1781/2936/1781
vt 1.8689190 0.0890630
f 1785/2941/1785 2360/2937/2360 1783/2940/1783
vt 1.8787760 0.0943580
f 1785/2941/1785 1783/2940/1783 1786/2942/1786
f 2359/2938/2359 2360/2937/2360 1785/2941/1785
vt 1.8544461 0.0859670
f 2359/2938/2359 1785/2941/1785 1787/2943/1787
f 1782/2939/1782 2359/2938/2359 1787/2943/1787
vt 1.3458430 0.9574200
vt 1.3707960 0.9730630
vt 1.3808640 0.9522000
f 1788/2944/1788 1791/2945/1791 2362/2946/2362
vt 1.3568259 0.9376520
f 1788/2944/1788 2362/2946/2362 2361/2947/2361
vt 1.3212121 0.9408800
f 1792/2948/1792 1788/2944/1788 2361/2947/2361
vt 1.3335830 0.9249080
f 1792/2948/1792 2361/2947/2361 2363/2949/2363
vt 1.3076870 0.9207980
f 1794/2950/1794 1792/2948/1792 2363/2949/2363
vt 1.3100940 0.9150420
f 1794/2950/1794 2363/2949/2363 1795/2951/1795
vt 1.4171900 0.9797330
vt 1.3973190 0.9643280
vt 1.3872900 0.9820350
f 1796/2952/1796 2364/2953/2364 1798/2954/1798
vt 1.4173501 0.9609050
f 2364/2953/2364 1796/2952/1796 1801/2955/1801
vt 1.4079310 0.9458450
f 2364/2953/2364 1801/2955/1801 1800/2956/1800
vt 1.3939850 0.9324950
f 2361/2947/2361 2362/2946/2362 1803/2957/1803
vt 1.3709880 0.9156220
f 2361/2947/2361 1803/2957/1803 1802/2958/1802
f 2363/2949/2363 2361/2947/2361 1802/2958/1802
vt 1.3467510 0.9076570
f 2363/2949/2363 1802/2958/1802 1804/2959/1804
f 1795/2951/1795 2363/2949/2363 1804/2959/1804
f 2364/2953/2364 2362/2946/2362 1791/2945/1791
f 2364/2953/2364 1791/2945/1791 1798/2954/1798
f 1803/2957/1803 2362/2946/2362 2364/2953/2364
f 1803/2957/1803 2364/2953/2364 1800/2956/1800
vt 1.9019080 0.6008870
vt 1.8691720 0.6098400
vt 1.8810290 0.6296680
f 1806/2960/1806 1809/2961/1809 2366/2962/2366
vt 1.9099090 0.6210370
f 1806/2960/1806 2366/2962/2366 2365/2963/2365
vt 1.9391050 0.5907070
f 1810/2964/1810 1806/2960/1806 2365/2963/2365
vt 1.9472860 0.6080260
f 1810/2964/1810 2365/2963/2365 2367/2965/2367
vt 1.9876180 0.5814480
f 1722/2966/1722 1810/2964/1810 2367/2965/2367
vt 1.9905350 0.5926980
f 1722/2966/1722 2367/2965/2367 1812/2967/1812
vt 1.8245080 0.6437440
vt 1.8545920 0.6371470
vt 1.8456900 0.6184040
f 1813/2968/1813 2368/2969/2368 1815/2970/1815
vt 1.8424430 0.6554700
f 2368/2969/2368 1813/2968/1813 1818/2971/1818
vt 1.8608470 0.6577470
f 2368/2969/2368 1818/2971/1818 1817/2972/1817
vt 1.8851730 0.6526950
f 2365/2963/2365 2366/2962/2366 1820/2973/1820
vt 1.9143990 0.6408980
f 2365/2963/2365 1820/2973/1820 1819/2974/1819
f 2367/2965/2367 2365/2963/2365 1819/2974/1819
vt 1.9490290 0.6268010
f 2367/2965/2367 1819/2974/1819 1821/2975/1821
f 1812/2967/1812 2367/2965/2367 1821/2975/1821
vt 1.9879479 0.6074240
f 1812/2967/1812 1821/2975/1821 1822/2976/1822
f 2368/2969/2368 2366/2962/2366 1809/2961/1809
f 2368/2969/2368 1809/2961/1809 1815/2970/1815
f 1820/2973/1820 2366/2962/2366 2368/2969/2368
f 1820/2973/1820 2368/2969/2368 1817/2972/1817
vt 1.5630530 0.0047590
vt 1.5599740 0.0160160
vt 1.5626920 0.0167830
f 2369/2977/2369 2372/2978/2372 2371/2979/2371
vt 1.5671690 0.0063300
f 2369/2977/2369 2371/2979/2371 2370/2980/2370
vt 1.5652810 0.0184830
f 2370/2980/2370 2371/2979/2371 2374/2981/2374
vt 1.5710710 0.0087800
f 2370/2980/2370 2374/2981/2374 2373/2982/2373
vt 1.5678110 0.0205560
f 2373/2982/2373 2374/2981/2374 2376/2983/2376
vt 1.5745770 0.0122030
f 2373/2982/2373 2376/2983/2376 2375/2984/2375
vt 1.5700510 0.0225600
f 2375/2984/2375 2376/2983/2376 2378/2985/2378
vt 1.5774610 0.0157450
f 2375/2984/2375 2378/2985/2378 2377/2986/2377
vt 1.5719230 0.0243890
f 2377/2986/2377 2378/2985/2378 1834/2987/1834
vt 1.5799320 0.0186010
f 2377/2986/2377 1834/2987/1834 1833/2988/1833
vt 1.5575410 0.0153170
vt 1.5562350 0.0241110
f 2372/2978/2372 1837/2989/1837 1836/2990/1836
vt 1.5576240 0.0242830
f 2372/2978/2372 1836/2990/1836 2379/2991/2379
f 2371/2979/2371 2372/2978/2372 2379/2991/2379
vt 1.5591990 0.0250350
f 2371/2979/2371 2379/2991/2379 2380/2992/2380
f 2374/2981/2374 2371/2979/2371 2380/2992/2380
vt 1.5607570 0.0261630
f 2374/2981/2374 2380/2992/2380 2381/2993/2381
f 2376/2983/2376 2374/2981/2374 2381/2993/2381
vt 1.5621970 0.0273890
f 2376/2983/2376 2381/2993/2381 2382/2994/2382
f 2378/2985/2378 2376/2983/2376 2382/2994/2382
vt 1.5634511 0.0285810
f 2378/2985/2378 2382/2994/2382 2383/2995/2383
vt 1.5563290 0.0312690
f 2379/2991/2379 1836/2990/1836 1843/2996/1843
vt 1.5570130 0.0313910
f 2379/2991/2379 1843/2996/1843 2384/2997/2384
f 2380/2992/2380 2379/2991/2379 2384/2997/2384
f 2381/2993/2381 2380/2992/2380 2384/2997/2384
vt 1.5581950 0.0322950
f 2381/2993/2381 2384/2997/2384 2385/2998/2385
f 2382/2994/2382 2381/2993/2381 2385/2998/2385
f 2383/2995/2383 2382/2994/2382 2385/2998/2385
vt 1.5590709 0.0331660
f 2383/2995/2383 2385/2998/2385 1845/2999/1845
vt 1.5579220 0.0336520
f 2384/2997/2384 1846/3000/1846 2385/2998/2385
f 2385/2998/2385 1846/3000/1846 1845/2999/1845
f 1837/2989/1837 2372/2978/2372 2369/2977/2369
vt 1.5596040 0.0039060
f 1837/2989/1837 2369/2977/2369 1847/3001/1847
f 1834/2987/1834 2378/2985/2378 2383/2995/2383
vt 1.5644799 0.0296480
f 1834/2987/1834 2383/2995/2383 1848/3002/1848
f 1848/3002/1848 2383/2995/2383 1845/2999/1845
f 1846/3000/1846 2384/2997/2384 1843/2996/1843
vt 1.0696100 0.0108380
vt 1.0754060 0.0093340
vt 1.0715150 0.0065700
f 2386/3003/2386 2389/3004/2389 2388/3005/2388
vt 1.0692800 0.0077910
f 2386/3003/2386 2388/3005/2388 2387/3006/2387
vt 1.0700940 0.0140410
vt 1.0793550 0.0150700
f 2390/3007/2390 2391/3008/2391 2389/3004/2389
f 2390/3007/2390 2389/3004/2389 2386/3003/2386
vt 1.0767690 0.0074550
vt 1.0706720 0.0039060
f 2389/3004/2389 1856/3009/1856 1855/3010/1855
f 2389/3004/2389 1855/3010/1855 2388/3005/2388
vt 1.0670290 0.0063270
f 2388/3005/2388 1855/3010/1855 1857/3011/1857
f 2388/3005/2388 1857/3011/1857 2387/3006/2387
vt 1.0670860 0.0107330
f 2387/3006/2387 1857/3011/1857 1858/3012/1858
f 2387/3006/2387 1858/3012/1858 2386/3003/2386
vt 1.0810410 0.0135100
f 2391/3008/2391 1859/3013/1859 1856/3009/1856
f 2391/3008/2391 1856/3009/1856 2389/3004/2389
vt 1.0673100 0.0136090
f 2386/3003/2386 1858/3012/1858 1860/3014/1860
f 2386/3003/2386 1860/3014/1860 2390/3007/2390
vt 1.0702730 0.0184520
vt 1.0797650 0.0193000
f 2390/3007/2390 2393/3015/2393 2392/3016/2392
f 2390/3007/2390 2392/3016/2392 2391/3008/2391
vt 1.0817200 0.0179400
f 2391/3008/2391 2392/3016/2392 1863/3017/1863
f 2391/3008/2391 1863/3017/1863 1859/3013/1859
vt 1.0675670 0.0179690
f 1860/3014/1860 1864/3018/1864 2393/3015/2393
f 1860/3014/1860 2393/3015/2393 2390/3007/2390
vt 1.3487591 0.0174250
vt 1.3426620 0.0152650
vt 1.3436331 0.0213220
f 2394/3019/2394 2397/3020/2397 2396/3021/2396
vt 1.3461760 0.0223890
f 2394/3019/2394 2396/3021/2396 2395/3022/2395
vt 1.3512909 0.0127870
vt 1.3425200 0.0063160
f 2398/3023/2398 2399/3024/2399 2397/3020/2397
f 2398/3023/2398 2397/3020/2397 2394/3019/2394
vt 1.3402840 0.0160010
vt 1.3419620 0.0235940
f 2397/3020/2397 1872/3025/1872 1871/3026/1871
f 2397/3020/2397 1871/3026/1871 2396/3021/2396
vt 1.3469040 0.0249160
f 2396/3021/2396 1871/3026/1871 1873/3027/1873
f 2396/3021/2396 1873/3027/1873 2395/3022/2395
vt 1.3505700 0.0192560
f 2395/3022/2395 1873/3027/1873 1874/3028/1874
f 2395/3022/2395 1874/3028/1874 2394/3019/2394
vt 1.3392791 0.0039290
vt 1.3392870 0.0043590
f 2399/3024/2399 1910/3029/1910 1909/3030/1909
f 2399/3024/2399 1909/3030/1909 1872/3025/1872
f 2399/3024/2399 1872/3025/1872 2397/3020/2397
vt 1.3531179 0.0151630
f 2394/3019/2394 1874/3028/1874 1875/3031/1875
f 2394/3019/2394 1875/3031/1875 2398/3023/2398
vt 1.8825420 0.2360020
vt 1.8761880 0.2405000
vt 1.8830730 0.2481640
f 1876/3032/1876 2402/3033/2402 2401/3034/2401
vt 1.8875090 0.2382140
f 1876/3032/1876 2401/3034/2401 2400/3035/2400
vt 1.8953010 0.2410640
vt 1.8933500 0.2528600
vt 1.9066941 0.2541080
f 2403/3036/2403 2406/3037/2406 2405/3038/2405
vt 1.9045300 0.2422800
f 2403/3036/2403 2405/3038/2405 2404/3039/2404
vt 1.9214630 0.2524810
f 2404/3039/2404 2405/3038/2405 2408/3040/2408
vt 1.9187191 0.2408900
f 2404/3039/2404 2408/3040/2408 2407/3041/2407
vt 1.9351200 0.2476070
f 2407/3041/2407 2408/3040/2408 2410/3042/2410
vt 1.9318860 0.2364310
f 2407/3041/2407 2410/3042/2410 2409/3043/2409
vt 1.9485641 0.2405320
f 2409/3043/2409 2410/3042/2410 2412/3044/2412
vt 1.9429080 0.2308120
f 2409/3043/2409 2412/3044/2412 2411/3045/2411
vt 1.9598020 0.2328090
f 2411/3045/2411 2412/3044/2412 2414/3046/2414
vt 1.9536160 0.2245890
f 2411/3045/2411 2414/3046/2414 2413/3047/2413
vt 1.9671880 0.2212200
f 2413/3047/2413 2414/3046/2414 2416/3048/2416
vt 1.9615470 0.2181360
f 2413/3047/2413 2416/3048/2416 2415/3049/2415
vt 1.9679270 0.2091390
vt 1.9719850 0.2118440
vt 1.9745770 0.1988740
f 2417/3050/2417 2418/3051/2418 1911/3052/1911
f 2417/3050/2417 1911/3052/1911 1895/3052/1895
f 2415/3049/2415 2416/3048/2416 2418/3051/2418
f 2415/3049/2415 2418/3051/2418 2417/3050/2417
vt 1.8751791 0.2482630
f 2401/3034/2401 2402/3033/2402 2420/3053/2420
vt 1.8822540 0.2572560
f 2401/3034/2401 2420/3053/2420 2419/3054/2419
vt 1.8901089 0.2621560
f 2405/3038/2405 2406/3037/2406 2422/3055/2422
vt 1.9050090 0.2673940
f 2405/3038/2405 2422/3055/2422 2421/3056/2421
f 2408/3040/2408 2405/3038/2405 2421/3056/2421
vt 1.9229480 0.2664740
f 2408/3040/2408 2421/3056/2421 2423/3057/2423
f 2410/3042/2410 2408/3040/2408 2423/3057/2423
vt 1.9400110 0.2614100
f 2410/3042/2410 2423/3057/2423 2424/3058/2424
f 2412/3044/2412 2410/3042/2410 2424/3058/2424
vt 1.9554369 0.2513220
f 2412/3044/2412 2424/3058/2424 2425/3059/2425
f 2414/3046/2414 2412/3044/2412 2425/3059/2425
vt 1.9654890 0.2398770
f 2414/3046/2414 2425/3059/2425 2426/3060/2426
f 2416/3048/2416 2414/3046/2414 2426/3060/2426
vt 1.9711080 0.2230510
f 2416/3048/2416 2426/3060/2426 2427/3061/2427
f 2418/3051/2418 2416/3048/2416 2427/3061/2427
f 2401/3034/2401 2406/3037/2406 2403/3036/2403
f 2401/3034/2401 2403/3036/2403 2400/3035/2400
f 2406/3037/2406 2401/3034/2401 2419/3054/2419
f 2406/3037/2406 2419/3054/2419 2422/3055/2422
vt 1.8872470 0.2673990
vt 1.9039270 0.2734190
f 2422/3055/2422 1913/3062/1913 1914/3063/1914
f 2422/3055/2422 1914/3063/1914 2421/3056/2421
vt 1.9239570 0.2730150
f 2421/3056/2421 1914/3063/1914 1915/3064/1915
f 2421/3056/2421 1915/3064/1915 2423/3057/2423
vt 1.9426000 0.2666090
f 2423/3057/2423 1915/3064/1915 1916/3065/1916
f 2423/3057/2423 1916/3065/1916 2424/3058/2424
vt 1.9592010 0.2552690
f 2424/3058/2424 1916/3065/1916 1917/3066/1917
f 2424/3058/2424 1917/3066/1917 2425/3059/2425
vt 1.9704241 0.2426140
f 2425/3059/2425 1917/3066/1917 1918/3067/1918
f 2425/3059/2425 1918/3067/1918 2426/3060/2426
vt 1.9765600 0.2241310
f 2426/3060/2426 1918/3067/1918 1919/3068/1919
f 2426/3060/2426 1919/3068/1919 2427/3061/2427
vt 1.9772630 0.2115760
f 2427/3061/2427 1919/3068/1919 1920/3069/1920
f 2427/3061/2427 1920/3069/1920 2418/3051/2418
f 2418/3051/2418 1920/3069/1920 1911/3052/1911
vt 1.8740250 0.2398600
f 1876/3032/1876 1921/3070/1921 2402/3033/2402
vt 1.8720050 0.2493010
f 2402/3033/2402 1921/3070/1921 1923/3071/1923
f 2402/3033/2402 1923/3071/1923 2420/3053/2420
vt 1.8791440 0.2608850
f 2420/3053/2420 1923/3071/1923 1912/3072/1912
f 2420/3053/2420 1912/3072/1912 2419/3054/2419
vt 1.4388360 0.5274080
f 1907/3073/1907 2358/2930/2358 2357/2933/2357
vt 1.4101239 0.5225010
f 1907/3073/1907 2357/2933/2357 1906/3074/1906
vt 1.3862010 0.4988390
f 1906/3074/1906 2357/2933/2357 1908/3075/1908
f 1774/2931/1774 2358/2930/2358 1907/3073/1907
f 1908/3075/1908 2357/2933/2357 1777/2934/1777
f 1913/3062/1913 2422/3055/2422 2419/3054/2419
f 1913/3062/1913 2419/3054/2419 1912/3072/1912
# 4391 faces, 3075 coords texture

# End of File
